Timestamp,Equipment_ID,Sensor1,Sensor2,Sensor3,Failure,Hour,DayOfWeek,IsWeekend,Sensor1_roll_mean_3,Sensor1_roll_std_3,Sensor1_roll_mean_5,Sensor1_roll_std_5,Sensor2_roll_mean_3,Sensor2_roll_std_3,Sensor2_roll_mean_5,Sensor2_roll_std_5,Sensor3_roll_mean_3,Sensor3_roll_std_3,Sensor3_roll_mean_5,Sensor3_roll_std_5,Sensor1_lag_1,Sensor1_lag_2,Sensor2_lag_1,Sensor2_lag_2,Sensor3_lag_1,Sensor3_lag_2,Sensor1_diff_1,Sensor2_diff_1,Sensor3_diff_1
2025-01-01 02:00:00,EQ_001,73.32107650354936,0.5024219456672758,138.09306349733112,1,2,2,0,70.59505358897682,2.4645215318333404,70.59505358897682,2.4645215318333404,0.45406370701039817,0.05564372040027633,0.45406370701039817,0.05564372040027633,133.023969247521,7.851997296323282,133.023969247521,7.851997296323282,68.52460613968192,69.93947812369916,0.3932467085745727,0.4665224667893459,123.97927049946809,136.9995737457638,4.796470363867442,0.1091752370927031,14.11379299786303
2025-01-01 02:45:00,EQ_001,78.48103182406709,0.7589563642018614,129.02277173786646,0,2,2,0,73.44223815576612,4.97931854892283,72.56654814774939,4.426782966782174,0.55154167281457,0.18773771264992548,0.530286871308264,0.15907241175737294,130.36503524488856,7.151995643758762,132.02366987010737,6.716023357523049,73.32107650354936,68.52460613968192,0.5024219456672758,0.3932467085745727,138.09306349733112,123.97927049946809,5.159955320517724,0.2565344185345856,-9.070291759464652
2025-01-01 03:10:00,EQ_001,87.8667990162493,0.5338483843461691,113.42165446147862,0,3,2,0,79.88963578128859,7.3744582638551295,75.62659832144936,7.843267234007209,0.5984088980717687,0.1399232715548221,0.5309991739158451,0.13776995685473023,126.84582989889206,12.47893876823242,128.30326678838162,10.150651346424457,78.48103182406709,73.32107650354936,0.7589563642018614,0.5024219456672758,129.02277173786646,138.09306349733112,9.385767192182215,-0.2251079798556923,-15.60111727638784
2025-01-01 03:25:00,EQ_001,74.87937456444999,0.631759753560796,128.9024750083651,0,3,2,0,80.40906846825546,6.70494537254393,76.61457760959954,7.235362040812156,0.6415215007029422,0.11287103007028901,0.564046631270135,0.1382543132307352,123.78230040257006,8.972784186821457,126.68384704090188,8.996715862301086,87.8667990162493,78.48103182406709,0.5338483843461691,0.7589563642018614,113.42165446147862,129.02277173786646,-12.987424451799313,0.09791136921462684,15.480820546886463
2025-01-01 03:45:00,EQ_001,72.26570529379804,0.4881931473008921,111.04930157723396,0,3,2,0,78.33729295816578,8.355622720502366,77.36279744042275,6.325894065374866,0.5512670950692857,0.07335121826314997,0.5830359190153989,0.11317596111775344,117.79114368235923,9.695528733857468,124.09785325645505,11.483151174100222,74.87937456444999,87.8667990162493,0.631759753560796,0.5338483843461691,128.9024750083651,113.42165446147862,-2.613669270651954,-0.14356660625990386,-17.853173431131125
2025-01-01 04:35:00,EQ_001,64.63304883795925,0.4633175588185312,125.82026567084726,0,4,2,0,70.59270956540243,5.3240946416981645,75.62519190730472,8.524704823513373,0.5277568198934064,0.0909239043604788,0.5752150416456498,0.12120564668653104,121.9240140854821,9.543035822151003,121.64329369115828,8.723925794760326,72.26570529379804,74.87937456444999,0.4881931473008921,0.631759753560796,111.04930157723396,128.9024750083651,-7.632656455838784,-0.024875588482360877,14.770964093613301
2025-01-01 05:50:00,EQ_001,73.79837300920933,0.4535382702701607,124.69267589808528,0,5,2,0,70.23237571365554,4.9093394338889675,74.68866014433317,8.388658358955873,0.46834965879652796,0.017867054825716967,0.5141314228593098,0.07271787230846957,120.52074771538884,8.221866189308018,120.77727452320205,7.992490455040835,64.63304883795925,72.26570529379804,0.4633175588185312,0.4881931473008921,125.82026567084726,111.04930157723396,9.165324171250077,-0.009779288548370513,-1.1275897727619792
2025-01-01 06:20:00,EQ_001,69.59468336200051,0.5871297297457244,119.6069271237237,0,6,2,0,69.34203506972302,4.587882426645052,71.03423701348342,4.092357801075969,0.5013285196114722,0.07446673328745292,0.5247876919392208,0.07988080134922138,123.37328956421875,3.3101328068203872,122.01432905565105,6.984494642732747,73.79837300920933,64.63304883795925,0.4535382702701607,0.4633175588185312,124.69267589808528,125.82026567084726,-4.203689647208819,0.13359145947556372,-5.085748774361591
2025-01-01 06:45:00,EQ_001,68.74443211807349,0.4322255029475148,106.87780806568594,0,6,2,0,70.71249616309444,2.706050392452256,69.80724852420812,3.5327110480914254,0.49096450098780003,0.08396053792875108,0.4848808418165646,0.06059233269684501,117.05913702916496,9.176644525419588,117.60939566711522,8.36336032770359,69.59468336200051,73.79837300920933,0.5871297297457244,0.4535382702701607,119.6069271237237,124.69267589808528,-0.8502512439270191,-0.15490422679820964,-12.729119058037753
2025-01-01 07:00:00,EQ_001,72.38638489740481,0.5350630099273559,123.86808520689203,0,7,2,0,70.2418334591596,1.9052709644325514,69.83138444492947,3.5540544251420534,0.518139414206865,0.07882661948270228,0.49425481434185736,0.06471793598132997,116.7842734654339,8.83984782616424,120.17315239304685,7.795115480582112,68.74443211807349,69.59468336200051,0.4322255029475148,0.5871297297457244,106.87780806568594,119.6069271237237,3.6419527793313193,0.10283750697984112,16.990277141206093
2025-01-01 07:05:00,EQ_001,80.24504612918444,0.5489187130147664,130.90980425185967,0,7,2,0,73.79195438155425,5.877733393002741,72.95378390317452,4.560701046294002,0.5054024086298791,0.06375060604375322,0.5113750451811045,0.0658011425994926,120.55189917481255,12.35443351686296,121.19106010924932,8.961869581649244,72.38638489740481,68.74443211807349,0.5350630099273559,0.4322255029475148,123.86808520689203,106.87780806568594,7.858661231779635,0.013855703087410465,7.0417190449676355
2025-01-01 07:10:00,EQ_001,71.4782815472862,0.563472146856177,140.12270445700764,0,7,2,0,74.70323752462515,4.820777414567043,72.48976561078989,4.571301447633111,0.5491512899327664,0.01420599641972327,0.5333618204983077,0.05973082432084961,131.63353130525311,8.151441429429388,124.27706582103379,12.447782070568962,80.24504612918444,72.38638489740481,0.5489187130147664,0.5350630099273559,130.90980425185967,123.86808520689203,-8.766764581898244,0.014553433841410612,9.212900205147974
2025-01-01 07:15:00,EQ_001,67.9576935181822,0.6109699841956223,130.23709546106983,0,7,2,0,73.22700706488428,6.327581627185853,72.16236764202623,4.878765642458027,0.5744536146888551,0.03245049368823385,0.5381298713882873,0.06574468221342385,133.75653472331237,5.523515374104172,126.40309948850302,12.358203510092437,71.4782815472862,80.24504612918444,0.563472146856177,0.5489187130147664,140.12270445700764,130.90980425185967,-3.5205880291040046,0.04749783733944535,-9.885608995937815
2025-01-01 07:35:00,EQ_001,83.77397090992183,0.6899881934895216,120.23903043284956,0,7,2,0,74.40331532513007,8.303946325950047,75.1682754003959,6.579875696433916,0.621476774847107,0.06390909169498653,0.5896824094966886,0.06294113672084567,130.19961011697566,9.941890013373301,129.07534396193574,7.615035547116899,67.9576935181822,71.4782815472862,0.6109699841956223,0.563472146856177,130.23709546106983,140.12270445700764,15.816277391739632,0.07901820929389924,-9.998065028220267
2025-01-01 07:50:00,EQ_001,76.05508733601309,0.6107080669286973,111.81571334058,0,7,2,0,75.9289172547057,7.908893525656821,75.90201588811756,6.394034365015525,0.637222081537947,0.04569698106033035,0.6048114208969569,0.055137807578455725,120.76394641149979,9.221902319790555,126.66486958867333,10.88212338491785,83.77397090992183,67.9576935181822,0.6899881934895216,0.6109699841956223,120.23903043284956,130.23709546106983,-7.718883573908741,-0.07928012656082428,-8.423317092269556
2025-01-01 08:15:00,EQ_001,80.5165094100826,0.4909466717695839,98.99973492348376,0,8,2,0,80.11518921867251,3.8750592677937923,75.95630854429719,6.441110194889905,0.5972143107292677,0.10020450555950211,0.5932170126479204,0.07302353402233477,110.3514928989711,10.695086468082534,120.28285572299815,15.948135771135657,76.05508733601309,83.77397090992183,0.6107080669286973,0.6899881934895216,111.81571334058,120.23903043284956,4.461422074069517,-0.11976139515911338,-12.815978417096247
2025-01-01 08:25:00,EQ_001,75.75150880730939,0.5190499679779066,128.8523148298899,0,8,2,0,77.44103518446836,2.6677605336846844,76.81095399630183,5.964241885479009,0.5402349022253959,0.06262826056914828,0.5843325768722663,0.0799235158812798,113.22258769798457,14.975934139820273,118.02877779757462,12.959396527473906,80.5165094100826,76.05508733601309,0.4909466717695839,0.6107080669286973,98.99973492348376,111.81571334058,-4.765000602773213,0.028103296208322692,29.85257990640615
2025-01-01 08:40:00,EQ_001,76.5390088444603,0.5513105798176082,139.54157433750285,0,8,2,0,77.60234235395076,2.554274123975583,78.52721706155744,3.509083341856573,0.5204357398550329,0.030205804433571022,0.5724006959966635,0.0794042276546412,122.46454136362551,21.012208907210656,119.88967357286121,15.558169580547967,75.75150880730939,80.5165094100826,0.5190499679779066,0.4909466717695839,128.8523148298899,98.99973492348376,0.787500037150906,0.032260611839701636,10.689259507612945
2025-01-01 09:10:00,EQ_001,75.09216966532696,0.4464036554885952,130.11463035408357,0,9,2,0,75.79422910569888,0.7243650119171385,76.79085681263848,2.1477344865738517,0.50558806776137,0.053733441739044534,0.5236837883964782,0.06205214480026934,132.83617317382547,5.841246758615898,121.86479355710802,16.22612676356977,76.5390088444603,75.75150880730939,0.5513105798176082,0.5190499679779066,139.54157433750285,128.8523148298899,-1.4468391791333346,-0.10490692432901305,-9.426943983419278
2025-01-01 09:30:00,EQ_001,75.9792262754884,0.4776534017628148,132.30874513154734,0,9,2,0,75.87013492842523,0.7295626046282045,76.77568460053354,2.154488925782325,0.49178921235633943,0.05386308150203912,0.4970728553633017,0.04002104868804875,133.98831660771125,4.932802294263344,125.9633999153015,15.630483037030874,75.09216966532696,76.5390088444603,0.4464036554885952,0.5513105798176082,130.11463035408357,139.54157433750285,0.8870566101614372,0.031249746274219614,2.194114777463767
2025-01-01 09:50:00,EQ_001,80.14577818662822,0.579994190194205,139.8706111169944,0,9,2,0,77.07239137581452,2.6983323042335643,76.70153835584264,1.9939635353087966,0.501350415815205,0.0698768137294629,0.514882359048226,0.05398903335299411,134.09799553420842,5.118188440663321,134.13757515400363,5.23291480286322,75.9792262754884,75.09216966532696,0.4776534017628148,0.4464036554885952,132.30874513154734,130.11463035408357,4.16655191113982,0.10234078843139016,7.561865985447071
2025-01-01 10:20:00,EQ_001,65.79562884334177,0.4895550781462529,124.1486550036191,0,10,2,0,73.9735444351528,7.382327971388516,74.71036236304913,5.341253581813661,0.5157342233677574,0.055968026386376185,0.5089833810818952,0.055021303551495544,132.1093370840536,7.862874708704177,133.19684318874948,6.65118890238717,80.14577818662822,75.9792262754884,0.579994190194205,0.4776534017628148,139.8706111169944,132.30874513154734,-14.350149343286446,-0.09043911204795207,-15.721956113375313
2025-01-01 11:40:00,EQ_001,77.46658950440445,0.4862551485372308,121.95024984028127,0,11,2,0,74.46933217812482,7.630161214129685,74.89587849503796,5.4359157054164955,0.5186014722925628,0.0531932490300138,0.4959722948258197,0.04996977674554861,128.65650532029827,9.773708248672527,129.67857828930514,7.0938805378912955,65.79562884334177,80.14577818662822,0.4895550781462529,0.579994190194205,124.1486550036191,139.8706111169944,11.67096066106268,-0.0032999296090220898,-2.1984051633378243
2025-01-01 12:30:00,EQ_001,74.82505754751519,0.7170942717497814,119.66387435296286,0,12,2,0,72.6957586317538,6.119907359798459,74.8424560714756,5.4348167823753055,0.564301499477755,0.13233270883566386,0.5501104180780569,0.10218991031242385,121.9209263989544,2.242534117752686,127.58842708908098,8.359920120340444,77.46658950440445,65.79562884334177,0.4862551485372308,0.4895550781462529,121.95024984028127,124.1486550036191,-2.641531956889267,0.23083912321255057,-2.2863754873184092
2025-01-01 12:35:00,EQ_001,83.85400317817755,0.4824114187567663,124.54740912141136,0,12,2,0,78.71521674336573,4.6421726903219875,76.41741145201344,6.812896710249331,0.5619202796812595,0.13439836094803226,0.5510620214768472,0.10136532768814346,122.0538444382185,2.4434149952891575,126.0361598870538,7.976085791274782,74.82505754751519,77.46658950440445,0.7170942717497814,0.4862551485372308,119.66387435296286,121.95024984028127,9.028945630662363,-0.23468285299301506,4.883534768448499
2025-01-01 12:40:00,EQ_001,71.86516471106117,0.5123204806784486,114.83570356112428,0,12,2,0,76.84807514558464,6.245199124065334,74.76128875690003,6.685259275347602,0.570608723728332,0.12773859961114722,0.537527279573696,0.1010539571641291,119.68232901183283,4.855879081407869,121.0291783758798,3.974312519428994,83.85400317817755,74.82505754751519,0.4824114187567663,0.7170942717497814,124.54740912141136,119.66387435296286,-11.98883846711638,0.0299090619216823,-9.711705560287086
2025-01-01 12:45:00,EQ_001,84.06224278998465,0.5551485376040468,118.03533416571902,0,12,2,0,79.92713689307446,6.982649033973313,78.4146115462286,5.435108497981307,0.5166268123464205,0.03655927356877828,0.5506459714652547,0.09746317929629546,119.13948228275154,4.949107345844185,119.80651420829977,3.706011009112124,71.86516471106117,83.85400317817755,0.5123204806784486,0.4824114187567663,114.83570356112428,124.54740912141136,12.197078078923482,0.04282805692559821,3.199630604594745
2025-01-01 12:55:00,EQ_001,72.18766612052866,0.6695051040430753,112.53421653459762,0,12,2,0,76.03835787385816,6.950758854269711,77.35882686945345,6.133194817214138,0.5789913741085235,0.08125953540972468,0.5872959625664237,0.10156462395365862,115.13508475381364,2.7627514585575534,117.92330754716302,4.62321437830324,84.06224278998465,71.86516471106117,0.5551485376040468,0.5123204806784486,118.03533416571902,114.83570356112428,-11.87457666945599,0.11435656643902847,-5.501117631121403
2025-01-01 13:10:00,EQ_001,78.10904981108598,0.4257529414301951,115.08846252857896,0,13,2,0,78.11965290719976,5.937295435544076,78.01562532216761,5.967626016925138,0.5501355276924391,0.1219533800101268,0.5290276965025064,0.09156156919783065,115.2193377429652,2.75289303082508,117.00822518228624,4.645329362714657,72.18766612052866,84.06224278998465,0.6695051040430753,0.5551485376040468,112.53421653459762,118.03533416571902,5.92138369055732,-0.24375216261288019,2.55424599398134
2025-01-01 13:25:00,EQ_001,73.76240682224248,0.4962963202951588,117.5850255412922,0,13,2,0,74.68637425128571,3.066917517663153,75.9973060509806,5.149888089266134,0.5305181219228097,0.1254277799157575,0.5318046768101848,0.08999137646920576,115.06923486815627,2.525459400331328,115.6157484662624,2.2424755692783473,78.10904981108598,72.18766612052866,0.4257529414301951,0.6695051040430753,115.08846252857896,112.53421653459762,-4.346642988843499,0.0705433788649637,2.4965630127132385
2025-01-01 13:35:00,EQ_001,78.10336048775339,0.4307579020126144,124.79441518086064,0,13,2,0,76.65827237369395,2.5078947468269983,77.24494520631903,4.627722043721187,0.45093572124598946,0.039363058407375584,0.5154921610770181,0.10111146980641732,119.15596775024392,5.040066843801219,117.60749079020968,4.580367122127535,73.76240682224248,78.10904981108598,0.4962963202951588,0.4257529414301951,117.5850255412922,115.08846252857896,4.340953665510909,-0.06553841828254442,7.2093896395684425
2025-01-01 14:00:00,EQ_001,77.7989522396552,0.5082439752934503,115.12797078805072,0,14,2,0,76.55490651655036,2.423160539958032,75.99228709625314,2.812866020668937,0.4784327325337412,0.04171754683467289,0.5061112486148989,0.09865852435350692,119.16913717006786,5.024151076464522,117.02601811467602,4.695568895752821,78.10336048775339,73.76240682224248,0.4307579020126144,0.4962963202951588,124.79441518086064,117.5850255412922,-0.30440824809819844,0.07748607328083595,-9.666444392809922
2025-01-01 14:10:00,EQ_001,79.16961077274452,0.4690790922950136,112.30003933802544,0,14,2,0,78.35730783338437,0.7197521409119663,77.38867602669632,2.0928208088537223,0.4693603232003594,0.038743802165473004,0.46602604626528643,0.03732870572165524,117.40747510231226,6.551676263717552,116.97918267536159,4.752396637216938,77.7989522396552,78.10336048775339,0.5082439752934503,0.4307579020126144,115.12797078805072,124.79441518086064,1.3706585330893262,-0.039164882998436734,-2.8279314500252752
2025-01-01 14:15:00,EQ_001,77.29590039614219,0.4247843594409417,107.03883335750106,0,14,2,0,78.08815446951397,0.9697556863268345,77.22604614370755,2.0540826593682104,0.4673691423431352,0.04175607520098692,0.4658323298674357,0.03759153898239882,111.48894782785908,4.105111225165407,115.36925684114601,6.569199173396076,79.16961077274452,77.7989522396552,0.4690790922950136,0.5082439752934503,112.30003933802544,115.12797078805072,-1.8737103766023324,-0.04429473285407193,-5.26120598052438
2025-01-01 14:45:00,EQ_001,68.61625712089845,0.5671340076450466,110.73301691152687,1,14,2,0,75.02725609659505,5.630575329718439,76.19681620343874,4.292788155861674,0.48699915312700065,0.0728471140205613,0.4799998673374134,0.059124603233813036,110.02396320235113,2.701321892009436,113.99885511519294,6.704710963549489,77.29590039614219,79.16961077274452,0.4247843594409417,0.4690790922950136,107.03883335750106,112.30003933802544,-8.679643275243734,0.14234964820410495,3.6941835540258126
2025-01-01 14:55:00,EQ_001,80.26576426666452,0.424803066826118,111.51571365809184,0,14,2,0,75.39264059456838,6.053474422926775,76.62929695922097,4.628670160450818,0.47224047797070207,0.08218020788506984,0.478808900300114,0.060410467750710684,109.76252130903993,2.3910270998653402,111.3431148106392,2.9227422037079536,68.61625712089845,77.29590039614219,0.5671340076450466,0.4247843594409417,110.73301691152687,107.03883335750106,11.649507145766066,-0.1423309408189286,0.7826967465649659
2025-01-01 15:00:00,EQ_001,74.80222423071673,0.4680946064333381,125.731278132412,0,15,2,0,74.56141520609323,5.8284857316947,76.02995135743329,4.633367440244627,0.4866772269681676,0.07296238426789795,0.47077902652809167,0.05814567168901277,115.99333623401024,8.442380461798601,113.46377627951145,7.148037696350749,80.26576426666452,68.61625712089845,0.424803066826118,0.5671340076450466,111.51571365809184,110.73301691152687,-5.463540035947787,0.0432915396072201,14.21556447432016
2025-01-01 15:10:00,EQ_001,75.1415918806523,0.6076007138598598,116.40370327547538,0,15,2,0,76.73652679267785,3.061115884983682,75.22434757901483,4.288330369214219,0.500166129039772,0.0955258177771294,0.4984833508410609,0.08426641229515815,117.88356502199308,7.22239997663483,114.28450906700144,7.2162775577876355,74.80222423071673,80.26576426666452,0.4680946064333381,0.424803066826118,125.731278132412,111.51571365809184,0.3393676499355678,0.1395061074265217,-9.327574856936621
2025-01-01 15:35:00,EQ_001,72.6886235564748,0.3486285607387173,109.9594540315799,0,15,2,0,74.2108132226146,1.3291307818393223,74.30289221108134,4.22647236744105,0.4747746270106384,0.12961524227202195,0.4832521911006159,0.10520015281882696,117.36481181315575,7.929716645807739,114.86863320181719,6.572650278082805,75.1415918806523,74.80222423071673,0.6076007138598598,0.4680946064333381,116.40370327547538,125.731278132412,-2.4529683241775047,-0.2589721531211425,-6.444249243895484
2025-01-01 15:40:00,EQ_001,72.82751886283842,0.3196860323744055,119.04535752910928,0,15,2,0,73.55257809998851,1.3778775609200717,75.14514455946934,3.071816948767935,0.4253051023243275,0.15853449143913428,0.43376259604648776,0.11373205094977025,115.13617161205485,4.673691044553104,116.53110132533368,6.311133602790073,72.6886235564748,75.1415918806523,0.3486285607387173,0.6076007138598598,109.9594540315799,116.40370327547538,0.13889530636362224,-0.02894252836431177,9.085903497529387
2025-01-01 16:25:00,EQ_001,75.98277388255788,0.5896839315865532,116.78757233882088,0,16,2,0,73.83297210062369,1.8630777634704383,74.28854648264803,1.4625587883965538,0.41933284156655865,0.1482364256526711,0.4667387689985748,0.13279115882927015,115.26412796650334,4.730652455873835,117.58547306147948,5.6717456428154795,72.82751886283842,72.6886235564748,0.3196860323744055,0.3486285607387173,119.04535752910928,109.9594540315799,3.155255019719462,0.2699978992121477,-2.257785190288402
2025-01-01 16:50:00,EQ_001,75.41141994637712,0.4788869761172306,123.93797298216252,0,16,2,0,74.7405708972578,1.6812011762113601,74.4103856257801,1.5394048314814917,0.4627523133593964,0.13572016026174957,0.4688972429353533,0.13290637028116004,119.92363428336422,3.6552133840413887,117.22681203142959,5.050537616517954,75.98277388255788,72.82751886283842,0.5896839315865532,0.3196860323744055,116.78757233882088,119.04535752910928,-0.5713539361807562,-0.11079695546932261,7.150400643341641
2025-01-01 16:55:00,EQ_001,80.32740187532676,0.4012820472848816,100.72327420654388,0,16,2,0,77.24053190142058,2.688528595152001,75.44754762471499,3.1055177744949445,0.4899509849962218,0.09468699341229962,0.4276335096203576,0.10894505088132962,113.81627317584241,11.889155724760954,114.09072621764331,9.007577399328849,75.41141994637712,75.98277388255788,0.4788869761172306,0.5896839315865532,123.93797298216252,116.78757233882088,4.915981928949634,-0.07760492883234898,-23.214698775618643
2025-01-01 18:10:00,EQ_001,74.8265755630661,0.4387562625359562,117.56616020624982,0,18,2,0,76.85513246159,3.0212583304562957,75.87513802603326,2.758475082421085,0.43964176197935617,0.03881004157066344,0.4456590499798054,0.0996662299935671,114.07580246498541,11.994478216336974,115.61206745257728,8.774745554542692,80.32740187532676,75.41141994637712,0.4012820472848816,0.4788869761172306,100.72327420654388,123.93797298216252,-5.500826312260656,0.03747421525107458,16.842885999705942
2025-01-01 18:15:00,EQ_001,76.1710736626826,0.5361503525206102,117.0016180372512,0,18,2,0,77.10835036702515,2.8676886589712436,76.54384898600208,2.179476010340935,0.45872955411381594,0.06961726956459878,0.48895191400904636,0.07530196527344392,111.76368415001497,9.565441221139105,115.20331955420565,8.621088012013123,74.8265755630661,80.32740187532676,0.4387562625359562,0.4012820472848816,117.56616020624982,100.72327420654388,1.3444980996165015,0.09739408998465399,-0.5645421689986136
2025-01-01 18:25:00,EQ_001,70.00822979630604,0.5108559705776523,136.25958915362062,0,18,2,0,73.66862634068492,3.240493161780136,75.34894016875172,3.6831012826119562,0.49525419521140623,0.05053675629597508,0.47318632180726616,0.05424855467598466,123.60912246570722,10.959261267606102,119.09772291716561,12.867763780412865,76.1710736626826,74.8265755630661,0.5361503525206102,0.4387562625359562,117.0016180372512,117.56616020624982,-6.162843866376562,-0.025294381942957855,19.25797111636942
2025-01-01 18:40:00,EQ_001,74.75268145173783,0.4871462488561069,122.95624488747094,0,18,2,0,73.64399497024216,3.2275455714865386,75.21719246982386,3.6920784690351023,0.5113841906514565,0.02450632176245716,0.47483817635504144,0.05459020453374717,125.40581735944757,9.859901969661305,118.90137729822729,12.78265222799308,70.00822979630604,76.1710736626826,0.5108559705776523,0.5361503525206102,136.25958915362062,117.0016180372512,4.744451655431789,-0.023709721721545396,-13.30334426614968
2025-01-01 18:45:00,EQ_001,78.37409746083301,0.3118150954502361,104.83357450579209,0,18,2,0,74.3783362362923,4.195478065767932,74.82653158692511,3.0665331815049077,0.43660577162799846,0.10872015623473676,0.4569447859881123,0.0887207915512727,121.3498028489612,15.77447593990696,119.72343735807695,11.376132049297807,74.75268145173783,70.00822979630604,0.4871462488561069,0.5108559705776523,122.95624488747094,136.25958915362062,3.621416009095185,-0.1753311534058708,-18.12267038167886
2025-01-01 19:15:00,EQ_001,87.27650069955448,0.4133825151785499,111.627375689503,0,19,2,0,80.1344265373751,6.444810391414586,77.31651661422279,6.3564161824046135,0.40411461982829766,0.08803223132367825,0.45187003651663105,0.0907243063567615,113.13906502758869,9.155419101925792,118.53568045472757,11.953075536619538,78.37409746083301,74.75268145173783,0.3118150954502361,0.4871462488561069,104.83357450579209,122.95624488747094,8.902403238721462,0.10156741972831379,6.793801183710912
2025-01-01 19:30:00,EQ_001,71.88429736787617,0.4353772690156197,114.51731205074924,0,19,2,0,79.17829850942123,7.727550410437002,76.4591613552615,6.821616064404086,0.3868582932148019,0.06591322664789705,0.431715419815633,0.07755868084546234,110.32608741534811,4.971288222306571,118.03881925742716,12.083704326685114,87.27650069955448,78.37409746083301,0.4133825151785499,0.3118150954502361,111.627375689503,104.83357450579209,-15.392203331678303,0.02199475383706978,2.8899363612462423
2025-01-01 19:40:00,EQ_001,71.81306436346742,0.380636316824352,108.9513720693748,0,19,2,0,76.99128747696602,8.907327141786741,76.82012826869378,6.431523859794231,0.40979870033950716,0.027545884598284366,0.40567148906497297,0.06522233559277335,111.69868660320901,2.78365513379028,112.57717584057801,6.809940119790867,71.88429736787617,87.27650069955448,0.4353772690156197,0.4133825151785499,114.51731205074924,111.627375689503,-0.07123300440875369,-0.05474095219126768,-5.5659399813744415
2025-01-01 20:05:00,EQ_001,77.35707778193202,0.4749953485401047,117.69475374819748,0,20,2,0,73.68481317109188,3.180473874165819,77.34100753473263,6.326835682754248,0.43033631146002543,0.04738106326784487,0.40324130900177246,0.06155067906715642,113.72114595610718,4.425730576197288,111.52487761272332,4.9605697580823,71.81306436346742,71.88429736787617,0.380636316824352,0.4353772690156197,108.9513720693748,114.51731205074924,5.544013418464601,0.09435903171575272,8.743381678822686
2025-01-01 20:10:00,EQ_001,72.23888477859515,0.5288693629279857,131.7972520836071,0,20,2,0,73.80300897466486,3.0852689625990903,76.11396499828504,6.662424744759166,0.4615003427641475,0.07503229554638645,0.4466521624973224,0.0573478176946784,119.48112596705978,11.52722441372678,116.91761312828632,8.933317650991158,77.35707778193202,71.81306436346742,0.4749953485401047,0.380636316824352,117.69475374819748,108.9513720693748,-5.11819300333687,0.053874014387880975,14.10249833540962
2025-01-01 20:35:00,EQ_001,83.9793883654776,0.3251468026761819,126.81359510442948,0,20,2,0,77.85845030866825,5.886288043098529,75.45454253146967,5.306602148095257,0.44300383804809074,0.10556189154499779,0.4290050199968488,0.07945857980381583,125.43520031207804,7.151579823909253,119.95485701127163,9.26061893320078,72.23888477859515,77.35707778193202,0.5288693629279857,0.4749953485401047,131.7972520836071,117.69475374819748,11.740503586882454,-0.2037225602518038,-4.983656979177624
2025-01-01 20:50:00,EQ_001,76.42932695362452,0.6032546204341658,111.61414201552768,0,20,2,0,77.54920003256576,5.949827132203361,76.36354844861934,4.917118078385044,0.4857569286794445,0.14397916885665454,0.46258049028055803,0.11173676687745139,123.40832973452142,10.513627213510825,119.37422300422732,9.764107797127078,83.9793883654776,72.23888477859515,0.3251468026761819,0.5288693629279857,126.81359510442948,131.7972520836071,-7.550061411853079,0.2781078177579839,-15.199453088901805
2025-01-01 21:10:00,EQ_001,74.11526386252976,0.3894295331514064,113.62692252971205,0,21,2,0,78.17465972721062,5.1584763177056185,76.82398834843181,4.472137476958153,0.4392769854205847,0.1456007072366853,0.4643391335459689,0.11018299678684434,117.3515532165564,8.255937188803586,120.30933309629476,8.680073314904176,76.42932695362452,83.9793883654776,0.6032546204341658,0.3251468026761819,111.61414201552768,126.81359510442948,-2.3140630910947664,-0.2138250872827594,2.012780514184371
2025-01-01 21:20:00,EQ_001,68.10340385992737,0.4691965715814258,99.12972981397932,1,21,2,0,72.88266489202722,4.297641679700984,74.97325356403087,5.887239754701088,0.48729357505566595,0.10805516248162261,0.46317937815423316,0.11007325486595593,108.1235981197397,7.853666129623259,116.59632830945111,12.98250975641458,74.11526386252976,76.42932695362452,0.3894295331514064,0.6032546204341658,113.62692252971205,111.61414201552768,-6.01186000260239,0.07976703843001942,-14.497192715732723
2025-01-01 21:55:00,EQ_001,80.94196636724043,0.4194129933503811,118.12670981593624,0,21,2,0,74.3868780298992,6.423589534324499,76.71386988175995,6.157077264458364,0.42601303269440444,0.04029101009506924,0.4412881042387122,0.10448524862168813,110.29445405320921,9.927251478070492,113.86221985591696,10.100488566040458,68.10340385992737,74.11526386252976,0.4691965715814258,0.3894295331514064,99.12972981397932,113.62692252971205,12.838562507313057,-0.04978357823104468,18.996980001956913
2025-01-01 22:05:00,EQ_001,72.3456561353984,0.6615582823548232,98.79299847364932,0,22,2,0,73.79700878752207,6.541176515288835,74.38712343574409,4.766109239685527,0.51672261576221,0.12787739793789415,0.5085704001744404,0.1183894858347797,105.3498127011883,11.066398325992592,108.25810052976092,8.808973013664671,80.94196636724043,68.10340385992737,0.4194129933503811,0.4691965715814258,118.12670981593624,99.12972981397932,-8.596310231842025,0.24214528900444204,-19.333711342286918
2025-01-01 22:15:00,EQ_001,80.22080438534536,0.4407535740847105,124.57686586053552,0,22,2,0,77.83614229599472,4.768552962986558,75.14541892208827,5.427922418585003,0.5072416165966382,0.13406744606563548,0.4760701909045494,0.1077230056054102,113.8321913833737,13.417679411204064,110.85064529876249,11.53066203424813,72.3456561353984,80.94196636724043,0.6615582823548232,0.4194129933503811,98.79299847364932,118.12670981593624,7.87514824994696,-0.22080470827011267,25.7838673868862
2025-01-01 22:35:00,EQ_001,73.2035395460647,0.542406104446409,133.88337778208447,0,22,2,0,75.25666668893616,4.320415291179487,74.96307405879524,5.4861825285701995,0.5482393202953143,0.11051787006596399,0.5066655051635499,0.09827317452279864,119.08441403875644,18.178529925805016,114.90193634923699,15.592938484287655,80.22080438534536,72.3456561353984,0.4407535740847105,0.6615582823548232,124.57686586053552,98.79299847364932,-7.0172648392806565,0.10165253036169852,9.306511921548946
2025-01-01 22:40:00,EQ_001,77.95327415346155,0.4526160652929084,116.14978188287137,0,22,2,0,77.12587269495721,3.581053802486464,76.9330481175021,3.9646887442828365,0.4785919146080093,0.055582081581788303,0.5033494039058464,0.10011606470984753,124.87000850849711,8.870431519277385,118.30594676301538,12.917208553887933,73.2035395460647,80.22080438534536,0.542406104446409,0.4407535740847105,133.88337778208447,124.57686586053552,4.749734607396846,-0.08979003915350064,-17.7335958992131
2025-01-01 23:30:00,EQ_001,81.03254483254179,0.5560919447941238,117.12552480599643,0,23,2,0,77.39645284402268,3.944092851582696,76.95116381056235,3.9877259888322634,0.5170380381778137,0.05620914960478724,0.530685194194595,0.08957278199990402,122.38622815698409,9.968769015754583,118.10570976102743,12.928436710669343,77.95327415346155,73.2035395460647,0.4526160652929084,0.542406104446409,116.14978188287137,133.88337778208447,3.0792706790802384,0.10347587950121545,0.9757429231250683
2025-01-01 23:40:00,EQ_001,76.8433665443645,0.5696954404510736,119.54487754698758,0,23,2,0,78.60972851012262,2.170369305975082,77.85070589235559,3.096888509780989,0.5261344835127019,0.06403110288506265,0.5123126258138451,0.0608264146253067,117.60672807861846,1.7479519685373222,122.25608557569508,7.272210681057757,81.03254483254179,77.95327415346155,0.5560919447941238,0.4526160652929084,117.12552480599643,116.14978188287137,-4.189178288177288,0.013603495656949738,2.419352740991144
2025-01-02 00:15:00,EQ_001,78.7312678301361,0.3873232531090195,108.69930660959642,0,0,3,0,78.86905973568079,2.0979856146931803,77.55279858131374,2.875636990215756,0.5043702127847389,0.10159358666037557,0.5016265616187068,0.07862902840163208,115.12323632086014,5.693283026758767,119.08057372550725,9.21304849127717,76.8433665443645,81.03254483254179,0.5696954404510736,0.5560919447941238,119.54487754698758,117.12552480599643,1.8879012857716049,-0.18237218734205407,-10.845570937391159
2025-01-02 00:20:00,EQ_001,78.22742090570537,0.3806074993600944,115.49987142004188,0,0,3,0,77.93401842673532,0.9775513169159602,78.55757485324186,1.5466364100615058,0.44587539764006245,0.10728386452954815,0.4692668406014439,0.09010685465695813,114.5813518588753,5.480817537346197,115.40387245309873,4.050580509038007,78.7312678301361,76.8433665443645,0.3873232531090195,0.5696954404510736,108.69930660959642,119.54487754698758,-0.5038469244307322,-0.00671575374892508,6.800564810445465
2025-01-02 00:55:00,EQ_001,76.39510762885169,0.4457326200265978,138.48608833296413,0,0,3,0,77.78459878823105,1.2294225035804074,78.24594154831989,1.829880140667389,0.4045544574985705,0.03581907507170486,0.4678901515481818,0.09047667638765257,120.89508878753414,15.609111736122514,119.8711337431173,11.158841805061881,78.22742090570537,78.7312678301361,0.3806074993600944,0.3873232531090195,115.49987142004188,108.69930660959642,-1.8323132768536823,0.06512512066650339,22.986216912922245
2025-01-02 01:10:00,EQ_001,72.76783192724736,0.483185618141521,120.98067539538944,0,1,3,0,75.79678682060147,2.77853716829813,76.59299896726101,2.3439964053032916,0.436508579176071,0.051907415755296234,0.4533088862176612,0.07767793179844722,124.98887838279849,12.005865665714673,120.64216386099591,11.054402728672587,76.39510762885169,78.22742090570537,0.4457326200265978,0.3806074993600944,138.48608833296413,115.49987142004188,-3.627275701604333,0.0374529981149232,-17.50541293757469
2025-01-02 01:30:00,EQ_001,75.66484837073438,0.3927256974260193,118.05302703883318,0,1,3,0,74.94259597561114,1.9184677859058428,76.35729533253497,2.371617337459388,0.44054797853137934,0.04545227931071326,0.4179149376126504,0.044710958171635076,125.83993025572893,11.049288068048996,120.34379375936501,11.111410209689504,72.76783192724736,76.39510762885169,0.483185618141521,0.4457326200265978,120.98067539538944,138.48608833296413,2.8970164434870185,-0.09045992071550168,-2.9276483565562614
2025-01-02 01:50:00,EQ_001,72.20539076364206,0.246971247725367,118.8377095687804,0,1,3,0,73.54602368720793,1.8563804958225458,75.05211991923618,2.529003114558235,0.3742941877643024,0.11918094482375267,0.3898445365359199,0.08992001444474175,119.29047066766769,1.5154292079844853,122.3714743512018,9.21914466053403,75.66484837073438,72.76783192724736,0.3927256974260193,0.483185618141521,118.05302703883318,120.98067539538944,-3.459457607092318,-0.14575444970065232,0.7846825299472187
2025-01-02 02:05:00,EQ_001,74.67124869463507,0.6958347454220594,129.8544968561522,0,2,3,0,74.18049594300383,1.781176698489702,74.34088547702211,1.8108479636540715,0.4451772301911485,0.22898249356268618,0.4528899857483129,0.16279855476739022,122.24841115458861,6.598737488554204,125.24239943842386,8.768354431865678,72.20539076364206,75.66484837073438,0.246971247725367,0.3927256974260193,118.8377095687804,118.05302703883318,2.4658579309930104,0.44886349769669237,11.016787287371798
2025-01-02 02:55:00,EQ_001,72.17960684631636,0.5097983153470895,116.07528893939129,0,2,3,0,73.01874876819782,1.4311649827167696,73.49778532051505,1.5822364465249363,0.4842014361648386,0.2255238569620299,0.4657031248124112,0.16460553238551312,121.5891651214413,7.290029042948646,120.76023955970929,5.378847256745354,74.67124869463507,72.20539076364206,0.6958347454220594,0.246971247725367,129.8544968561522,118.8377095687804,-2.4916418483187073,-0.18603643007496984,-13.77920791676091
2025-01-02 03:00:00,EQ_001,68.59847800664552,0.5308050539504102,129.96570510579448,0,3,3,0,71.81644451586565,3.052630196391341,72.66391453639469,2.7389581261490856,0.5788127049065196,0.10188689435595946,0.47522701197418904,0.16722666252635085,125.29849696711267,7.987725994340762,122.55724550179029,6.78737510803558,72.17960684631636,74.67124869463507,0.5097983153470895,0.6958347454220594,116.07528893939129,129.8544968561522,-3.581128839670839,0.021006738603320696,13.890416166403199
2025-01-02 03:05:00,EQ_001,79.36228664140073,0.4608351432578209,115.33504620771802,0,3,3,0,73.3801238314542,5.481407196615779,73.40340219052794,3.9729064138597914,0.5004795041851069,0.03590372239318198,0.4888489011405494,0.1615022494421349,120.45868008430129,8.241640212659375,122.01364933556727,7.325785591837863,68.59847800664552,72.17960684631636,0.5308050539504102,0.5097983153470895,129.96570510579448,116.07528893939129,10.763808634755208,-0.06996991069258934,-14.630658898076462
2025-01-02 03:40:00,EQ_001,74.77206991822251,0.6126050250772168,118.13103841838016,0,3,3,0,74.24427818875625,5.401279215489389,73.91673802144403,3.945136027012403,0.5347484074284826,0.0759617455325906,0.5619756566109193,0.09274302327069477,121.1439299106309,7.766735563029382,121.87231510548722,7.40872349766405,79.36228664140073,68.59847800664552,0.4608351432578209,0.5308050539504102,115.33504620771802,129.96570510579448,-4.590216723178216,0.15176988181939594,2.795992210662135
2025-01-02 04:00:00,EQ_001,68.74230287904778,0.4094267699137381,124.6667098196608,1,4,3,0,74.29221981289034,5.32622810916419,72.73094885832658,4.5119675884418,0.49428897941625854,0.10563957690234062,0.504694061509255,0.07640692859584178,119.37759814858634,4.7890938404195555,120.83475769818895,6.290221079384118,74.77206991822251,79.36228664140073,0.6126050250772168,0.4608351432578209,118.13103841838016,115.33504620771802,-6.029767039174729,-0.2031782551634787,6.535671401280638
2025-01-02 04:20:00,EQ_001,76.71362673188852,0.2864325786021304,129.32191564260384,0,4,3,0,73.40933317638627,4.156716199403075,73.63775283544102,4.8186534385240005,0.43615479119769507,0.16472069254104796,0.4600209141602633,0.12347636007861243,124.03988796021495,5.621709036807529,123.48408303883146,6.567956459484419,68.74230287904778,74.77206991822251,0.4094267699137381,0.6126050250772168,124.6667098196608,118.13103841838016,7.97132385284074,-0.12299419131160771,4.655205822943046
2025-01-02 04:55:00,EQ_001,78.54501878794257,0.5645215585950057,109.43442357239748,0,4,3,0,74.6669827996263,5.21199322109347,75.62706099170042,4.236092464407629,0.420126969036958,0.13935293643955554,0.4667642150891824,0.12910100280149667,121.14101634488738,10.401969576439685,119.37782673215206,7.804277840355083,76.71362673188852,68.74230287904778,0.2864325786021304,0.4094267699137381,129.32191564260384,124.6667098196608,1.8313920560540424,0.27808897999287535,-19.887492070206363
2025-01-02 05:20:00,EQ_001,74.79921024677829,0.4805091719647319,101.79396699451485,0,5,3,0,76.68595192220312,1.8730576147260953,74.71444571277593,3.6860212436006643,0.443821103053956,0.14262847190750788,0.4706990208305646,0.12917491258273162,113.51676873650541,14.210775690374662,116.6696108895114,11.178135959210044,78.54501878794257,76.71362673188852,0.5645215585950057,0.2864325786021304,109.43442357239748,129.32191564260384,-3.74580854116428,-0.08401238663027383,-7.640456577882631
2025-01-02 05:50:00,EQ_001,72.7690828339261,0.4981291243554102,129.1136272217472,0,5,3,0,75.37110395621566,2.930128981358288,74.31384829591664,3.7856880207725623,0.5143866183050493,0.044302932848407306,0.44780384068620327,0.10575772115068537,113.44733926288654,14.094984142846211,118.86612865018483,12.533926108570133,74.79921024677829,78.54501878794257,0.4805091719647319,0.5645215585950057,101.79396699451485,109.43442357239748,-2.030127412852181,0.017619952390678262,27.31966022723236
2025-01-02 07:10:00,EQ_001,76.04191403973776,0.5800409525227682,135.1639405525357,0,7,3,0,74.53673570681406,1.652127624770837,75.77377052805465,2.1571371899907525,0.5195597496143034,0.05311400577534639,0.4819266772080093,0.11718659976323699,122.02384492293261,17.778851020220444,120.96557479675982,14.476971153087158,72.7690828339261,74.79921024677829,0.4981291243554102,0.4805091719647319,129.1136272217472,101.79396699451485,3.2728312058116558,0.08191182816735804,6.050313330788498
2025-01-02 07:50:00,EQ_001,72.14410505108602,0.4836933036056236,123.34176417244898,1,7,3,0,73.6517006415833,2.09343960357088,74.85986619189416,2.5849564569985053,0.520621126827934,0.05196282319488879,0.5213788222087079,0.04725890474185597,129.206443982244,5.911634698097007,119.76954450272885,13.847347908221355,76.04191403973776,72.7690828339261,0.5800409525227682,0.4981291243554102,135.1639405525357,129.1136272217472,-3.8978089886517466,-0.09634764891714459,-11.82217638008673
2025-01-02 08:05:00,EQ_001,79.62316841456385,0.4855481329284482,111.396149892205,0,8,3,0,75.9363958351292,3.7406480410962373,75.0754961172184,2.9834634497159525,0.5164274630189466,0.055098703551841696,0.5055841370753964,0.04215684555531271,123.30061820572992,11.883948752887695,120.16188976669034,13.50486500296745,72.14410505108602,76.04191403973776,0.4836933036056236,0.5800409525227682,123.34176417244898,135.1639405525357,7.4790633634778345,0.0018548293228245472,-11.945614280243973
2025-01-02 08:20:00,EQ_001,78.49111656806795,0.3106385333046214,125.56553124533758,0,8,3,0,76.75279667790593,4.0311802526219145,75.81387738147635,3.3342282220997204,0.4266266566128977,0.10045294251233282,0.4716100093433743,0.09837762231217805,120.10114843666388,7.620304110919128,124.91620261685489,8.77961866871865,79.62316841456385,72.14410505108602,0.4855481329284482,0.4836933036056236,111.396149892205,123.34176417244898,-1.132051846495898,-0.1749095996238268,14.169381353132579
2025-01-02 08:30:00,EQ_001,79.47596610013866,0.5001205475362224,124.86036289417638,0,8,3,0,79.19675036092349,0.6155131335380807,77.15525403471885,3.1469022333648544,0.4321024045897639,0.10544284156620298,0.47200829397953675,0.09851576074537191,120.60734801057303,7.984919766831807,124.06554975134073,8.471916978247732,78.49111656806795,79.62316841456385,0.3106385333046214,0.4855481329284482,125.56553124533758,111.396149892205,0.9848495320707116,0.189482014231601,-0.7051683511612055
2025-01-02 08:45:00,EQ_001,72.32382394219717,0.5937570137626559,115.28875348182122,0,8,3,0,76.76363553680126,3.8763936070645455,76.41163601521073,3.838955804162135,0.46817203153449977,0.14423782184382417,0.47475150622751433,0.10239078309432957,121.90488254044509,5.7405738729805575,120.09051233719784,6.3629154345063075,79.47596610013866,78.49111656806795,0.5001205475362224,0.3106385333046214,124.86036289417638,125.56553124533758,-7.152142157941498,0.09363646622643351,-9.571609412355158
2025-01-02 09:30:00,EQ_001,73.3982634590284,0.5635418030209226,115.48841141591,0,9,3,0,75.06601783378808,3.856726312917318,76.66246769679921,3.517965947653121,0.5524731214399335,0.04778947306467607,0.490721206110574,0.11007281038387219,118.54584259730257,5.469446110657539,118.51984178589002,6.328910565738824,72.32382394219717,79.47596610013866,0.5937570137626559,0.5001205475362224,115.28875348182122,124.86036289417638,1.0744395168312337,-0.030215210741733278,0.1996579340887763
2025-01-02 09:50:00,EQ_001,74.87822703869509,0.6360658595838651,115.88573392883998,1,9,3,0,73.53343814664022,1.2825552393476505,75.71347942162545,3.1392359695139667,0.5977882254558144,0.036429695248140784,0.5208247514416574,0.12750616136371207,115.5542996088571,0.30389530106565205,119.41775859321702,5.30048820483781,73.3982634590284,72.32382394219717,0.5635418030209226,0.5937570137626559,115.48841141591,115.28875348182122,1.4799635796666877,0.07252405656294247,0.3973225129299891
2025-01-02 10:30:00,EQ_001,73.71311731288327,0.5807122596637311,95.1167264658701,0,10,3,0,73.99653593686892,0.7796266007530274,74.75787957058853,2.790140451726684,0.5934399740895061,0.03790027349458289,0.5748394967134793,0.04962758445470625,108.83029060354005,11.877956360978585,113.32799763732355,10.951025205557977,74.87822703869509,73.3982634590284,0.6360658595838651,0.5635418030209226,115.88573392883998,115.48841141591,-1.165109725811817,-0.055353599920134,-20.76900746296988
2025-01-02 11:30:00,EQ_001,80.39340416715648,0.4475911602065408,114.13468730436064,0,11,3,0,76.32824950624494,3.5684004793665727,74.94136718399207,3.180801527063718,0.5547897598180456,0.0968744552244309,0.5643336192475431,0.07054951988890364,108.3790492330236,11.51883001677664,111.18286251936038,9.004819385208537,73.71311731288327,74.87822703869509,0.5807122596637311,0.6360658595838651,95.1167264658701,115.88573392883998,6.680286854273206,-0.1331210994571903,19.017960838490538
2025-01-02 11:55:00,EQ_001,67.11803921507875,0.4990699678861385,116.63745261318928,0,11,3,0,73.74152023170616,6.637728052358121,73.90021023856839,4.727654872655655,0.5091244625854701,0.06712768749120489,0.5453962100722396,0.07333045025616222,108.62962212780671,11.769227690275969,111.452602345634,9.177111518168418,80.39340416715648,73.71311731288327,0.4475911602065408,0.5807122596637311,114.13468730436064,95.1167264658701,-13.275364952077723,0.05147880767959773,2.502765308828643
2025-01-02 12:35:00,EQ_001,71.64188316030975,0.4180742140278502,111.43227906173207,0,12,3,0,73.05110884751498,6.74894557918665,73.54893417882467,4.838233113749774,0.45491178070684307,0.04099111671021067,0.5163026922736252,0.09104790494962353,114.06813965976069,2.603224801462699,110.6413758747984,8.906454394381964,67.11803921507875,80.39340416715648,0.4990699678861385,0.4475911602065408,116.63745261318928,114.13468730436064,4.523843945230993,-0.08099575385828828,-5.205173551457207
2025-01-02 12:40:00,EQ_001,74.87222964504278,0.452377912645534,114.44453220513134,0,12,3,0,71.21071734014377,3.895034695531775,73.5477347000942,4.8378218973470934,0.45650736485317417,0.040655470940814536,0.4795651028859589,0.06354878602124998,114.17142129335093,2.6133120944118633,110.35313553005669,8.715575335413892,71.64188316030975,67.11803921507875,0.4180742140278502,0.4990699678861385,111.43227906173207,116.63745261318928,3.230346484733033,0.03430369861768379,3.0122531433992634
2025-01-02 13:15:00,EQ_001,66.3014311061095,0.4896778247067503,114.70667887551627,0,13,3,0,70.93851463715401,4.328474599471527,72.06539745873945,5.811906501395448,0.45337665046004477,0.03581225172312398,0.4613582158945627,0.03304488980125613,113.52783004745993,1.819527595157275,114.27112601198591,1.8639303310629625,74.87222964504278,71.64188316030975,0.452377912645534,0.4180742140278502,114.44453220513134,111.43227906173207,-8.570798538933275,0.0372999120612163,0.26214667038493644
2025-01-02 13:20:00,EQ_001,73.18779529298433,0.5265362349399628,104.85529690819232,0,13,3,0,71.45381868137888,4.540886814923002,70.62427568390503,3.762743348848674,0.48953065743074897,0.037079380186787775,0.47714723084124716,0.04236754756692002,111.33550266294667,5.6135532586022014,112.41524793275225,4.618299202147772,66.3014311061095,74.87222964504278,0.4896778247067503,0.452377912645534,114.70667887551627,114.44453220513134,6.886364186874829,0.03685841023321251,-9.85138196732396
2025-01-02 14:20:00,EQ_001,67.21709050670124,0.5615771149771142,127.75155494034784,0,14,3,0,68.90210563526503,3.73964703096227,70.64408594222951,3.7398597721697793,0.5259303915412756,0.03595347368493353,0.48964866025944226,0.05711043380045978,115.77117690801884,11.485187199809364,114.63806839818396,8.336447028594447,73.18779529298433,66.3014311061095,0.5265362349399628,0.4896778247067503,104.85529690819232,114.70667887551627,-5.970704786283093,0.035040880037151334,22.89625803215553
2025-01-02 15:00:00,EQ_001,76.90967726115777,0.4449463150508416,118.14154247807252,0,15,3,0,72.43818768694778,4.889580060745277,71.69764476239912,4.707927060066078,0.5110198883226394,0.059843576364737305,0.49502308046404064,0.049440325005552524,116.91613144220425,11.497211928284374,115.97992108145206,8.23073202216877,67.21709050670124,73.18779529298433,0.5615771149771142,0.5265362349399628,127.75155494034784,104.85529690819232,9.692586754456528,-0.11663079992627257,-9.610012462275321
2025-01-02 15:45:00,EQ_001,75.2597294290365,0.3861166882219231,124.19609972024118,0,15,3,0,73.12883239896517,5.185759453806359,71.77514471919787,4.775948481460885,0.46421337274995955,0.08930288334406795,0.4817708355793184,0.06881363401812321,123.3630657128872,4.8588624310974655,117.93023458447401,8.903782301719207,76.90967726115777,67.21709050670124,0.4449463150508416,0.5615771149771142,118.14154247807252,127.75155494034784,-1.6499478321212706,-0.05882962682891851,6.054557242168656
2025-01-02 16:00:00,EQ_001,75.39317595158045,0.5670480617241213,130.4172466405885,0,16,3,0,75.85419421392491,0.9165071417300527,73.59349368829206,3.8024787969044467,0.4660370216656286,0.0922911366734702,0.49724488298279257,0.07898373094154655,124.25162961296742,6.1380404729966695,121.07234813748849,10.164633882809554,75.2597294290365,76.90967726115777,0.3861166882219231,0.4449463150508416,124.19609972024118,118.14154247807252,0.13344652254394873,0.18093137350219818,6.221146920347323
2025-01-02 16:20:00,EQ_001,79.99005054929826,0.5376409526097516,112.93107432012653,0,16,3,0,76.88098530997173,2.693356083102759,74.95394473955484,4.7257960487454325,0.49693523418526525,0.09709148836889905,0.4994658265167503,0.08016064371733274,122.51480689365208,8.86349901459802,122.68750361987532,7.133075783287058,75.39317595158045,75.2597294290365,0.5670480617241213,0.3861166882219231,130.4172466405885,124.19609972024118,4.5968745977178145,-0.02940710911436961,-17.486172320461975
2025-01-02 16:30:00,EQ_001,85.44187352390364,0.4130336918725306,136.4948089432392,0,16,3,0,80.27503334159412,5.030406754819406,78.59890134299533,4.273224389664008,0.5059075687354677,0.08176406465728102,0.4697571418958336,0.07890276807586226,126.61437663465144,12.233509821742265,124.43615442045359,9.397223618240426,79.99005054929826,75.39317595158045,0.5376409526097516,0.5670480617241213,112.93107432012653,130.4172466405885,5.451822974605378,-0.12460726073722106,23.56373462311268
2025-01-02 16:50:00,EQ_001,78.06386952531285,0.4099379265352131,107.06858456241352,1,16,3,0,81.16526453283825,3.8268239678795073,78.82973979582634,4.189514763920248,0.4535375236724984,0.07285215171845325,0.46275546419270797,0.08309667740720612,118.83148927525978,15.575199607380544,122.22156283732178,12.152360992757824,85.44187352390364,79.99005054929826,0.4130336918725306,0.5376409526097516,136.4948089432392,112.93107432012653,-7.378003998590785,-0.00309576533731748,-29.426224380825687
2025-01-02 17:05:00,EQ_001,84.57015676933393,0.5603187431082343,101.30183660467836,0,17,3,0,82.69196660618347,4.031678864632268,80.69182526388583,4.274305130292477,0.4610967871719926,0.08594267476414692,0.49759587516997017,0.07936632064294497,114.95507670344371,18.87548394673835,117.64271021420923,15.162669651309969,78.06386952531285,85.44187352390364,0.4099379265352131,0.4130336918725306,107.06858456241352,136.4948089432392,6.506287244021081,0.15038081657302116,-5.766747957735163
2025-01-02 17:15:00,EQ_001,76.08716436589862,0.4837207093927705,117.16861103256232,0,17,3,0,79.5737302201818,4.438473782463804,80.83062294674946,4.065391458832558,0.48465912634540587,0.07519480013986872,0.4809304047037,0.06923921556545214,108.5130107332181,8.031401366419079,114.99298309260398,13.430905813173228,84.57015676933393,78.06386952531285,0.5603187431082343,0.4099379265352131,101.30183660467836,107.06858456241352,-8.482992403435318,-0.07659803371546375,15.866774427883968
2025-01-02 17:25:00,EQ_001,77.47840943986303,0.3997812544218527,107.90523064581194,0,17,3,0,79.3785768583652,4.549534832588802,80.32829472486242,4.341046419991059,0.48127356897428575,0.08029671656178262,0.45335846506612026,0.0684549394843904,108.79189276101756,7.970461716001471,113.98781435774109,13.806609557405642,76.08716436589862,84.57015676933393,0.4837207093927705,0.5603187431082343,117.16861103256232,101.30183660467836,1.3912450739644129,-0.08393945497091782,-9.263380386750384
2025-01-02 17:30:00,EQ_001,75.75209452571788,0.5740824345420126,123.88978729352183,0,17,3,0,76.43922277715984,0.9154232023524977,78.39033892522528,3.5844557747299226,0.4858614661188785,0.08717030731470599,0.4855682136000167,0.08140203457080124,116.32120965729872,8.02590054910119,111.4668100277976,8.974920869761236,77.47840943986303,76.08716436589862,0.3997812544218527,0.4837207093927705,107.90523064581194,117.16861103256232,-1.7263149141451493,0.17430118012015988,15.984556647709894
2025-01-02 17:35:00,EQ_001,76.82480501233113,0.4486786433528414,122.51473608940512,0,17,3,0,76.68510299263734,0.8715952537906412,78.14252602262891,3.6548102137407583,0.4741807774389022,0.08990547525055174,0.49331635696354226,0.07390178680632764,118.103251342913,8.858465502408624,114.55604033319591,9.710720649021617,75.75209452571788,77.47840943986303,0.5740824345420126,0.3997812544218527,123.88978729352183,107.90523064581194,1.0727104866132464,-0.12540379118917117,-1.3750512041167156
2025-01-02 17:45:00,EQ_001,74.71190601483207,0.4005650625391487,112.44208499841638,0,17,3,0,75.7629351842937,1.0564912130809934,76.17087587172854,1.0545432456798625,0.4744420468113341,0.08958171864291715,0.4613656208497252,0.07220652939644019,119.61553612711447,6.250319373868258,116.78409001194352,6.729900554965436,76.82480501233113,75.75209452571788,0.4486786433528414,0.5740824345420126,122.51473608940512,123.88978729352183,-2.112898997499059,-0.04811358081369271,-10.072651090988742
2025-01-02 18:05:00,EQ_001,80.9351515278019,0.5784604287898024,113.8783308284518,0,18,3,0,77.49062085165504,3.1645977987093805,77.14047330410921,2.3684892249324925,0.4759013782272641,0.09201901055703539,0.48031356472913156,0.08982128468017256,116.27838397209113,5.448372813916191,116.12603397112142,6.842818081239136,74.71190601483207,76.82480501233113,0.4005650625391487,0.4486786433528414,112.44208499841638,122.51473608940512,6.223245512969839,0.17789536625065372,1.4362458300354177
2025-01-02 18:25:00,EQ_001,69.26827303490656,0.554711911517521,127.39653151724671,0,18,3,0,74.97177685918018,5.837778951262465,75.4984460231179,4.207583425301057,0.511245800948824,0.0965850268382273,0.5112996961482652,0.08142544446637187,117.90564911470499,8.250656768114489,120.02429414540839,6.533700767240766,80.9351515278019,74.71190601483207,0.5784604287898024,0.4005650625391487,113.8783308284518,112.44208499841638,-11.66687849289535,-0.023748517272281444,13.51820068879492
2025-01-02 18:40:00,EQ_001,74.67930826703504,0.5715381315441244,120.7268052432934,0,18,3,0,74.96091094324784,5.838534789862445,75.28388877138134,4.218753019337532,0.5682368239504826,0.012213598651859942,0.5107908355486875,0.08094151312731805,120.667222529664,6.759297303748302,119.39169773536268,6.211030034098541,69.26827303490656,80.9351515278019,0.554711911517521,0.5784604287898024,127.39653151724671,113.8783308284518,5.411035232128484,0.01682622002660339,-6.669726273953316
2025-01-02 19:25:00,EQ_001,68.86196092431504,0.6549020151495187,109.788375424397,0,19,3,0,70.93651407541888,3.247715143512497,73.69131995377813,4.9339858474151015,0.5937173527370546,0.05365121253048417,0.5520355099080231,0.09301962970374894,119.30390406164572,8.889897416567491,116.84642560236107,7.148180818050752,74.67930826703504,69.26827303490656,0.5715381315441244,0.554711911517521,120.7268052432934,127.39653151724671,-5.817347342719998,0.08336388360539437,-10.938429818896395
2025-01-02 19:55:00,EQ_001,75.6278822673577,0.5243953197908501,113.9717934421604,0,19,3,0,73.05638381956926,3.6633093954369973,73.87451520428326,4.997943090844748,0.5836118221614978,0.06608577673904573,0.5768015613583634,0.048385181621732797,114.8289913699503,5.519366172060687,117.15236729110987,6.942320367617128,68.86196092431504,74.67930826703504,0.6549020151495187,0.5715381315441244,109.788375424397,120.7268052432934,6.765921343042663,-0.13050669535866866,4.183418017763401
2025-01-02 21:00:00,EQ_001,71.55924827411138,0.4624803619676063,107.62573361777427,0,21,3,0,72.01636382192804,3.406044461410067,71.99933455354514,3.075878080229047,0.5472592323026583,0.09822724685557283,0.553605547993924,0.07025100143635361,110.46196749477726,3.226207298304432,115.90184784897436,8.139436226758113,75.6278822673577,68.86196092431504,0.5243953197908501,0.6549020151495187,113.9717934421604,109.788375424397,-4.068633993246323,-0.0619149578232438,-6.346059824386131
2025-01-02 21:20:00,EQ_001,62.50297142563213,0.3888542043062968,113.9349661178426,0,21,3,0,69.8967006557004,6.718546687225197,70.64627423169027,5.277605004247687,0.45857662868825105,0.06785482920792292,0.5204340065516793,0.10171140325647096,111.84416439259246,3.653314620232622,113.20953476909354,5.012479697414641,71.55924827411138,75.6278822673577,0.4624803619676063,0.5243953197908501,107.62573361777427,113.9717934421604,-9.05627684847925,-0.07362615766130948,6.309232500068333
2025-01-02 21:40:00,EQ_001,80.1128521600482,0.6580540686568374,108.45637331767016,0,21,3,0,71.39169061993057,8.806136016761036,71.7329830102929,6.6868997416479425,0.5031295449769134,0.13912731148512983,0.5377371939742218,0.11854480865614457,110.00569101776239,3.4281033658344198,110.75544838396891,3.019532221252404,62.50297142563213,71.55924827411138,0.3888542043062968,0.4624803619676063,113.9349661178426,107.62573361777427,17.609880734416073,0.26919986435054055,-5.47859280017245
2025-01-02 22:30:00,EQ_001,71.23017705566662,0.4164857098369977,109.97782981073276,0,22,3,0,71.28200021378233,8.805054747125528,72.20662623656321,6.514347033668869,0.48779799426671056,0.14809194162588807,0.4900539329117176,0.10702493493802434,110.78972308208186,2.828095256630039,110.79333926123604,3.0055191433482915,80.1128521600482,62.50297142563213,0.6580540686568374,0.3888542043062968,108.45637331767016,113.9349661178426,-8.88267510438159,-0.24156835881983968,1.5214564930626011
2025-01-02 22:40:00,EQ_001,66.53521592902307,0.3392338972881941,105.33214809384324,0,22,3,0,72.62608171491263,6.895611921272153,70.38809296889629,6.589223302492671,0.47125789192734296,0.16631767604823638,0.4530216484111865,0.12301193906488374,107.9221170740821,2.368472493828283,109.06541019157262,3.1986686653108634,71.23017705566662,80.1128521600482,0.4164857098369977,0.6580540686568374,109.97782981073276,108.45637331767016,-4.694961126643548,-0.07725181254880359,-4.645681716889513
2025-01-02 22:45:00,EQ_001,74.50830186602624,0.5184740578895725,114.98597853114364,0,22,3,0,70.75789828357198,4.007469309756241,70.97790368727925,6.847199940667498,0.424731221671588,0.08990411638052313,0.4642203875955797,0.12658518915911357,110.09865214523991,4.828049197701401,110.5374591742465,3.970886069607053,66.53521592902307,71.23017705566662,0.3392338972881941,0.4164857098369977,105.33214809384324,109.97782981073276,7.973085937003177,0.17924016060137837,9.6538304373004
2025-01-03 00:30:00,EQ_001,76.11957067032331,0.435851309095569,116.27680947062078,0,0,4,0,72.3876961551242,5.132025953520136,73.70122353621748,5.1250974536300635,0.43118642142444513,0.08971109003818882,0.4736198085534341,0.12122111812450984,112.19831203186925,5.981196915874435,111.00582784480211,4.5654130986723125,74.50830186602624,66.53521592902307,0.5184740578895725,0.3392338972881941,114.98597853114364,105.33214809384324,1.6112688042970689,-0.08262274879400344,1.2908309394771322
2025-01-03 00:35:00,EQ_001,81.82070214986922,0.5487872284871074,124.3731318703896,0,0,4,0,77.4828582287396,3.8420976305901986,74.0427935341817,5.685510018171141,0.5010375318240828,0.05845215824182415,0.4517664405194881,0.08370264954719984,118.54530662405136,5.088145188079196,114.189179555346,7.156962431918565,76.11957067032331,74.50830186602624,0.435851309095569,0.5184740578895725,116.27680947062078,114.98597853114364,5.701131479545907,0.11293591939153835,8.096322399768823
2025-01-03 00:55:00,EQ_001,77.71649014518194,0.3706727042128836,132.78865813313394,0,0,4,0,78.5522543217915,2.9410204616673297,75.34005615208476,5.6229636425623974,0.45177041393185324,0.09011803017959061,0.4426038393946653,0.0907417103358443,124.47953315804814,8.256438547518474,118.75134521982622,10.356481110286696,81.82070214986922,76.11957067032331,0.5487872284871074,0.435851309095569,124.3731318703896,116.27680947062078,-4.104212004687284,-0.17811452427422375,8.415526262744336
2025-01-03 01:05:00,EQ_001,75.20295845601942,0.5472406277880377,113.23004861541467,0,1,4,0,78.24671691702353,3.340582018384827,77.07360465748403,2.9128385135497914,0.4889001868293428,0.10239092356160943,0.4842051854946341,0.07833642917926867,123.46394620631277,9.810951304306819,120.33092532414052,8.169475229613424,77.71649014518194,81.82070214986922,0.3706727042128836,0.5487872284871074,132.78865813313394,124.3731318703896,-2.5135316891625195,0.1765679235751541,-19.558609517719262
2025-01-03 01:10:00,EQ_001,71.49004156096622,0.6484116028535964,112.27340554729176,0,1,4,0,74.80316338738919,3.1324180062128826,76.46995259647203,3.765366257457235,0.5221083116181725,0.14056474999652452,0.5101926944874389,0.10835015380079518,119.43070409861349,11.578212015731133,119.78841072737016,8.686841491659468,75.20295845601942,77.71649014518194,0.5472406277880377,0.3706727042128836,113.23004861541467,132.78865813313394,-3.7129168950531977,0.10117097506555872,-0.956643068122915
2025-01-03 01:15:00,EQ_001,71.68549541224526,0.5355613348785659,128.3019181186261,0,1,4,0,72.79283180974363,2.0895175017959566,75.58313754485641,4.345917353846519,0.5770711885067333,0.06205797700620547,0.5301346996440381,0.10010935495697502,117.93512409377753,8.990639869062516,122.19343245697124,9.125139417019408,71.49004156096622,75.20295845601942,0.6484116028535964,0.5472406277880377,112.27340554729176,113.23004861541467,0.1954538512790407,-0.1128502679750305,16.028512571334346
2025-01-03 02:35:00,EQ_001,77.0689954872575,0.4818775826781897,126.95202900084,0,2,4,0,73.41484415348965,3.1660964971954364,74.63279621233406,2.929710265864325,0.5552835068034506,0.08500069422082138,0.5167527704822547,0.10145563582764339,122.50911755558599,8.890045016485324,122.70921188306129,9.349273861813275,71.68549541224526,71.49004156096622,0.5355613348785659,0.6484116028535964,128.3019181186261,112.27340554729176,5.383500075012236,-0.053683752200376245,-1.3498891177861054
2025-01-03 02:45:00,EQ_001,74.35089650133287,0.6321304032273012,110.1212665909925,0,2,4,0,74.36846246694522,2.6917930245053228,73.95967748356426,2.3789527122307166,0.5498564402613522,0.07613960893759203,0.5690443102851381,0.06977386843684705,121.79173790348624,10.12943609730501,118.17573357463303,8.713992900441857,77.0689954872575,71.68549541224526,0.4818775826781897,0.5355613348785659,126.95202900084,128.3019181186261,-2.7180989859246267,0.1502528205491115,-16.830762409847495
2025-01-03 02:50:00,EQ_001,75.21905735989554,0.6419603004513638,111.53149033874637,0,2,4,0,75.54631644949531,1.3882865007324259,73.96289726433949,2.3810660579673915,0.5853227621189515,0.08972087595430227,0.5879882448178034,0.07503423991779841,116.20159531019299,9.336811616254955,117.83602191929936,8.983927836611107,74.35089650133287,77.0689954872575,0.6321304032273012,0.4818775826781897,110.1212665909925,126.95202900084,0.8681608585626748,0.009829897224062578,1.4102237477538608
2025-01-03 02:55:00,EQ_001,74.26498999185756,0.4399576434261295,132.49618905296666,0,2,4,0,74.61164795102866,0.5277827437289073,74.51788695051775,1.9438415069849435,0.5713494490349315,0.11389473936804391,0.54629745293231,0.08957122131581724,118.04964866090187,12.530924935109717,121.88057862043433,10.308121099831874,75.21905735989554,74.35089650133287,0.6419603004513638,0.6321304032273012,111.53149033874637,110.1212665909925,-0.9540673680379825,-0.2020026570252343,20.96469871422029
2025-01-03 03:10:00,EQ_001,72.21254107496082,0.4315370174239996,115.8209045423411,0,3,4,0,73.89886280890464,1.5363339085197496,74.62329608306086,1.7571782472804436,0.5044849871004975,0.11913153684585762,0.5254925894413967,0.10366110210059988,119.94952797801807,11.075368917093707,119.38437590517734,9.866108040136591,74.26498999185756,75.21905735989554,0.4399576434261295,0.6419603004513638,132.49618905296666,111.53149033874637,-2.0524489168967364,-0.008420626002129894,-16.67528451062556
2025-01-03 04:35:00,EQ_001,71.15013384470679,0.366968637426101,112.66843802890004,0,4,4,0,72.54255497050839,1.5834342685447527,73.43952375455072,1.6900833781481965,0.41282109942540995,0.03993197890307206,0.502510800390979,0.1260647232205026,120.32851054140262,10.654755349147038,116.52765771078934,9.170477160562285,72.21254107496082,74.26498999185756,0.4315370174239996,0.4399576434261295,115.8209045423411,132.49618905296666,-1.0624072302540384,-0.0645683799978986,-3.1524665134410554
2025-01-03 04:50:00,EQ_001,76.65440116107229,0.4872450879622466,126.03247500571392,0,4,4,0,73.33902536024662,2.919925479571281,73.9002246864986,2.228740508239393,0.42858358093744897,0.060192592805954355,0.4735337373379681,0.10344407593389267,118.17393919231837,6.985839257198053,119.70989939373362,9.152281128171314,71.15013384470679,72.21254107496082,0.366968637426101,0.4315370174239996,112.66843802890004,115.8209045423411,5.5042673163655,0.12027645053614561,13.364036976813878
2025-01-03 04:55:00,EQ_001,79.16764480804463,0.6511154930247347,122.98158465990524,0,4,4,0,75.65739327127457,4.100687632708722,74.68994217612843,3.269451925077866,0.501776406137694,0.14262968937982248,0.4753647758526423,0.10718409007830933,120.56083256483976,7.003170825328877,121.99991825796539,7.947540770795434,76.65440116107229,71.15013384470679,0.4872450879622466,0.366968637426101,126.03247500571392,112.66843802890004,2.5132436469723416,0.16387040506248812,-3.050890345808682
2025-01-03 05:00:00,EQ_001,65.03132178714273,0.354882430994844,126.38660168643102,0,5,4,0,73.61778925208655,7.541529423940881,72.84320853518545,5.4500803048726345,0.4977476706606083,0.1483955354530691,0.4583497333663852,0.12017538090784204,125.13355378401674,1.8720522855541706,120.77800078465825,6.210062329710049,79.16764480804463,76.65440116107229,0.6511154930247347,0.4872450879622466,122.98158465990524,126.03247500571392,-14.136323020901898,-0.2962330620298907,3.4050170265257833
2025-01-03 06:00:00,EQ_001,75.8468041201804,0.568021610545045,126.65416823691778,0,6,4,0,73.34859023845591,7.39186793624935,73.57006114422936,5.585601416470021,0.5246731781882078,0.15279994012023565,0.48564665199059426,0.127820067654868,125.34078486108469,2.0475026634101092,122.9446535235736,5.931781285408441,65.03132178714273,79.16764480804463,0.354882430994844,0.6511154930247347,126.38660168643102,122.98158465990524,10.815482333037664,0.21313917955020095,0.26756655048676237
2025-01-03 06:35:00,EQ_001,78.04569060453588,0.4512771435886448,111.270389095463,0,6,4,0,72.974605503953,6.966390212805909,74.94917249619519,5.689051833567518,0.4580603950428445,0.1067313770174978,0.502508353223103,0.11294587852787032,121.43705300627062,8.805605559598135,122.66504373688619,6.5391332329313725,75.8468041201804,65.03132178714273,0.568021610545045,0.354882430994844,126.65416823691778,126.38660168643102,2.1988864843554836,-0.11674446695640017,-15.38377914145478
2025-01-03 06:40:00,EQ_001,69.5384361766371,0.4324291920838388,128.81407528923572,1,6,4,0,74.47697696711779,4.415955649369889,73.52597949930814,6.03535653976624,0.48390931540584275,0.07345045925091238,0.49154517404742143,0.11737147329856071,122.2462108738722,9.566493474738614,123.22136379359054,6.999367639404354,78.04569060453588,75.8468041201804,0.4512771435886448,0.568021610545045,111.270389095463,126.65416823691778,-8.507254427898772,-0.018847951504806004,17.543686193772714
2025-01-03 06:50:00,EQ_001,81.06548849989592,0.3912754061137197,110.83725899436276,0,6,4,0,76.21653842702297,5.977255397100093,73.9055482376784,6.5191556321888795,0.42499391392873437,0.030684110642727955,0.43957715666521846,0.08092004771203377,116.97390779302053,10.256172540228906,120.79249866048205,8.941143912796045,69.5384361766371,78.04569060453588,0.4324291920838388,0.4512771435886448,128.81407528923572,111.270389095463,11.527052323258815,-0.041153785970119094,-17.97681629487296
2025-01-03 07:10:00,EQ_001,75.96024558245016,0.5666312500909212,120.79597862376036,0,7,4,0,75.52139008632773,5.776043578925338,76.0913329967399,4.230223742466171,0.4634452827628264,0.09170014402930038,0.4819269204844339,0.08092318905758987,120.14910430245295,9.005848978057541,119.67437404794791,8.399869464413708,81.06548849989592,69.5384361766371,0.3912754061137197,0.4324291920838388,110.83725899436276,128.81407528923572,-5.105242917445764,0.1753558439772015,9.958719629397606
2025-01-03 07:25:00,EQ_001,74.23765081809728,0.4322435347664345,120.30031479164082,0,7,4,0,77.08779496681446,3.5508263211375226,75.76950233632327,4.313862539051364,0.4633833969903584,0.09173159907432533,0.4547713053287118,0.06626321773115199,117.31118413658801,5.612058509938383,118.40360335889254,7.513840766382152,75.96024558245016,81.06548849989592,0.5666312500909212,0.3912754061137197,120.79597862376036,110.83725899436276,-1.722594764352877,-0.13438771532448668,-0.495663832119547
2025-01-03 07:35:00,EQ_001,79.78351158397292,0.4018834468860318,128.76455645502935,1,7,4,0,76.66046932817346,2.838463999978901,76.11706653221069,4.603392034138434,0.4669194105811291,0.08767708901330049,0.4448925659881892,0.07046315534721236,123.2869499568102,4.750215823583201,121.9024368308058,7.434524821090356,74.23765081809728,75.96024558245016,0.4322435347664345,0.5666312500909212,120.30031479164082,120.79597862376036,5.545860765875645,-0.03036008788040273,8.464241663388535
2025-01-03 07:45:00,EQ_001,68.3438352322111,0.5462060893251897,135.03419828429,0,7,4,0,74.12166587809376,5.720720071633962,75.87814634332547,5.040441599815708,0.4601110236592186,0.0760901043700639,0.4676479454364594,0.08273494258571308,128.03302317698675,7.394131889302896,123.14646142981664,9.192701778286942,79.78351158397292,74.23765081809728,0.4018834468860318,0.4322435347664345,128.76455645502935,120.30031479164082,-11.439676351761818,0.14432264243915788,6.2696418292606495
2025-01-03 07:55:00,EQ_001,77.53995663456271,0.4748461113955504,117.88333018068823,0,7,4,0,75.22243448358225,6.061743185625639,75.17303997025883,4.3298794986882685,0.47431188253559053,0.0721628043420656,0.48436208649282547,0.0710677830893781,127.22736164000257,8.678150442421362,124.55567566708176,7.14628795344293,68.3438352322111,79.78351158397292,0.5462060893251897,0.4018834468860318,135.03419828429,128.76455645502935,9.196121402351608,-0.07135997792963927,-17.150868103601766
2025-01-03 08:10:00,EQ_001,76.94289302265481,0.673889966379758,134.18531345148037,0,8,4,0,74.27556162980954,5.145692837815048,75.36956945829976,4.39633352481092,0.5649807223668326,0.10084135652662402,0.5058138297505929,0.108459940420732,129.03428063881958,9.666329368204911,127.23354263262574,7.8583947252204815,77.53995663456271,68.3438352322111,0.4748461113955504,0.5462060893251897,117.88333018068823,135.03419828429,-0.5970636119078989,0.19904385498420757,16.301983270792135
2025-01-03 09:05:00,EQ_001,79.96021174768262,0.4001939372685587,110.620744234636,0,9,4,0,78.14768713496672,1.597828320860016,76.51408164421683,4.757998790142108,0.5163100050146223,0.14148081121957765,0.4994039102510177,0.11466448093043043,120.89646262226823,12.067785875078357,125.29762852122481,10.679350117319025,76.94289302265481,77.53995663456271,0.673889966379758,0.4748461113955504,134.18531345148037,117.88333018068823,3.017318725027806,-0.2736960291111993,-23.56456921684436
2025-01-03 09:15:00,EQ_001,71.22127420253578,0.5250200206251694,109.74247316359724,0,9,4,0,76.0414596576244,4.4386590247716935,74.80163416792941,4.827433755021903,0.5330346414244952,0.13702392016625134,0.5240312249988452,0.10087764113706817,118.18284361657123,13.865501095576787,121.49321186293837,12.387185052158001,79.96021174768262,76.94289302265481,0.4001939372685587,0.673889966379758,110.620744234636,134.18531345148037,-8.73893754514684,0.12482608335661072,-0.8782710710387676
2025-01-03 09:20:00,EQ_001,77.68254921785201,0.6995667489783964,131.00821398422605,0,9,4,0,76.28801172269014,4.533299954068112,76.6693769650576,3.254637279563009,0.5415935689573748,0.15037297621581922,0.5547033569294866,0.12876557295192181,117.1238104608198,12.032262294312744,120.68801500292557,11.37656204938067,71.22127420253578,79.96021174768262,0.5250200206251694,0.4001939372685587,109.74247316359724,110.620744234636,6.461275015316232,0.17454672835322704,21.265740820628807
2025-01-03 09:45:00,EQ_001,77.37349116439977,0.5887655425873837,119.99686327388224,0,9,4,0,75.42577152826252,3.6444790494162227,76.636083871025,3.244340494626508,0.6044507707303165,0.08832417495298546,0.5774872431678533,0.12094401243701385,120.24918347390188,10.63511552711324,121.11072162156438,11.285197003009072,77.68254921785201,71.22127420253578,0.6995667489783964,0.5250200206251694,131.00821398422605,109.74247316359724,-0.30905805345224735,-0.11080120639101276,-11.011350710343805
2025-01-03 09:50:00,EQ_001,74.87486520627428,0.4679332374442808,108.181258745792,0,9,4,0,76.64363519617535,1.5395745119942381,76.22247830774889,3.326236330297771,0.5854218430033536,0.11585295059508577,0.5362958973807578,0.11482026918853162,119.72877866796678,11.415838706871982,115.90991068042669,9.622974749222363,77.37349116439977,77.68254921785201,0.5887655425873837,0.6995667489783964,119.99686327388224,131.00821398422605,-2.498625958125487,-0.12083230514310289,-11.815604528090248
2025-01-03 10:40:00,EQ_001,75.28324962448553,0.5439501230620226,121.96131459023908,0,10,4,0,75.8438686650532,1.340336972981136,75.28708588310948,2.5880541344353944,0.5335496343645623,0.06108386951895192,0.5650471345394505,0.08679926886173564,116.7131455366378,7.45383031752414,118.17802475154731,9.398524784334798,74.87486520627428,77.37349116439977,0.4679332374442808,0.5887655425873837,108.181258745792,119.99686327388224,0.4083844182112557,0.07601688561774184,13.78005584444709
2025-01-03 11:00:00,EQ_001,75.3223720740506,0.4994403981170953,131.0387734331626,0,11,4,0,75.16016230160348,0.2478476668596504,76.10730545741244,1.3132703981002742,0.5037745862077995,0.03819333206934513,0.5599312100378357,0.09042629996008066,120.39378225639791,11.50909912347925,122.4372848054604,9.445407846030582,75.28324962448553,74.87486520627428,0.5439501230620226,0.4679332374442808,121.96131459023908,108.181258745792,0.03912244956507038,-0.04450972494492733,9.077458842923505
2025-01-03 11:05:00,EQ_001,65.12266716823065,0.5668741655592513,124.7516774649538,0,11,4,0,71.90942962225559,5.877541245881406,73.59532904748816,4.835531888359836,0.5367548955794562,0.03428785093520683,0.5333926933540066,0.0493363949208497,125.91725516278518,4.649622918958774,121.18597750160595,8.380478119757365,75.3223720740506,75.28324962448553,0.4994403981170953,0.5439501230620226,131.0387734331626,121.96131459023908,-10.199704905819956,0.06743376744215601,-6.287095968208789
2025-01-03 12:20:00,EQ_001,75.80286990524932,0.5698828420202535,127.06078913815132,0,12,4,0,72.08263638251019,6.032296257581853,73.28120479565807,4.572604072146938,0.5453991352322,0.03982985276677647,0.5296161532405808,0.04452635931800711,127.61708001208926,3.1802497670292778,122.59876267445975,8.718504221741012,65.12266716823065,75.3223720740506,0.5668741655592513,0.4994403981170953,124.7516774649538,131.0387734331626,10.680202737018675,0.0030086764610022243,2.3091116731975205
2025-01-03 12:25:00,EQ_001,75.01523010076707,0.542097294438939,117.57318723187969,0,12,4,0,71.98025572474901,5.951889172629984,73.30927777455663,4.585247588629506,0.5596181006728146,0.015247853023471055,0.5444489646395123,0.02820160461287451,123.12855127832829,4.947681421257517,124.4771483716773,5.094104148827817,75.80286990524932,65.12266716823065,0.5698828420202535,0.5668741655592513,127.06078913815132,124.7516774649538,-0.7876398044822537,-0.027785547581314574,-9.487601906271635
2025-01-03 12:45:00,EQ_001,67.57551015775049,0.6097152711753696,136.28468554772323,1,12,4,0,72.79787005458896,4.539810159520043,71.76772988120963,5.029802642200298,0.5738984692115207,0.033987374726307196,0.5576019942621817,0.04054550836899981,126.9728873059181,9.356058858036295,127.34182256317413,6.997433667909242,75.01523010076707,75.80286990524932,0.542097294438939,0.5698828420202535,117.57318723187969,127.06078913815132,-7.439719943016584,0.06761797673643066,18.711498315843542
2025-01-03 13:10:00,EQ_001,69.1494348697032,0.6059936384046622,114.80603628173871,0,13,4,0,70.58005837607358,3.920761523016194,70.53314244034016,4.684939043902568,0.5859354013396568,0.03801049000077428,0.5789126423196951,0.028565776504038916,122.88796968711391,11.684103644809282,124.09527513288936,8.46514105937451,67.57551015775049,75.01523010076707,0.6097152711753696,0.542097294438939,136.28468554772323,117.57318723187969,1.5739247119527136,-0.0037216327707073615,-21.478649265984515
2025-01-03 13:20:00,EQ_001,77.70731364102394,0.5683569323200478,124.28316692375238,0,13,4,0,71.4774195561592,5.452338487401377,73.05007173489881,4.424800553638161,0.5946886139666931,0.022879701295582814,0.5792091956718545,0.02841686436144182,125.12462958440479,10.764020537408463,124.00157302464906,8.458649293748433,69.1494348697032,67.57551015775049,0.6059936384046622,0.6097152711753696,114.80603628173871,136.28468554772323,8.557878771320745,-0.037636706084614446,9.477130642013663
2025-01-03 14:20:00,EQ_001,80.98285750832245,0.4370736606307211,112.9097904236951,0,14,4,0,75.9465353396832,6.110051391428821,74.08606925551344,5.663483420225042,0.5371414104518103,0.08868086787417488,0.5526473593939479,0.0703881141196249,117.33299787639542,6.093240059990051,121.17137328175781,9.484377636578598,77.70731364102394,69.1494348697032,0.5683569323200478,0.6059936384046622,124.28316692375238,114.80603628173871,3.2755438672985093,-0.13128327168932669,-11.373376500057276
2025-01-03 14:40:00,EQ_001,72.78358874404245,0.3883475560051341,124.00481386506328,0,14,4,0,77.15791996446295,4.1271512119267815,73.63974098416851,5.659886235209507,0.46459271631863425,0.09310648586315962,0.521897411707187,0.10243689709599846,120.39925707083694,6.4875614139913615,122.45769860839455,9.308892993702019,80.98285750832245,77.70731364102394,0.4370736606307211,0.5683569323200478,112.9097904236951,124.28316692375238,-8.199268764280006,-0.04872610462558702,11.095023441368184
2025-01-03 16:05:00,EQ_001,76.49646290203246,0.424150466529993,114.36052511941756,0,16,4,0,76.75430305146578,4.105711049771965,75.4239315330249,4.571830426887023,0.416523894388616,0.025242459665540676,0.4847844507781117,0.09608446941612014,117.09170980272533,6.030705897478332,118.07286652273339,5.587191684240571,72.78358874404245,80.98285750832245,0.3883475560051341,0.4370736606307211,124.00481386506328,112.9097904236951,3.712874157990015,0.0358029105248589,-9.644288745645724
2025-01-03 16:15:00,EQ_001,82.80755598363426,0.4075766855731695,120.78143062969647,0,16,4,0,77.36253587656972,5.067794550198409,78.15555575581111,3.91938391159502,0.4066915693694321,0.01791785906667317,0.44510106021181317,0.07128186210491338,119.71558987139247,4.909693345199434,119.26794539232496,5.347661073804082,76.49646290203246,72.78358874404245,0.424150466529993,0.3883475560051341,114.36052511941756,124.00481386506328,6.311093081601797,-0.01657378095682349,6.420905510278914
2025-01-03 16:35:00,EQ_001,71.61142315123946,0.407048913980759,111.97175556049156,0,16,4,0,76.97181401230206,5.6131823958146425,76.93637765785422,4.915258268034837,0.4129253553613071,0.009724812403088767,0.4128394565439553,0.018549366081445733,115.70457043653522,4.556033040605957,116.8056631196728,5.295226268604783,82.80755598363426,76.49646290203246,0.4075766855731695,0.424150466529993,120.78143062969647,114.36052511941756,-11.196132832394795,-0.0005277715924105197,-8.809675069204914
2025-01-03 16:55:00,EQ_001,75.92340152932454,0.355035478030147,106.14012057601002,0,16,4,0,76.78079355473275,5.647095573308698,75.92448646205463,4.3638159293782435,0.3898870258613584,0.03018347934527524,0.39643182002384053,0.02638307474271508,112.96443558873271,7.370959927370196,115.45172915013578,7.09873179978251,71.61142315123946,82.80755598363426,0.407048913980759,0.4075766855731695,111.97175556049156,120.78143062969647,4.3119783780850724,-0.052013435950611975,-5.831634984481539
2025-01-03 17:05:00,EQ_001,70.14192980744674,0.3996042627918501,134.8911310832829,1,17,4,0,72.55891816267024,3.0049399187392734,75.39615467473548,4.958543346166739,0.3872295516009186,0.028128268479256327,0.39868316138118376,0.025998235086128838,117.66766907326151,15.198280309168092,117.62899259377969,10.98408714372238,75.92340152932454,71.61142315123946,0.355035478030147,0.407048913980759,106.14012057601002,111.97175556049156,-5.781471721877793,0.04456878476170306,28.751010507272866
2025-01-03 17:10:00,EQ_001,81.00206953972213,0.5207267329398944,142.71449745422797,0,17,4,0,75.6891336254978,5.433858651014892,76.29727600227343,5.5790705656713095,0.4251221579206304,0.0857424644924795,0.417998414663164,0.06140905387421049,127.91524970450696,19.259243281228603,123.29978706074178,15.333059109025823,70.14192980744674,75.92340152932454,0.3996042627918501,0.355035478030147,134.8911310832829,106.14012057601002,10.860139732275385,0.12112247014804428,7.823366370945081
2025-01-03 17:25:00,EQ_001,77.68326376263643,0.5176820872139398,125.69760357198646,0,17,4,0,76.2757543699351,5.56520177253653,75.27241755807385,4.438176877668706,0.47933769431522805,0.06906795598371858,0.4400194949913181,0.0749797803290872,134.43441070316578,8.517635498134602,124.28302164919978,15.2887577993736,81.00206953972213,70.14192980744674,0.5207267329398944,0.3996042627918501,142.71449745422797,134.8911310832829,-3.3188057770857,-0.003044645725954531,-17.016893882241504
2025-01-03 17:40:00,EQ_001,79.98023842902909,0.6673452090298537,124.35975389500048,0,17,4,0,79.55519057712922,1.6997403342300403,76.94618061363178,4.287859007280573,0.5685846763945626,0.08554267690284084,0.492078754001137,0.121990735960248,130.923951640405,10.232799635507925,126.76062131610156,13.717967914154023,77.68326376263643,81.00206953972213,0.5176820872139398,0.5207267329398944,125.69760357198646,142.71449745422797,2.296974666392657,0.1496631218159139,-1.3378496769859822
2025-01-03 17:45:00,EQ_001,71.21602455715269,0.6340461051790348,94.67753914780316,0,17,4,0,76.29317558293941,4.544460370439813,76.00470521919742,5.022441419517737,0.6063578004742761,0.07857954040963108,0.5478808794309146,0.10645590864261145,114.91163220493006,17.536001591665787,124.4681050304602,18.238500012480838,79.98023842902909,77.68326376263643,0.6673452090298537,0.5176820872139398,124.35975389500048,125.69760357198646,-8.764213871876393,-0.03329910385081891,-29.68221474719732
2025-01-03 19:20:00,EQ_001,69.77595402989483,0.3468892497444278,102.23988245951598,0,19,4,0,73.65740567202555,5.522871656633624,75.93151006368704,5.130742866428028,0.5494268546511054,0.17619114231514837,0.5373378768214301,0.12568546811553027,107.09239183410655,15.424610319147416,117.9378553057068,19.38301531011404,71.21602455715269,79.98023842902909,0.6340461051790348,0.6673452090298537,94.67753914780316,124.35975389500048,-1.4400705272578591,-0.287156855434607,7.562343311712823
2025-01-03 19:40:00,EQ_001,73.89373188207114,0.6124353359870502,124.44198327290673,0,19,4,0,71.62857015637287,2.0896576307005916,74.50984253215684,4.290523368775445,0.5311235636368375,0.15991706646828668,0.5556795974308613,0.12929515872528502,107.11980162674196,15.470641286905174,114.28335246944258,14.700764092428857,69.77595402989483,71.21602455715269,0.3468892497444278,0.6340461051790348,102.23988245951598,94.67753914780316,4.117777852176303,0.26554608624262244,22.202100813390743
2025-01-03 19:45:00,EQ_001,73.6159335005554,0.4665922769020059,131.01322957735763,0,19,4,0,72.4285398041738,2.3014020623575173,73.69637647974062,3.906859322735612,0.4753056208778279,0.1329873029733446,0.5454616353684745,0.13494411661125758,119.23169843659348,15.07768805711237,115.34647767051679,15.877675707209184,73.89373188207114,69.77595402989483,0.6124353359870502,0.3468892497444278,124.44198327290673,102.23988245951598,-0.277798381515737,-0.14584305908504436,6.571246304450909
2025-01-03 20:00:00,EQ_001,79.30236744179872,0.4976447849125762,125.2225063601778,0,20,4,0,75.6040109414751,3.2058810938348965,73.56080228229455,3.6367056151302872,0.5255574659338774,0.07682374497620177,0.511521550545019,0.1167378016131738,126.89257307014742,3.589869302670179,115.51902816355225,16.00429840285207,73.6159335005554,73.89373188207114,0.4665922769020059,0.6124353359870502,131.01322957735763,124.44198327290673,5.6864339412433225,0.0310525080105703,-5.790723217179831
2025-01-03 20:05:00,EQ_001,72.08461280715531,0.4825645742097164,119.02084753557097,1,20,4,0,75.00097124983647,3.80299127880666,73.73451993229509,3.5154222577473737,0.48226721200809947,0.015528389538058424,0.48122524435115527,0.09453539872339432,125.08552782436884,5.997364345985492,120.38768984110581,10.999159187619677,79.30236744179872,73.6159335005554,0.4976447849125762,0.4665922769020059,125.2225063601778,131.01322957735763,-7.217754634643413,-0.015080210702859809,-6.201658824606838
2025-01-03 20:20:00,EQ_001,73.75654436908226,0.4868527404328332,125.73744421004412,0,20,4,0,75.04784153934544,3.778171750718405,74.53063800013256,2.7655919702455245,0.48902069985170854,0.007770342639930433,0.5092179424888365,0.05876929463418472,123.32693270193097,3.7380566264125674,125.08720219121146,4.265439272311324,72.08461280715531,79.30236744179872,0.4825645742097164,0.4976447849125762,119.02084753557097,125.2225063601778,1.6719315619269537,0.0042881662231168405,6.716596674473152
2025-01-03 20:40:00,EQ_001,78.31440634333707,0.6749583904205421,121.4552119776824,0,20,4,0,74.71852117319155,3.224380778474597,75.41477289238576,3.185779995419518,0.5481252350210305,0.1098616587979475,0.5217225533755347,0.08638512496387481,122.07116790776585,3.400399829834845,124.4898479321666,4.576209502627161,73.75654436908226,72.08461280715531,0.4868527404328332,0.4825645742097164,125.73744421004412,119.02084753557097,4.557861974254806,0.18810564998770885,-4.2822322323617215
2025-01-03 21:05:00,EQ_001,71.74321553104086,0.526348721533106,108.5899149024726,0,21,4,0,74.6047220811534,3.3667033202143584,75.04022929848284,3.5404756918469844,0.5627199507954936,0.09918711422290392,0.5336738423017546,0.08080446579998146,118.59419036339972,8.92460216741066,120.00518499718957,6.954479270691246,78.31440634333707,73.75654436908226,0.6749583904205421,0.4868527404328332,121.4552119776824,125.73744421004412,-6.571190812296209,-0.1486096688874361,-12.865297075209796
2025-01-03 21:25:00,EQ_001,75.1063578836803,0.4309458947683741,115.86384334370358,0,21,4,0,75.05465991935274,3.2859004371006875,74.20102738685917,2.6672609870870105,0.5440843355740074,0.12296925840491833,0.5203340642729144,0.09284750482869228,115.30299007461956,6.450959967356167,118.13345239389473,6.439574549240768,71.74321553104086,78.31440634333707,0.526348721533106,0.6749583904205421,108.5899149024726,121.4552119776824,3.363142352639443,-0.09540282676473189,7.273928441230979
2025-01-03 22:10:00,EQ_001,81.44876377041373,0.5499685110302934,120.18819049740598,1,22,4,0,76.09944572837831,4.9283957082568,76.07385757951084,3.8396006319903986,0.5024210424439244,0.06301584059110875,0.5338148516370298,0.09086479588770281,114.88064958119408,5.861313988772885,118.36692098626172,6.500661930129866,75.1063578836803,71.74321553104086,0.4309458947683741,0.526348721533106,115.86384334370358,108.5899149024726,6.342405886733431,0.11902261626191935,4.324347153702405
2025-01-03 22:15:00,EQ_001,78.36590675634979,0.5472002270919274,108.28345652682438,0,22,4,0,78.30700947014795,3.171613118865517,76.99573005696433,3.6947407433781496,0.5093715442968648,0.06793270734311259,0.5458843489688486,0.08699282884950188,114.77849678931132,6.026122765504197,114.87612344961778,6.234134419119133,81.44876377041373,75.1063578836803,0.5499685110302934,0.4309458947683741,120.18819049740598,115.86384334370358,-3.082857014063947,-0.002768283938366034,-11.904733970581603
2025-01-03 22:40:00,EQ_001,72.09738275097638,0.5869156064389274,121.75286778933923,0,22,4,0,77.30401775924663,4.765268924656866,75.75232533849221,4.157194347013327,0.5613614481870494,0.02217379313428978,0.5282757921725256,0.05861774184410955,116.74150493785653,7.366545387730637,114.93565461194915,6.313580895179858,78.36590675634979,81.44876377041373,0.5472002270919274,0.5499685110302934,108.28345652682438,120.18819049740598,-6.268524005373408,0.03971537934699998,13.469411262514853
2025-01-03 23:30:00,EQ_001,71.0755084345888,0.5303818595604876,112.82983850872064,0,23,4,0,73.84626598063834,3.947330912873729,75.6187839192018,4.325492680217535,0.5548325643637807,0.029029391368099157,0.5290824197780021,0.05861234365245606,114.28872094162811,6.8521904092395545,115.78363933319876,5.477587823183332,72.09738275097638,78.36590675634979,0.5869156064389274,0.5472002270919274,121.75286778933923,108.28345652682438,-1.0218743163875814,-0.05653374687843982,-8.923029280618593
2025-01-03 23:40:00,EQ_001,74.3952592569611,0.4769133626155231,129.778155496862,0,23,4,0,72.52271681417542,1.7002553277812047,75.47656419385797,4.35812022586311,0.5314036095383127,0.055008239303841557,0.5382759133474317,0.040030796513232596,121.4536205983073,8.478120301318953,118.56650176383046,8.323675673573685,71.0755084345888,72.09738275097638,0.5303818595604876,0.5869156064389274,112.82983850872064,121.75286778933923,3.319750822372299,-0.05346849694496447,16.94831698814137
2025-01-04 00:40:00,EQ_001,67.37171842714953,0.502538842054241,110.754358856219,0,0,5,1,70.94749537289981,3.5135198811134556,72.66115512520511,4.073130356769975,0.5032780214100838,0.026741911505693966,0.5287899795522213,0.042131832983330765,117.7874509539339,10.435978656735326,116.67973543559306,8.912555377792266,74.3952592569611,71.0755084345888,0.4769133626155231,0.5303818595604876,129.778155496862,112.82983850872064,-7.023540829811566,0.025625479438717957,-19.023796640643013
2025-01-04 00:50:00,EQ_001,72.24070927053776,0.4986162253905762,116.72982682390229,1,0,5,1,71.33589565154945,3.5981310719368396,71.43611562804271,2.573447993868554,0.49268947668678004,0.013802574461467872,0.5190731792119511,0.04242582522359434,119.08744705899444,9.728565646374728,118.36900949500864,7.631699496886856,67.37171842714953,74.3952592569611,0.502538842054241,0.4769133626155231,110.754358856219,129.778155496862,4.868990843388232,-0.003922616663664835,5.9754679676832865
2025-01-04 01:00:00,EQ_001,72.17876200671306,0.4506877177600228,124.96199187363317,0,1,5,1,70.59706323480012,2.793402264632232,71.45239147919006,2.5789272589494785,0.48394759506827995,0.028870595928948483,0.49182760147617016,0.02984196482629426,117.48205918458483,7.133624543857279,119.01083431186741,8.107536201803185,72.24070927053776,67.37171842714953,0.4986162253905762,0.502538842054241,116.72982682390229,110.754358856219,-0.061947263824706056,-0.047928507630553396,8.232165049730881
2025-01-04 01:40:00,EQ_001,78.89180538083319,0.5570612997219531,131.80640912452145,0,1,5,1,74.43709221936133,3.858019100408519,73.01565086843893,4.170953188663519,0.502121747624184,0.053273363414097316,0.49716348950846323,0.039334518948688654,124.49940927401899,7.548928431435592,122.80614843502758,8.894219362240422,72.17876200671306,72.24070927053776,0.4506877177600228,0.4986162253905762,124.96199187363317,116.72982682390229,6.713043374120133,0.10637358196193025,6.844417250888284
2025-01-04 02:30:00,EQ_001,69.29155442933248,0.5481866061718491,132.20821298813047,0,2,5,1,73.45404060562623,4.925541210017648,71.99490990291321,4.36873598414526,0.5186452078846083,0.05901995759424772,0.5114181382197285,0.04291309027894748,129.6588713287617,4.072575235426785,123.29215993328128,9.421218760899254,78.89180538083319,72.17876200671306,0.5570612997219531,0.4506877177600228,131.80640912452145,124.96199187363317,-9.600250951500712,-0.008874693550103951,0.4018038636090182
2025-01-04 02:40:00,EQ_001,71.41588839698598,0.5548883835317364,137.12040284017894,0,2,5,1,73.19974940238389,5.0426009804348,72.80374389688049,3.6067201419859716,0.5533787631418462,0.004625933602327799,0.5218880465152276,0.046445825155947196,133.71167498427698,2.9588732285969024,128.56536873007326,7.906131208344566,69.29155442933248,78.89180538083319,0.5481866061718491,0.5570612997219531,132.20821298813047,131.80640912452145,2.1243339676534987,0.0067017773598873065,4.912189852048471
2025-01-04 02:45:00,EQ_001,65.6673169146347,0.4745044206446302,102.5236349017174,0,2,5,1,68.79158658031771,2.9067153987725156,71.48906542569988,4.847767666667972,0.5258598034494052,0.044601120638544406,0.5170656855660384,0.050537642441631885,123.95075024334228,18.718262637945735,125.72413034563628,13.672566634711037,71.41588839698598,69.29155442933248,0.5548883835317364,0.5481866061718491,137.12040284017894,132.20821298813047,-5.748571482351281,-0.0803839628871062,-34.59676793846154
2025-01-04 02:50:00,EQ_001,74.5865965707865,0.48745457399971,124.3477006455689,0,2,5,1,70.55660062746905,4.521301693018444,71.97063233851458,5.048833770369563,0.5056157927253588,0.04315979346057422,0.5244190568139758,0.040051954349382426,121.33057946248842,17.494609258911325,125.60127210002342,13.683882366205498,65.6673169146347,71.41588839698598,0.4745044206446302,0.5548883835317364,102.5236349017174,137.12040284017894,8.9192796561518,0.012950153355079763,21.824065743851506
2025-01-04 03:05:00,EQ_001,78.15405842277389,0.2780699627252465,124.24393937861012,1,3,5,1,72.80265730273169,6.4316800182263725,71.8230829469027,4.800681136730806,0.4133429857898622,0.11732868231920045,0.4686207894146344,0.1123296077412946,117.03842497529882,12.570283996801088,124.08877815084118,13.237210651614424,74.5865965707865,65.6673169146347,0.48745457399971,0.4745044206446302,124.3477006455689,102.5236349017174,3.567461851987389,-0.2093846112744635,-0.1037612669587844
2025-01-04 03:40:00,EQ_001,73.13896611964473,0.5921801501977252,114.18217966607946,0,3,5,1,75.29320703773504,2.5811356931063307,72.59256528496516,4.597514384217185,0.45256822897422716,0.15993465937821771,0.47741949821980967,0.12147105947400023,120.9246065634195,5.83934345193121,120.48357148643098,12.924036514733066,78.15405842277389,74.5865965707865,0.2780699627252465,0.48745457399971,124.24393937861012,124.3477006455689,-5.015092303129151,0.3141101874724787,-10.061759712530659
2025-01-04 04:05:00,EQ_001,69.40191283355495,0.3869111564674084,109.48690088360657,0,4,5,1,73.56497912532451,4.391597478649127,72.18977017227895,4.809704489500941,0.41905375646346,0.1595028605366636,0.4438240528069441,0.11786425998982615,115.9710066427654,7.539394720409828,114.9568710951165,9.48081483989914,73.13896611964473,78.15405842277389,0.5921801501977252,0.2780699627252465,114.18217966607946,124.24393937861012,-3.7370532860897896,-0.20526899373031676,-4.695278782472897
2025-01-04 04:25:00,EQ_001,74.26198706850666,0.4081313488513906,107.60947297473358,0,4,5,1,72.26762200723545,2.544506005884621,73.90870420305335,3.1428905668741933,0.4624075518388413,0.11288609128150048,0.43054943844829613,0.1172812243551225,110.42618450813988,3.385529295117949,115.97403870971974,7.965066654325249,69.40191283355495,73.13896611964473,0.3869111564674084,0.5921801501977252,109.48690088360657,114.18217966607946,4.8600742349517105,0.02122019238398215,-1.8774279088729884
2025-01-04 05:20:00,EQ_001,71.9889396981911,0.7426716486345523,133.7649645001954,0,5,5,1,71.8842798667509,2.431726886915533,73.38917282853427,3.2166534592545517,0.5125713846511171,0.19955493668445812,0.48159285337526453,0.1845091264323675,116.95377945284518,14.589144625729181,117.85749148064501,10.982156001853276,74.26198706850666,69.40191283355495,0.4081313488513906,0.3869111564674084,107.60947297473358,109.48690088360657,-2.2730473703155525,0.3345402997831617,26.155491525461812
2025-01-04 05:35:00,EQ_001,76.50895949909733,0.4435225995829057,134.66540859278604,0,5,5,1,74.2532954219317,2.260022435438715,73.06015304379896,2.639843838072226,0.5314418656896162,0.18378425139088694,0.5146833807467963,0.15060489130833893,125.346615355905,15.367412429502677,119.94178532348022,13.25168818089741,71.9889396981911,74.26198706850666,0.7426716486345523,0.4081313488513906,133.7649645001954,107.60947297473358,4.520019800906226,-0.2991490490516466,0.9004440925906465
2025-01-04 05:55:00,EQ_001,73.98163124911517,0.3120075614860955,104.32140574634543,0,5,5,1,74.15984348213453,2.2652735927795784,73.22868606969304,2.672826015451387,0.4994006032345178,0.22070263355683012,0.45864886300447044,0.16590640108851828,124.25059294644228,17.265053626715176,117.96963053953341,14.948287417968066,76.50895949909733,71.9889396981911,0.4435225995829057,0.7426716486345523,134.66540859278604,133.7649645001954,-2.527328249982162,-0.1315150380968102,-30.344002846440603
2025-01-04 06:00:00,EQ_001,70.61008706621719,0.6870965175371783,123.4670997760492,0,6,5,1,73.70022593814322,2.959487406060508,73.47032091622549,2.2636765438321205,0.4808755595353931,0.19031385643400148,0.5186859352184244,0.1864936445369903,120.8179713717269,15.34447907760771,120.76567031802192,14.256414874515048,73.98163124911517,76.50895949909733,0.3120075614860955,0.4435225995829057,104.32140574634543,134.66540859278604,-3.3715441828979777,0.3750889560510828,19.145694029703762
2025-01-04 06:05:00,EQ_001,70.8655982298007,0.5389614177370904,145.11556551584422,0,6,5,1,71.81910551504434,1.877154669058354,72.7910431484843,2.467168393531045,0.5126884989201214,0.18891964147553567,0.5448519489955644,0.17598650164885407,124.30135701274628,20.40987154975716,128.26688882624404,15.422969334454423,70.61008706621719,73.98163124911517,0.6870965175371783,0.3120075614860955,123.4670997760492,104.32140574634543,0.2555111635835061,-0.14813509980008788,21.64846573979503
2025-01-04 06:10:00,EQ_001,73.86760554049236,0.4131707268123633,101.59922255494249,0,6,5,1,71.78109694550342,1.8114800789411794,73.16677631694455,2.457509872699502,0.5464095540288774,0.13711469927297898,0.4789517646311266,0.14175518885077573,123.39396261561198,21.758263670520343,121.83374043719348,18.87776820514932,70.8655982298007,70.61008706621719,0.5389614177370904,0.6870965175371783,145.11556551584422,123.4670997760492,3.002007310691667,-0.1257906909247271,-43.51634296090174
2025-01-04 06:15:00,EQ_001,76.8368275340809,0.5534629086122436,119.67719388950528,0,6,5,1,73.85667710145799,2.9856296528803608,73.23234992394126,2.5707492643842382,0.5018650177205658,0.07715297297695048,0.5009398264369942,0.14340279355363314,122.13066065343065,21.861670808608665,118.83609749653733,17.468186790478256,73.86760554049236,70.8655982298007,0.4131707268123633,0.5389614177370904,101.59922255494249,145.11556551584422,2.9692219935885333,0.1402921817998803,18.07797133456279
2025-01-04 07:05:00,EQ_001,73.59336221440893,0.4591899160839779,120.5166097685108,0,7,5,1,74.76593176299406,1.7986826628131294,73.15469611700001,2.5482231025893527,0.4752745171695283,0.07151580148892618,0.5303762973565707,0.10484818783598097,113.93100873765286,10.687884149659668,122.0751383009704,15.493878768867146,76.8368275340809,73.86760554049236,0.5534629086122436,0.4131707268123633,119.67719388950528,101.59922255494249,-3.2434653196719694,-0.09427299252826565,0.8394158790055286
2025-01-04 07:30:00,EQ_001,78.97132339810913,0.5038237994960029,117.0251779912615,0,7,5,1,76.46717104886632,2.7079699151103704,74.82694338337839,3.136472023976428,0.5054922080640748,0.0471586362230822,0.4937217537483356,0.05787616060066089,119.07299388309252,1.82244813358559,120.78675394401284,15.616545619491813,73.59336221440893,76.8368275340809,0.4591899160839779,0.5534629086122436,120.5166097685108,119.67719388950528,5.377961183700208,0.044633883412024955,-3.4914317772493035
2025-01-04 07:35:00,EQ_001,68.72855288415376,0.3551408585366455,133.11983738573946,0,7,5,1,73.76441283222395,5.123527172347161,74.39953431424901,3.87087024201719,0.4393848580388755,0.07629439347821167,0.4569576419082466,0.07713403526718793,123.55387504850391,8.466300877116005,118.3876083179919,11.257668101690886,78.97132339810913,73.59336221440893,0.5038237994960029,0.4591899160839779,117.0251779912615,120.5166097685108,-10.242770513955378,-0.14868294095935736,16.094659394477958
2025-01-04 07:55:00,EQ_001,74.82179258851258,0.3888032974225836,122.86955854301708,0,7,5,1,74.17388962359182,5.152030729659266,74.59037172385305,3.861599570367463,0.41592265181841076,0.07796312442568994,0.45208415603029073,0.08125208305336289,124.33819130667267,8.147218967348838,122.64167551560683,6.218780166416077,68.72855288415376,78.97132339810913,0.3551408585366455,0.5038237994960029,133.11983738573946,117.0251779912615,6.0932397043588225,0.03366243888593812,-10.25027884272238
2025-01-04 08:30:00,EQ_001,69.92089090510801,0.4946879346982454,139.20367502144262,0,8,5,1,71.15707879259145,3.229243393360759,73.20718439805849,4.087763951281213,0.4128773635524916,0.07282181755032656,0.440329161247491,0.06567749799596391,131.73102365006636,8.25514645400024,126.5469717419943,9.272916076853463,74.82179258851258,68.72855288415376,0.3888032974225836,0.3551408585366455,122.86955854301708,133.11983738573946,-4.9009016834045696,0.10588463727566177,16.334116478425543
2025-01-04 11:00:00,EQ_001,79.4155488857358,0.4798508466052482,118.20906714983845,0,11,5,1,74.7194107931188,4.748156912560485,74.37162173232386,4.96120805007291,0.45444735957535914,0.05733142216714821,0.44446134735174514,0.06777720063294497,126.76076690476604,11.024949741677617,126.08546321825983,9.69585384510732,69.92089090510801,74.82179258851258,0.4946879346982454,0.3888032974225836,139.20367502144262,122.86955854301708,9.494657980627792,-0.01483708809299722,-20.994607871604174
2025-01-04 11:05:00,EQ_001,74.610814014936,0.4993478684770542,123.95819781095923,0,11,5,1,74.64908460192662,4.747444683263442,73.49951985568923,4.288108277029576,0.4912955499268494,0.010181584910768754,0.4435661611479554,0.06681994161086258,127.12364666074676,10.84935204222236,127.47206718219937,8.497962463102537,79.4155488857358,69.92089090510801,0.4798508466052482,0.4946879346982454,118.20906714983845,139.20367502144262,-4.804734870799805,0.01949702187180602,5.7491306611207875
2025-01-01 01:15:00,EQ_002,82.64775159730307,0.4153643345009126,124.63184795267584,0,1,2,0,80.15868365844592,2.658993277742273,80.15868365844592,2.658993277742273,0.4522713013937993,0.1189280763770487,0.4522713013937993,0.1189280763770487,122.57582838414619,6.587933516313137,122.57582838414619,6.587933516313137,80.47095759235474,77.35734178567998,0.5852773675122219,0.3561722021682633,115.20507032600756,127.8905668737552,2.1767940049483343,-0.16991303301130933,9.426777626668283
2025-01-01 01:40:00,EQ_002,79.11585291980957,0.4044877420650647,121.90635591265024,0,1,2,0,80.74485403648913,1.7818084952098872,79.89797597378684,2.232794397479001,0.4683764813593998,0.10138509729363683,0.44032541156161564,0.10000037684609374,120.58109139711121,4.8511110719889325,122.40846026627221,5.389430429810189,82.64775159730307,80.47095759235474,0.4153643345009126,0.5852773675122219,124.63184795267584,115.20507032600756,-3.5318986774935013,-0.010876592435847876,-2.7254920400255997
2025-01-01 02:15:00,EQ_002,67.48428523440947,0.5452371796249734,113.4791111140694,0,2,2,0,76.41596325050737,7.934086664793557,77.41523782591136,5.878687920840917,0.4550297520636502,0.07831098298564138,0.4613077651742872,0.09849544325833824,120.00577165979848,5.81421104918315,120.62259043583165,6.142566688666235,79.11585291980957,82.64775159730307,0.4044877420650647,0.4153643345009126,121.90635591265024,124.63184795267584,-11.6315676854001,0.1407494375599087,-8.427244798580844
2025-01-01 03:15:00,EQ_002,75.29609217007244,0.470459858986097,128.54525227066617,0,3,2,0,73.96541010809716,5.9288597358647355,77.00298790278985,5.955534464810477,0.47339492689204504,0.07042060785783556,0.4841652965378539,0.07940930342691352,121.31023976579526,7.55073957854664,120.75352751521385,6.3400289540347154,67.48428523440947,79.11585291980957,0.5452371796249734,0.4044877420650647,113.4791111140694,121.90635591265024,7.811806935662972,-0.07477732063887643,15.066141156596771
2025-01-01 03:35:00,EQ_002,74.27819794038028,0.6139878561129045,125.53251219984784,0,3,2,0,72.35285844828739,4.246914293917102,75.76443597239496,5.69212559586189,0.5432282982413249,0.07178508336080958,0.48990739425799046,0.08900665358520174,122.51895852819446,7.9723448016613245,122.8190158899819,5.733802727160997,75.29609217007244,67.48428523440947,0.470459858986097,0.5452371796249734,128.54525227066617,113.4791111140694,-1.0178942296921605,0.14352799712680753,-3.0127400708183245
2025-01-01 03:40:00,EQ_002,72.13168996559882,0.6317115067339866,108.24405394375148,0,3,2,0,73.90199335868384,1.6153970853590292,73.66122364605413,4.280784808469503,0.5720530739443294,0.08842747277852471,0.5331768287046053,0.09601986291941454,120.77393947142184,10.95525783292985,119.54145708819703,8.469609967506502,74.27819794038028,75.29609217007244,0.6139878561129045,0.470459858986097,125.53251219984784,128.54525227066617,-2.146507974781457,0.017723650621082054,-17.288458256096362
2025-01-01 03:50:00,EQ_002,74.83623364892001,0.2878145100991405,125.97228218253385,0,3,2,0,73.74870718496636,1.4279038758963296,72.8052997918762,3.211896405461429,0.5111712909820105,0.1936355355367484,0.5098421823114204,0.1394619249653003,119.91628277537772,10.110837939201838,120.35464234217375,8.935792993131162,72.13168996559882,74.27819794038028,0.6317115067339866,0.6139878561129045,108.24405394375148,125.53251219984784,2.704543683321191,-0.3438969966348461,17.728228238782364
2025-01-01 04:00:00,EQ_002,71.43577108661418,0.629699454656111,124.63206292099125,0,4,2,0,72.80123156704434,1.7963855032983747,73.59559696231715,1.7106050788677991,0.5164084904964127,0.19797075034911688,0.5267346373176479,0.14956996588428442,119.61613301575886,9.87128075440283,122.5852327035581,8.147688567966943,74.83623364892001,72.13168996559882,0.2878145100991405,0.6317115067339866,125.97228218253385,108.24405394375148,-3.400462562305833,0.3418849445569705,-1.3402192615426003
2025-01-01 04:45:00,EQ_002,73.14279567002104,0.4077589815501497,114.61158143807262,0,4,2,0,73.13826680185174,1.7002358049388535,73.16493766230687,1.422206633955906,0.44175764876846707,0.1734596807853258,0.5141944618304584,0.15786606250339044,121.73864218053257,6.208485567132115,119.7984985370394,7.980713638067888,71.43577108661418,74.83623364892001,0.629699454656111,0.2878145100991405,124.63206292099125,125.97228218253385,1.707024583406863,-0.22194047310596127,-10.020481482918626
2025-01-01 04:55:00,EQ_002,71.11091656204562,0.467767953078866,100.3737430832742,0,4,2,0,71.89649443956027,1.0914818749384283,72.53148138663994,1.5053244506040815,0.501742129761709,0.11480451607659975,0.4849504812236508,0.14799275482695998,113.2057958141127,12.190106449602629,114.76674471372469,10.869873961464169,73.14279567002104,71.43577108661418,0.4077589815501497,0.629699454656111,114.61158143807262,124.63206292099125,-2.0318791079754277,0.06000897152871626,-14.237838354798413
2025-01-01 05:00:00,EQ_002,69.44712077267086,0.6217158520825496,123.49650047299694,0,5,2,0,71.23361100157918,1.8508899699456212,71.99456754805433,2.060101433952218,0.49908092890385514,0.11036196107929036,0.4829513502933634,0.14556219234405898,112.8272749981146,11.664188331373573,117.81723401957376,10.72091828462961,71.11091656204562,73.14279567002104,0.467767953078866,0.4077589815501497,100.3737430832742,114.61158143807262,-1.6637957893747597,0.15394789900368366,23.122757389722736
2025-01-01 05:15:00,EQ_002,81.3577754749708,0.4568379687281951,117.36551783917751,0,5,2,0,73.9719376032291,6.450194175986169,73.2988759132645,4.692136149153282,0.515440591296537,0.09219918346074292,0.5167560420191742,0.10203325896788769,113.74525379848289,11.978948665022925,116.0958811509025,9.72928972147815,69.44712077267086,71.11091656204562,0.6217158520825496,0.467767953078866,123.49650047299694,100.3737430832742,11.910654702299937,-0.16487788335435455,-6.130982633819428
2025-01-01 05:20:00,EQ_002,78.60836032021618,0.5403730090336609,126.79142775438196,0,5,2,0,76.47108552261928,6.236335585076169,74.7333937599849,5.06198637835343,0.5396422766148019,0.08244137057481513,0.4988907528946843,0.08343987002298427,122.55114868885214,4.7835355051704616,116.52775411758064,10.23757857816376,81.3577754749708,69.44712077267086,0.4568379687281951,0.6217158520825496,117.36551783917751,123.49650047299694,-2.7494151547546153,0.08353504030546582,9.425909915204443
2025-01-01 05:30:00,EQ_002,72.37739866860113,0.4096298139269871,116.70552213652908,0,5,2,0,77.4478448212627,4.6012921080474065,74.58031435970092,5.133185376825336,0.46894693056294773,0.06620737107159648,0.4992649193700518,0.08293169344716171,120.28748924336286,5.642234548316514,116.94654225727194,10.182276596830487,78.60836032021618,81.3577754749708,0.5403730090336609,0.4568379687281951,126.79142775438196,117.36551783917751,-6.230961651615047,-0.13074319510667382,-10.085905617852873
2025-01-01 05:35:00,EQ_002,77.4468728061396,0.5324359281721603,127.31870704288296,0,5,2,0,76.14421059831898,3.3134449439726157,75.84750560851971,4.836060803858674,0.4941462503776028,0.07330088905247818,0.5121985143887106,0.08182684561151692,123.60521897793133,5.981126000968581,122.33553504919368,5.060457985665236,72.37739866860113,78.60836032021618,0.4096298139269871,0.5403730090336609,116.70552213652908,126.79142775438196,5.069474137538464,0.12280611424517324,10.61318490635388
2025-01-01 06:05:00,EQ_002,77.2213165574302,0.4741095026295923,126.12468794013604,0,6,2,0,75.6818626773903,2.863971140631567,77.40234476547157,3.2551782920026593,0.4720584149095799,0.06142874444937019,0.48267724449811916,0.05450167275505927,123.38297237318268,5.813576924034799,122.86117254262152,5.33997437123805,77.4468728061396,72.37739866860113,0.5324359281721603,0.4096298139269871,127.31870704288296,116.70552213652908,-0.2255562487093954,-0.05832642554256806,-1.1940191027469211
2025-01-01 06:15:00,EQ_002,80.79664901682123,0.4525096343377475,117.559195263258,0,6,2,0,78.48827946013034,2.0022852976103227,77.29011947384167,3.0902119475682883,0.48635168837983334,0.04134557346903993,0.4818115776200296,0.05504634176571852,123.66753008209234,5.323554836635833,122.89990802743759,5.290617766489984,77.2213165574302,77.4468728061396,0.4741095026295923,0.5324359281721603,126.12468794013604,127.31870704288296,3.575332459391035,-0.021599868291844793,-8.565492676878037
2025-01-01 08:05:00,EQ_002,76.99568057176036,0.5847421677150422,106.0069382519806,0,8,2,0,78.33788204867061,2.13234123729278,76.9675835241505,3.001100950791555,0.503787101560794,0.0709361024414598,0.4906854093563059,0.06872397625070248,116.56360715179154,10.095759500631422,118.74301012695733,8.599302975803035,80.79664901682123,77.2213165574302,0.4525096343377475,0.4741095026295923,117.559195263258,126.12468794013604,-3.8009684450608745,0.13223253337729468,-11.552257011277405
2025-01-01 08:10:00,EQ_002,74.81182648787576,0.4464671814046077,123.67649292991422,0,8,2,0,77.53471869215245,3.028604752550354,77.45446908800542,2.1458466451059315,0.4945729944857991,0.07814721786472137,0.4980528828518301,0.059173016339965204,115.74754214838428,8.973007070408185,120.13720428563435,8.750157929633405,76.99568057176036,80.79664901682123,0.5847421677150422,0.4525096343377475,106.0069382519806,117.559195263258,-2.1838540838845972,-0.13827498631043444,17.66955467793362
2025-01-01 08:35:00,EQ_002,74.71527188139466,0.4564513629430157,121.23547695955584,0,8,2,0,75.5075929803436,1.2896256076105004,76.90814890305644,2.4713076603309694,0.4958869040208886,0.07711267330903623,0.4828559698060011,0.05787820244636645,116.97296938048355,9.574968343308399,118.92055826896895,7.881816709025274,74.81182648787576,76.99568057176036,0.4464671814046077,0.5847421677150422,123.67649292991422,106.0069382519806,-0.09655460648110648,0.009984181538407966,-2.4410159703583787
2025-01-01 09:40:00,EQ_002,77.04126377857236,0.4980580394112267,125.62880860174354,0,9,2,0,75.52278738261425,1.315925006153375,76.87213834728486,2.466911429183509,0.4669921945862834,0.027363040881151407,0.487645677162328,0.05796430156378188,123.51359283040453,2.20119128232351,118.82138240129044,7.770844508211632,74.71527188139466,74.81182648787576,0.4564513629430157,0.4464671814046077,121.23547695955584,123.67649292991422,2.325991897177701,0.041606676468211035,4.393331642187704
2025-01-01 09:55:00,EQ_002,77.36298741206521,0.3383689391563412,114.69029102188036,0,9,2,0,76.37317435734407,1.4447688358026727,76.18540602633367,1.3061154623195415,0.4309594471701945,0.0828403917927733,0.4648175381260467,0.08927881099139161,120.51819219439324,5.504422293664849,118.24760155301492,7.9901623072938035,77.04126377857236,74.71527188139466,0.4980580394112267,0.4564513629430157,125.62880860174354,121.23547695955584,0.3217236334928515,-0.15968910025488553,-10.938517579863188
2025-01-01 10:00:00,EQ_002,76.28014867156938,0.3946317580853646,116.64862218828549,0,10,2,0,76.89479995406897,0.5560788373927364,76.04229964629546,1.2322524653518043,0.41035291221764414,0.08099702587436097,0.42679545620011117,0.06164121538405733,118.98924060396979,5.832809154869046,120.3759383402759,4.621811991716414,77.36298741206521,77.04126377857236,0.3383689391563412,0.4980580394112267,114.69029102188036,125.62880860174354,-1.0828387404958306,0.056262818929023406,1.9583311664051308
2025-01-01 11:25:00,EQ_002,80.2682089830392,0.3169367103143543,118.49162288433304,0,11,2,0,77.97044835555793,2.0622591642134607,77.13357614532815,2.0287685979149765,0.34997913585202006,0.040127641502076636,0.4008893619820605,0.07668913942500669,116.6101786981663,1.9009574978345878,119.33896433115964,4.263947496378921,76.28014867156938,77.36298741206521,0.3946317580853646,0.3383689391563412,116.64862218828549,114.69029102188036,3.988060311469823,-0.07769504777101033,1.8430006960475538
2025-01-01 11:30:00,EQ_002,70.25300555584029,0.551120259952498,119.26052434391607,0,11,2,0,75.60045440348296,5.042079248246357,76.24112288021729,3.673394209293186,0.42089624278407234,0.11928055624303036,0.41982314138395704,0.10150694947269978,118.13358980551153,1.3422551850503048,118.9439738080317,4.13383291034581,80.2682089830392,76.28014867156938,0.3169367103143543,0.3946317580853646,118.49162288433304,116.64862218828549,-10.015203427198912,0.23418354963814375,0.7689014595830344
2025-01-01 12:20:00,EQ_002,80.74636663142837,0.4753937511870051,122.5316523803798,0,12,2,0,77.08919372343594,5.925137988372914,76.9821434507885,4.209713126747252,0.4478169071512858,0.11950249150334909,0.41529028373911264,0.09756959385153773,120.09459986954296,2.1452787858618882,118.32454256375895,2.9419485086414787,70.25300555584029,80.2682089830392,0.551120259952498,0.3169367103143543,119.26052434391607,118.49162288433304,10.493361075588084,-0.07572650876549292,3.271128036463722
2025-01-01 13:45:00,EQ_002,68.32327820644949,0.4916894427371305,113.50234773151732,0,13,2,0,73.10755013123939,6.685402011354023,75.17420160966535,5.687142848794881,0.5060678179588779,0.03985823990049692,0.4459543844552705,0.09123843139947349,118.43150815193773,4.571382339666396,118.08695390568634,3.3310576769330544,80.74636663142837,70.25300555584029,0.4753937511870051,0.551120259952498,122.5316523803798,119.26052434391607,-12.423088424978886,0.01629569155012539,-9.029304648862478
2025-01-01 14:20:00,EQ_002,74.64917144270676,0.531917451041918,115.43879172525811,0,14,2,0,74.57293876019487,6.211895046612058,74.84800616389282,5.654531270553373,0.49966688165535117,0.029094016740431456,0.4734115230465812,0.09257965489013899,117.15759727905174,4.753714864114794,117.84498781308086,3.5012500568701834,68.32327820644949,80.74636663142837,0.4916894427371305,0.4753937511870051,113.50234773151732,122.5316523803798,6.325893236257272,0.04022800830478751,1.9364439937407951
2025-01-01 14:35:00,EQ_002,76.03843843581555,0.5115026079147417,114.42576946891678,1,14,2,0,73.00362936165727,4.112393572674742,74.00205205444809,4.908035100108405,0.5117031672312634,0.02011475406441922,0.5123247025666587,0.03032884774990639,114.45563630856407,0.9685674247599553,117.03181712999762,3.774973252007835,74.64917144270676,68.32327820644949,0.531917451041918,0.4916894427371305,115.43879172525811,113.50234773151732,1.3892669931087909,-0.02041484312717634,-1.0130222563413298
2025-01-01 15:15:00,EQ_002,75.14878069747873,0.5021311648671942,123.01107339191742,0,15,2,0,75.27879685866702,0.7037001109586108,74.98120708277578,4.439063759964226,0.515183741274618,0.015230520940877334,0.5025268835495978,0.021202492034222455,117.62521152869743,4.691714455316524,117.78192693959788,4.609032929518418,76.03843843581555,74.64917144270676,0.5115026079147417,0.531917451041918,114.42576946891678,115.43879172525811,-0.8896577383368225,-0.009371443047547445,8.585303923000637
2025-01-01 15:20:00,EQ_002,79.69141902988,0.6901190685753007,121.83834516322504,0,15,2,0,76.95954605439142,2.4073263568738517,74.7702175624661,4.109367266895584,0.5679176137857455,0.10593324620113877,0.545471947027257,0.08220616050402747,119.75839600801976,4.655266074968415,117.64326549616695,4.437658173074857,75.14878069747873,76.03843843581555,0.5021311648671942,0.5115026079147417,123.01107339191742,114.42576946891678,4.542638332401268,0.18798790370810647,-1.1727282286923781
2025-01-01 15:50:00,EQ_002,76.11066885816857,0.5267126651011483,119.1940025070324,0,15,2,0,76.98362286184243,2.393831087221552,76.32769569280993,1.9781739888360215,0.572987632847881,0.10218068538189051,0.5524765915000606,0.07785473487362468,121.34780702072494,1.9552437922148729,118.78159645126996,3.79308050174197,79.69141902988,75.14878069747873,0.6901190685753007,0.5021311648671942,121.83834516322504,123.01107339191742,-3.580750171711429,-0.16340640347415236,-2.6443426561926486
2025-01-01 16:05:00,EQ_002,70.52696348890248,0.5895038314076115,114.50459725404464,0,16,2,0,75.44301712565034,4.618563680148789,75.50325410204906,3.281966639105764,0.6021118550280201,0.08242957520695404,0.5639938675731992,0.07831114059799983,118.51231497476736,3.7140931622114643,118.59475755702726,4.0153976641669695,76.11066885816857,79.69141902988,0.5267126651011483,0.6901190685753007,119.1940025070324,121.83834516322504,-5.5837053692660845,0.0627911663064632,-4.689405252987754
2025-01-01 16:40:00,EQ_002,76.33525132934629,0.2848184598670695,124.82066727335386,0,16,2,0,74.32429455880579,3.290501749343089,75.56261668075521,3.2967179746370756,0.4670116521252765,0.16087713361586992,0.5186570379636648,0.14953007582019345,119.50642234481029,5.165126307952243,120.67373711791467,4.008253474073671,70.52696348890248,76.11066885816857,0.5895038314076115,0.5267126651011483,114.50459725404464,119.1940025070324,5.8082878404438105,-0.30468537154054204,10.316070019309223
2025-01-01 17:45:00,EQ_002,73.59107695569746,0.5018849622944848,116.33492979631949,0,17,2,0,73.48443059131542,2.9056121548890355,75.25107593239895,3.4170095878624354,0.45873575118972193,0.1568588050506636,0.518607797449123,0.14953691869959898,118.55339810790599,5.504228047415689,119.33850839879508,4.144644529511705,76.33525132934629,70.52696348890248,0.2848184598670695,0.5895038314076115,124.82066727335386,114.50459725404464,-2.744174373648832,0.21706650242741526,-8.485737477034377
2025-01-01 18:20:00,EQ_002,82.75250246407039,0.3856273792679338,139.04136589573008,0,18,2,0,77.55961024970472,4.7018316017019055,75.86329261923704,4.510668601290634,0.3907769338098294,0.10862483626225995,0.45770945958764964,0.12162421422311206,126.7323209884678,11.473289634147497,122.77911254529609,9.892888081030437,73.59107695569746,76.33525132934629,0.5018849622944848,0.2848184598670695,116.33492979631949,124.82066727335386,9.161425508372929,-0.11625758302655098,22.706436099410595
2025-01-01 18:50:00,EQ_002,69.3863898921885,0.4451275092259038,134.76934426118274,0,18,2,0,75.24332310398545,6.83452114796306,74.51843682604103,5.343931449136333,0.44421328359610746,0.058134183224420544,0.4413924284126007,0.11536402549483041,130.04854665107743,12.066897183652348,125.89418089612616,10.884292889270004,82.75250246407039,73.59107695569746,0.3856273792679338,0.5018849622944848,139.04136589573008,116.33492979631949,-13.366112571881885,0.059500129957969994,-4.272021634547343
2025-01-01 18:55:00,EQ_002,76.91204873092025,0.5092844901141115,108.32220448732065,0,18,2,0,76.35031369572638,6.700738840484544,75.79545387444458,4.895765240817777,0.4466797928693163,0.0618431682086889,0.42534856015390066,0.09303325926101128,127.37763821474448,16.640153488375407,124.65770234278133,12.701167959137592,69.3863898921885,82.75250246407039,0.4451275092259038,0.3856273792679338,134.76934426118274,139.04136589573008,7.525658838731744,0.0641569808882077,-26.44713977386209
2025-01-01 19:10:00,EQ_002,76.44584321953909,0.62657078408647,114.11133173261304,0,19,2,0,74.24809394754928,4.216807042792479,75.81757225248313,4.899062360989524,0.5269942611421617,0.0920089261454083,0.49369902499778073,0.08944760115673304,119.06762682703881,13.902749596817918,122.51583523463319,13.541972456389852,76.91204873092025,69.3863898921885,0.5092844901141115,0.4451275092259038,108.32220448732065,134.76934426118274,-0.46620551138116184,0.11728629397235857,5.789127245292391
2025-01-01 19:35:00,EQ_002,72.22261440419872,0.6775310892609512,128.33333911780306,0,19,2,0,75.19350211821934,2.5834022628502487,75.54387974218339,5.08908515208822,0.6044621211538442,0.08627470233863814,0.5288282503910741,0.12202499673114603,116.9222917792456,10.29745112091559,124.91551709892993,13.232417260110033,76.44584321953909,76.91204873092025,0.62657078408647,0.5092844901141115,114.11133173261304,108.32220448732065,-4.223228815340363,0.050960305174481135,14.222007385190025
2025-01-01 21:30:00,EQ_002,74.83436513563102,0.6310308746119608,119.689410671291,0,21,2,0,74.50094091978961,2.131265865034807,73.96025227649552,3.1462255331118607,0.645044249319794,0.028222671363560995,0.5779089494598795,0.09676609828697905,120.71136050723571,7.16586768064344,121.04512605404211,10.644956741854841,72.22261440419872,76.44584321953909,0.6775310892609512,0.62657078408647,128.33333911780306,114.11133173261304,2.611750731432295,-0.046500214648990346,-8.643928446512064
2025-01-01 21:35:00,EQ_002,83.97278931758893,0.6395683810789956,110.90316583018166,0,21,2,0,77.00992295247289,6.169800765392086,76.8775321615756,4.369582693749026,0.6493767816506358,0.024753202458081172,0.6167971238304979,0.06337238203335635,119.6419718730919,8.715183477059341,116.27189036784189,7.966283847392825,74.83436513563102,72.22261440419872,0.6310308746119608,0.6775310892609512,119.689410671291,128.33333911780306,9.138424181957916,0.008537506467034772,-8.786244841109337
2025-01-01 21:40:00,EQ_002,72.41194350481915,0.4437831973421697,110.63493625210404,0,21,2,0,77.07303265267969,6.096885529971521,75.97751111635539,4.802684481585279,0.5714608176777086,0.11065443192695966,0.6036968652761094,0.09162560190476554,113.74250425119224,5.1519179684556935,116.73443672079857,7.438997140235611,83.97278931758893,74.83436513563102,0.6395683810789956,0.6310308746119608,110.90316583018166,119.689410671291,-11.560845812769784,-0.1957851837368259,-0.26822957807762293
2025-01-01 23:20:00,EQ_002,74.16440959841573,0.4741203937332897,99.15887060501412,0,23,2,0,76.8497141402746,6.230684901241222,75.5212243921307,4.855155177762203,0.519157324051485,0.10537648391401254,0.5732067872054734,0.10630101741001716,106.8989908957666,6.70448233371716,113.74394449527877,10.939142328886346,72.41194350481915,83.97278931758893,0.4437831973421697,0.6395683810789956,110.63493625210404,110.90316583018166,1.7524660935965812,0.03033719639111998,-11.476065647089925
2025-01-02 02:00:00,EQ_002,82.8276201461717,0.6100959634998571,135.78118057562185,0,2,3,0,76.46799108313553,5.5768670162432965,77.6422255405253,5.345546952963081,0.5093331848584387,0.0885716633064601,0.5597197620532546,0.093230061274049,115.19166247758001,18.73155659085152,115.23351278684254,13.604729046359246,74.16440959841573,72.41194350481915,0.4741203937332897,0.4437831973421697,99.15887060501412,110.63493625210404,8.663210547755966,0.13597556976656738,36.62230997060773
2025-01-02 02:10:00,EQ_002,72.22400236653401,0.3770450405547583,128.69154592496898,0,2,3,0,76.40534403704048,5.645840758719923,77.1201529867059,5.796761002013912,0.48708713259596825,0.11706530403556935,0.5089225952418142,0.11197142003709908,121.21053236853497,19.423505599388605,117.03393983757812,14.877924518095403,82.8276201461717,74.16440959841573,0.6100959634998571,0.4741203937332897,135.78118057562185,99.15887060501412,-10.603617779637688,-0.23305092294509877,-7.089634650652869
2025-01-02 02:15:00,EQ_002,84.40578534720295,0.5496699223236522,115.44460473976127,0,2,3,0,79.81913595330288,6.624740900675701,77.20675219262871,5.926509713873096,0.5122703087927558,0.12094309195066036,0.49094290349074543,0.09100284659075267,126.6391104134507,10.322472951218316,117.94222761949405,14.544975202059236,72.22400236653401,82.8276201461717,0.3770450405547583,0.6100959634998571,128.69154592496898,135.78118057562185,12.181782980668942,0.1726248817688939,-13.246941185207703
2025-01-02 02:25:00,EQ_002,64.00597021689958,0.4894051645695864,129.55300558237752,0,2,3,0,73.54525264354551,10.263887716577765,75.52555753504478,8.33115308029337,0.4720400424826656,0.0876127733281594,0.5000672969362288,0.08730424721728891,124.56305208236927,7.908545355517161,121.72584148554874,14.6292532520675,84.40578534720295,72.22400236653401,0.5496699223236522,0.3770450405547583,115.44460473976127,128.69154592496898,-20.399815130303367,-0.06026475775406581,14.108400842616248
2025-01-02 02:30:00,EQ_002,77.20007225026666,0.7644343347017035,128.76046792529797,0,2,3,0,75.20394260478973,10.34536198055934,76.13269006541498,8.317762212098623,0.601169807198314,0.14456638514007233,0.5581300851299116,0.1439169711462627,124.58602608247891,7.926614479605595,127.64616094960552,7.433489834760961,64.00597021689958,84.40578534720295,0.4894051645695864,0.5496699223236522,129.55300558237752,115.44460473976127,13.194102033367074,0.27502917013211714,-0.7925376570795493
2025-01-02 02:40:00,EQ_002,69.89383591434644,0.5253739661494573,113.9601937403077,0,2,3,0,70.3666261271709,6.6097450825075,73.54593321904993,7.7036570907762,0.593071155140249,0.14949061225987204,0.5411856856598316,0.14123148178128553,124.09122241599438,8.782672458037041,123.28196358254267,7.856894191391659,77.20007225026666,64.00597021689958,0.7644343347017035,0.4894051645695864,128.76046792529797,129.55300558237752,-7.306236335920218,-0.23906036855224622,-14.800274184990272
2025-01-02 02:45:00,EQ_002,78.54178223649677,0.5467693171765433,117.70451344639652,0,2,3,0,75.21189680036996,4.654178242437395,74.80948919304248,7.946909273709734,0.612192539342568,0.1322785449421886,0.5751305409841885,0.10852774453451688,120.14172503733407,7.695260180265038,121.08455708682818,7.4937396822875355,69.89383591434644,77.20007225026666,0.5253739661494573,0.7644343347017035,113.9601937403077,128.76046792529797,8.647946322150332,0.021395351027086007,3.7443197060888167
2025-01-02 02:50:00,EQ_002,76.219003568856,0.6085786324939347,103.60515837474566,1,2,3,0,74.8848739065664,4.475675408756688,73.17213283737308,6.105461074691878,0.5602406386066451,0.04320719270189571,0.5869122830182449,0.10826999795797455,111.75662185381663,7.3034067498203346,118.71666781382507,10.843320023363658,78.54178223649677,69.89383591434644,0.5467693171765433,0.5253739661494573,117.70451344639652,113.9601937403077,-2.322778667640776,0.06180931531739142,-14.099355071650862
2025-01-02 03:20:00,EQ_002,84.23318498023833,0.5621571889856051,123.2405702822156,0,3,3,0,79.66465692853036,4.123398065205956,77.21757579004084,5.138261224482502,0.572501712885361,0.032176928785009724,0.6014626879014489,0.0960939318484231,114.85008070111924,10.124138971635364,117.45418075379268,9.557463914945297,76.219003568856,78.54178223649677,0.6085786324939347,0.5467693171765433,103.60515837474566,117.70451344639652,8.014181411382339,-0.04642144350832966,19.635411907469944
2025-01-02 03:25:00,EQ_002,69.64957616836924,0.4630389663956366,108.52308610184332,0,3,3,0,76.70058823915453,7.303721951197672,75.70747657366135,6.153844882007698,0.544591595958392,0.0743428621038984,0.5411836142402354,0.05331442196962115,111.78960491960152,10.217140455336736,113.40670438910176,7.6714155050714945,84.23318498023833,76.219003568856,0.5621571889856051,0.6085786324939347,123.2405702822156,103.60515837474566,-14.583608811869098,-0.0991182225899685,-14.717484180372281
2025-01-02 03:35:00,EQ_002,71.54045965059377,0.4970737186315022,90.08864029099276,0,3,3,0,75.14107359973379,7.930556544307777,76.03680132091083,5.7987620597629865,0.5074232913375812,0.050363089199804416,0.5355235647366443,0.05680067665918004,107.28409889168388,16.61065719699066,108.63239369923876,12.892420383802374,69.64957616836924,84.23318498023833,0.4630389663956366,0.5621571889856051,108.52308610184332,123.2405702822156,1.8908834822245382,0.034034752235865606,-18.434445810850562
2025-01-02 03:55:00,EQ_002,76.76027698257148,0.6261921500713992,127.77407352764511,0,3,3,0,72.65010426717816,3.6829335995385803,75.68050027012575,5.659423582720232,0.5287682783661792,0.08607060574589637,0.5514081313156156,0.07024598852856344,108.79526664016039,18.8441909150439,110.64630571548848,15.237120424404372,71.54045965059377,69.64957616836924,0.4970737186315022,0.4630389663956366,90.08864029099276,108.52308610184332,5.219817331977708,0.12911843143989699,37.68543323665236
2025-01-02 04:40:00,EQ_002,78.21361379933772,0.4945105999383714,111.75485838472326,0,4,3,0,75.504783477501,3.5092655256022685,76.07942231622211,5.775969301974873,0.5392588228804241,0.0752973766258066,0.5285945248045028,0.06539219234557964,109.87252406778704,18.913100127136246,112.27624571748402,14.722830624637824,76.76027698257148,71.54045965059377,0.6261921500713992,0.4970737186315022,127.77407352764511,90.08864029099276,1.4533368167662388,-0.1316815501330278,-16.01921514292185
2025-01-02 04:45:00,EQ_002,81.64576265066216,0.5285554074857657,113.914102767603,0,4,3,0,78.87321781085711,2.508645180628339,75.56193785030686,4.914484555495517,0.5497527191651786,0.06835204589611692,0.5218741685045349,0.06275406050265538,117.81434489332378,8.692682550757233,110.41095221456149,13.528825981055402,78.21361379933772,76.76027698257148,0.4945105999383714,0.6261921500713992,111.75485838472326,127.77407352764511,3.432148851324442,0.03404480754739431,2.1592443828797343
2025-01-02 05:00:00,EQ_002,74.55132152856386,0.5555604466003449,132.23083067095325,1,5,3,0,78.13689932618792,3.5478426601983557,76.54228692234581,3.8035686191163487,0.5262088180081607,0.030592495909861787,0.5403784645454767,0.05411429548461065,119.29993060775985,11.250409610741782,115.15250112838348,16.524588925174818,81.64576265066216,78.21361379933772,0.5285554074857657,0.4945105999383714,113.914102767603,111.75485838472326,-7.094441122098303,0.027005039114579188,18.316727903350255
2025-01-02 05:10:00,EQ_002,71.61803848970365,0.4802661579692674,123.5250496835688,0,5,3,0,75.93837422297655,5.155749154572618,76.55780269016778,3.7781371016675482,0.521460670685126,0.03814523486384315,0.5370169524130297,0.057868638888733046,123.223327707375,9.16209077582905,121.83978300689868,8.811241558419743,74.55132152856386,81.64576265066216,0.5555604466003449,0.5285554074857657,132.23083067095325,113.914102767603,-2.9332830388602105,-0.07529428863107746,-8.705780987384458
2025-01-02 05:15:00,EQ_002,84.00470216455408,0.4848726716346488,114.2964863358632,0,5,3,0,76.72468739427387,6.473020827877828,78.00668772656431,5.050154862354439,0.5068997587347537,0.04220428769333412,0.5087530567256796,0.032278818947944196,123.3507888967951,8.968441993944658,119.1442655685423,8.600993555739835,71.61803848970365,74.55132152856386,0.4802661579692674,0.5555604466003449,123.5250496835688,132.23083067095325,12.386663674850425,0.004606513665381395,-9.228563347705602
2025-01-02 05:30:00,EQ_002,75.64052207455394,0.5593556722280861,100.87745024580224,0,5,3,0,77.08775424293722,6.318878061837217,77.49206938160754,5.1538339569532825,0.5081648339440008,0.044392357846907336,0.5217220711836227,0.03769777530236711,112.8996620884114,11.388229825441782,116.96878394075809,11.740080520658669,84.00470216455408,71.61803848970365,0.4848726716346488,0.4802661579692674,114.2964863358632,123.5250496835688,-8.364180090000133,0.07448300059343732,-13.419036090060956
2025-01-02 06:50:00,EQ_002,82.51699150883576,0.5725095786847997,118.77291066404275,0,6,3,0,80.72073858264793,4.462036595055906,77.66631515324227,5.340713540577561,0.5389126408491782,0.047259866888285006,0.5305129054234293,0.04424582367578942,111.31561574856939,9.312683178807635,117.94054552004604,11.624544677699598,75.64052207455394,84.00470216455408,0.5593556722280861,0.4848726716346488,100.87745024580224,114.2964863358632,6.876469434281816,0.013153906456713549,17.895460418240518
2025-01-02 07:00:00,EQ_002,73.89517913085169,0.4358518404777047,108.69796275326075,0,7,3,0,77.3508975714138,4.5582837148957935,77.53508667369984,5.443460791132874,0.5225723637968634,0.07538960927959207,0.5065711841989013,0.05765864955208478,109.44944122103526,8.971366440562328,113.23397193650756,8.817228417644431,82.51699150883576,75.64052207455394,0.5725095786847997,0.5593556722280861,118.77291066404275,100.87745024580224,-8.621812377984071,-0.13665773820709498,-10.074947910782
2025-01-02 07:25:00,EQ_002,71.59007876001101,0.5708303847201064,117.87791030098848,0,7,3,0,76.00074979989948,5.759724510501633,77.52949472776129,5.451067901594993,0.5263972679608703,0.07841913511174833,0.5246840295490691,0.061430843405344354,115.11626123943067,5.5763942656203875,112.10454405999148,7.4205106558013885,73.89517913085169,82.51699150883576,0.4358518404777047,0.5725095786847997,108.69796275326075,118.77291066404275,-2.3051003708406768,0.1349785442424017,9.179947547727721
2025-01-02 07:30:00,EQ_002,69.99189995052542,0.5351448207541583,110.48081539977764,0,7,3,0,71.8257192804627,1.962279778994598,74.72693428495556,4.859831879026727,0.5139423486506565,0.06994255120400117,0.5347384593729709,0.0572582313388113,112.35222948467562,4.867699893442744,111.34140987277438,7.334438091193442,71.59007876001101,73.89517913085169,0.5708303847201064,0.4358518404777047,117.87791030098848,108.69796275326075,-1.5981788094855887,-0.03568556396594813,-7.397094901210835
2025-01-02 07:40:00,EQ_002,83.98843263424762,0.497347874075094,122.57752540142752,0,7,3,0,75.19013711492802,7.661334538494702,76.3965163968943,6.4318553009945,0.5344410265164529,0.036746310528001716,0.5223368997423725,0.057308541069378674,116.97875036739788,6.098275547696597,115.68142490389944,5.868413695381677,69.99189995052542,71.59007876001101,0.5351448207541583,0.5708303847201064,110.48081539977764,117.87791030098848,13.996532683722194,-0.03779694667906425,12.096710001649882
2025-01-02 08:10:00,EQ_002,75.29815184960087,0.4207580079000038,115.86394466578356,0,8,3,0,76.42616147812464,7.066118884023808,74.95274846504732,5.449745643822118,0.48441690090975204,0.058279441392183697,0.4919865855854134,0.0638990243011109,116.30742848899622,6.060536827880155,115.0996317042476,5.624427300247493,83.98843263424762,69.99189995052542,0.497347874075094,0.5351448207541583,122.57752540142752,110.48081539977764,-8.690280784646745,-0.07658986617509023,-6.7135807356439585
2025-01-02 08:15:00,EQ_002,71.76531611147213,0.4692038470360959,138.87687657340192,0,8,3,0,77.01730019844021,6.290289950894537,74.52677586117142,5.633225522406225,0.4624365763370646,0.03874079070843937,0.4986569868970917,0.058046992871596675,125.77278221353767,11.83452611293212,121.13541446827583,10.825425744053508,75.29815184960087,83.98843263424762,0.4207580079000038,0.497347874075094,115.86394466578356,122.57752540142752,-3.532835738128739,0.04844583913609213,23.012931907618352
2025-01-02 08:25:00,EQ_002,76.96742692710875,0.5213293707372939,106.64518430900108,0,8,3,0,74.67696496272725,2.6561050611485224,75.60224549459096,5.442479495708145,0.4704304085577979,0.05029689946321157,0.4887567841005292,0.04553235411318467,120.46200184939552,16.60051487016541,118.88886926987834,12.677538998034235,71.76531611147213,75.29815184960087,0.4692038470360959,0.4207580079000038,138.87687657340192,115.86394466578356,5.202110815636615,0.052125523701197995,-32.231692264400834
2025-01-02 09:15:00,EQ_002,75.98955391731324,0.4806173861227196,130.38378851019317,0,9,3,0,74.90743231863138,2.764729570914914,76.80177628794851,4.471073481677647,0.4903835346320365,0.02740074447548082,0.47785129717424146,0.03745841932636556,125.30194979753206,16.70596630197982,122.86946389196146,12.500921075252519,76.96742692710875,71.76531611147213,0.5213293707372939,0.4692038470360959,106.64518430900108,138.87687657340192,-0.977873009795502,-0.040711984614574315,23.73860420119209
2025-01-02 10:10:00,EQ_002,75.190017390841,0.6800511181510853,121.90423889925056,0,10,3,0,76.04899941175434,0.8901946360269214,75.0420932392672,1.964007857530574,0.5606659583370329,0.10537541796208635,0.5143919459894397,0.09929890322500792,119.64440390614827,12.0295666173911,122.73480659152605,12.508475918155119,75.98955391731324,76.96742692710875,0.4806173861227196,0.5213293707372939,130.38378851019317,106.64518430900108,-0.799536526472238,0.19943373202836573,-8.479549610942613
2025-01-02 10:15:00,EQ_002,75.60015663359131,0.6238946352939437,124.49218721285034,0,10,3,0,75.59324264724853,0.39981310220698146,75.1024941960653,1.9784422420186563,0.5948543798559163,0.10283946564728838,0.5550192714682278,0.09275197498132248,125.59340487409803,4.345710604054568,124.46045510093941,11.904182125787239,75.190017390841,75.98955391731324,0.6800511181510853,0.4806173861227196,121.90423889925056,130.38378851019317,0.41013924275030433,-0.05615648285714159,2.5879483135997816
2025-01-02 10:40:00,EQ_002,76.99611561302639,0.5476357769356219,124.53508712554468,0,10,3,0,75.92876321248623,0.946828606356651,76.14865409637613,0.811438019414858,0.617193843460217,0.06646150092874051,0.5707056574481328,0.08042330328834539,123.64383774588185,1.5066894872627148,121.59209721136797,8.914499218825169,75.60015663359131,75.190017390841,0.6238946352939437,0.6800511181510853,124.49218721285034,121.90423889925056,1.395958979435079,-0.0762588583583218,0.04289991269433813
2025-01-02 10:45:00,EQ_002,78.2359796985137,0.5505470159166627,110.1770596574532,0,10,3,0,76.94408398171048,1.3186816429250576,76.40236465065712,1.2245836671735386,0.5740258093820761,0.04321219360865906,0.5765491864840067,0.07692406942614677,119.73477799861605,8.27725467877954,122.2984722810584,7.454381826159018,76.99611561302639,75.60015663359131,0.5476357769356219,0.6238946352939437,124.53508712554468,124.49218721285034,1.2398640854873122,0.0029112389810407313,-14.358027468091478
2025-01-02 11:00:00,EQ_002,68.8711716849883,0.5392415967178767,116.57450799142237,0,11,3,0,74.70108899884279,5.086773796072104,74.97868820419214,3.619827423203801,0.5458081298567204,0.005870123184295616,0.5882740286030381,0.06158497411774547,117.09555159147341,7.193181008321861,119.53661617730423,6.154742411656647,78.2359796985137,76.99611561302639,0.5505470159166627,0.5476357769356219,110.1770596574532,124.53508712554468,-9.364808013525405,-0.011305419198785915,6.397448333969166
2025-01-02 11:10:00,EQ_002,76.12225909279987,0.4974425687808005,110.37267434715388,0,11,3,0,74.40980349210062,4.911647933313439,75.1651365445839,3.657249025192303,0.52907706047178,0.0279733609747748,0.5517523187289811,0.04563162175300724,112.3747473320098,3.638414280145616,117.2303032668849,7.1291691823881465,68.8711716849883,78.2359796985137,0.5392415967178767,0.5505470159166627,116.57450799142237,110.1770596574532,7.251087407811568,-0.04179902793707624,-6.20183364426849
2025-01-02 11:15:00,EQ_002,80.23549151306077,0.3230924095110882,117.93388720303952,0,11,3,0,75.07630743028297,5.753907580846409,76.0922035204778,4.322148564910532,0.45325885833658847,0.11464845391021386,0.49159187357240997,0.09658341479290052,114.96035651387193,4.030768997022836,115.91864326492274,5.967789059426873,76.12225909279987,68.8711716849883,0.4974425687808005,0.5392415967178767,110.37267434715388,116.57450799142237,4.1132324202609,-0.1743501592697123,7.561212855885643
2025-01-02 11:25:00,EQ_002,72.7055786856553,0.4590717561886896,121.56972960968434,0,11,3,0,76.35444309717198,3.7703221156813953,75.23409613500358,4.519245018373834,0.4265355781601928,0.09161575557659396,0.4738790694230236,0.09173514297765499,116.62543038662591,5.712053577160685,115.32557176175067,4.959612587304292,80.23549151306077,76.12225909279987,0.3230924095110882,0.4974425687808005,117.93388720303952,110.37267434715388,-7.529912827405468,0.13597934667760142,3.6358424066448265
2025-01-02 11:50:00,EQ_002,78.2616143920671,0.5000207064918197,131.59074064955897,0,11,3,0,77.06756153026106,3.9043845193156836,75.23922307371427,4.523514468443336,0.4273949573971992,0.09262003160430833,0.46377380753805497,0.08360050150685307,123.69811915409429,7.072831332252531,119.6083079601718,7.821931081885707,72.7055786856553,80.23549151306077,0.4590717561886896,0.3230924095110882,121.56972960968434,117.93388720303952,5.556035706411805,0.040948950303130116,10.021011039874622
2025-01-02 12:20:00,EQ_002,77.4701509314137,0.4341883510924743,117.11451304124296,0,12,3,0,76.1457813363787,3.0054698985218224,76.95901892299935,2.805583913625566,0.4644269379243278,0.033241288075566894,0.4427631584129744,0.07233403513372264,123.42499443349543,7.414296805280734,119.71630897013593,7.773145649536029,78.2616143920671,72.7055786856553,0.5000207064918197,0.4590717561886896,131.59074064955897,121.56972960968434,-0.7914634606534037,-0.06583235539934545,-14.476227608316009
2025-01-02 13:25:00,EQ_002,69.40165052686928,0.4417241342388417,123.21593211339238,0,13,3,0,75.04447195011669,4.9028235551957735,75.61489720981324,4.440313574165582,0.45864439727437856,0.03603049028601145,0.43161947150458263,0.06580118429482575,123.97372860139812,7.267804557076949,122.28496052338365,5.780163780608177,77.4701509314137,78.2616143920671,0.4341883510924743,0.5000207064918197,117.11451304124296,131.59074064955897,-8.068500404544423,0.007535783146367436,6.101419072149426
2025-01-02 13:55:00,EQ_002,77.3852041361156,0.6236130721806218,137.02514658129604,0,13,3,0,74.75233519813285,4.6340235031751105,75.0448397344242,3.8413801497493245,0.4998418525039792,0.10725522421817085,0.49172360403848947,0.07800652087445942,125.78519724531047,10.200939882194184,126.10321239903494,8.048092668078334,69.40165052686928,77.4701509314137,0.4417241342388417,0.4341883510924743,123.21593211339238,117.11451304124296,7.983553609246329,0.18188893794178007,13.809214467903658
2025-01-02 14:10:00,EQ_002,79.9813340972357,0.438234810456565,112.66967004476012,0,14,3,0,75.58939625340686,5.513721118806211,76.49999081674028,4.1028745044635055,0.5011906722920095,0.10603526225261067,0.4875562148920645,0.08069718304424331,124.30358291314951,12.214112637727624,124.32320048605011,10.03932971252096,77.3852041361156,69.40165052686928,0.6236130721806218,0.4417241342388417,137.02514658129604,123.21593211339238,2.5961299611200985,-0.1853782617240568,-24.355476536535917
2025-01-02 14:25:00,EQ_002,72.85942419517043,0.6203884437168816,125.53040085852358,0,14,3,0,76.74198747617392,3.6042608003589165,75.41955277736095,4.232256865956938,0.5607454421180228,0.10610956935992769,0.5116297623370769,0.10079620582628139,125.07507249485991,12.184120906717315,123.11113252784303,9.279644569450795,79.9813340972357,77.3852041361156,0.438234810456565,0.6236130721806218,112.66967004476012,137.02514658129604,-7.121909902065269,0.18215363326031664,12.860730813763453
2025-01-02 14:35:00,EQ_002,79.25110871056746,0.4549810735148588,117.5147138192555,0,14,3,0,77.36395566765786,3.9180875588488564,75.77574433319168,4.513576704660574,0.5045347758961017,0.10068099916195776,0.5157883068215537,0.0971660109612285,118.57159490751307,6.495178788305851,123.19117268344553,9.21650202494909,72.85942419517043,79.9813340972357,0.6203884437168816,0.438234810456565,125.53040085852358,112.66967004476012,6.391684515397031,-0.16540737020202284,-8.015687039268073
2025-01-02 14:40:00,EQ_002,73.2567393279607,0.5000527958856598,132.00531658473872,0,14,3,0,75.12242407789954,3.581060237654134,76.54676209340997,3.325412422059077,0.5251407710391334,0.08550996668379224,0.5274540391509174,0.08922806850232216,125.01681042083926,7.258940933773911,124.9490495777148,10.025137182476165,79.25110871056746,72.85942419517043,0.4549810735148588,0.6203884437168816,117.5147138192555,125.53040085852358,-5.994369382606763,0.04507172237080098,14.490602765483217
2025-01-02 14:45:00,EQ_002,73.25371147840785,0.5601206748929115,121.40359869848048,0,14,3,0,75.253853172312,3.4617251725915317,75.72046356186843,3.5693424494222405,0.5050515147644766,0.05274774248540016,0.5147555596933753,0.07559908297963121,123.6412097008249,7.499971291619546,121.8247400011517,7.41527230713761,73.2567393279607,79.25110871056746,0.5000527958856598,0.4549810735148588,132.00531658473872,117.5147138192555,-0.0030278495528506255,0.060067879007251745,-10.601717886258243
2025-01-02 14:50:00,EQ_002,73.39182474391309,0.3556145183866458,100.32930296412847,0,14,3,0,73.30075851676055,0.07888019564046746,74.40256169120391,2.717721306849391,0.47192932972173907,0.10511369570158928,0.49823150127939153,0.10120043085571362,117.91273941578255,16.12395837323981,119.35666658502537,11.91350734592115,73.25371147840785,73.2567393279607,0.5601206748929115,0.5000527958856598,121.40359869848048,132.00531658473872,0.13811326550523972,-0.2045061565062657,-21.074295734352006
2025-01-02 15:10:00,EQ_002,80.15141727015921,0.4491859802352689,119.43411511100103,0,15,3,0,75.59898449749339,3.9431271765895017,75.86096030620166,3.520563553669237,0.4549737245049421,0.10237585408698573,0.46399100858306896,0.07514518725425286,113.72233892453666,11.640437087065399,118.13740943552084,11.425680423246028,73.39182474391309,73.25371147840785,0.3556145183866458,0.5601206748929115,100.32930296412847,121.40359869848048,6.759592526246124,0.09357146184862308,19.10481214687256
2025-01-02 15:20:00,EQ_002,73.70478927089648,0.4546751590976987,100.48898135961376,0,15,3,0,75.74934376165626,3.81551766861133,74.75169641826747,3.024115837984194,0.4198252192398711,0.0556757878183409,0.4639298256996369,0.07515448102888059,106.75079981158109,10.984363410588273,114.73226294359249,13.922004553036569,80.15141727015921,73.39182474391309,0.4491859802352689,0.3556145183866458,119.43411511100103,100.32930296412847,-6.446627999262731,0.005489178862429778,-18.945133751387274
2025-01-02 16:10:00,EQ_002,79.5816383735124,0.3446241233983935,118.7048275313656,0,16,3,0,77.8126149715227,3.568870407819551,76.01667622737781,3.5239778449956156,0.41616175424378704,0.06201416968221844,0.43284409120218365,0.08759302377356223,112.87597466732679,10.7336465144632,112.07216513291787,10.692650847678292,73.70478927089648,80.15141727015921,0.4546751590976987,0.4491859802352689,100.48898135961376,119.43411511100103,5.876849102615921,-0.11005103569930519,18.215846171751835
2025-01-02 16:45:00,EQ_002,69.80047036437234,0.6642672953255964,123.61417317273104,0,16,3,0,74.3622993362604,4.923621788916925,75.3260280045707,4.424249814854486,0.4878555259405628,0.16238424153159442,0.4536734152887206,0.1283337623118302,114.26932735457012,12.183959555995369,112.51428002776797,11.208212367531925,79.5816383735124,73.70478927089648,0.3446241233983935,0.4546751590976987,118.7048275313656,100.48898135961376,-9.78116800914006,0.3196431719272029,4.909345641365448
2025-01-02 19:00:00,EQ_002,83.06855634529323,0.567286123596682,102.68798696555076,0,19,3,0,77.48355502772598,6.878371296584481,77.26137432484674,5.379909888959166,0.5253925141068906,0.16388790445601287,0.4960077363307279,0.12268816643570071,115.0023292232158,10.943385563242504,112.98601682805244,10.600304113116591,69.80047036437234,79.5816383735124,0.6642672953255964,0.3446241233983935,123.61417317273104,118.7048275313656,13.268085980920887,-0.0969811717289144,-20.92618620718028
2025-01-02 20:10:00,EQ_002,69.518624565524,0.3399096021523484,112.92374105177974,0,20,3,0,74.12921709172986,7.742977397700865,75.13481578391969,6.015818546197101,0.5238210070248756,0.16648991125325963,0.47415246071414374,0.1414174936333384,113.07530039668718,10.463916330450415,111.68394201620818,9.992681095303917,83.06855634529323,69.80047036437234,0.567286123596682,0.6642672953255964,102.68798696555076,123.61417317273104,-13.549931779769238,-0.22737652144433357,10.23575408622898
2025-01-02 20:15:00,EQ_002,67.79974558702853,0.4171502975219754,112.87826135823956,0,20,3,0,73.46230883261525,8.363529738800622,73.95380704714611,6.883760997935106,0.4414486744236686,0.1156193278222724,0.46664748839899917,0.14368706300952636,109.49666312519003,5.896530368425207,114.16179801593334,7.8232842320370395,69.518624565524,83.06855634529323,0.3399096021523484,0.567286123596682,112.92374105177974,102.68798696555076,-1.718878978495468,0.07724069536962702,-0.04547969354018733
2025-01-02 20:20:00,EQ_002,82.97252531612486,0.4896745239850952,118.89334631442672,0,20,3,0,73.43029848955912,8.30838166208688,74.6319844356686,7.695937773144272,0.41557814121980635,0.07489483766903596,0.49565756851633946,0.12650741808778862,114.89844957481534,3.4597567935838187,114.19950177254557,7.851057714689325,67.79974558702853,69.518624565524,0.4171502975219754,0.3399096021523484,112.87826135823956,112.92374105177974,15.172779729096334,0.07252422646311979,6.015084956187167
2025-01-02 20:50:00,EQ_002,83.21007580068185,0.373983523482742,109.61456179156028,0,20,3,0,77.99411556794509,8.82938231356181,77.31390552293048,7.9244314068315935,0.4269361149966042,0.058463010246173015,0.43760081414776864,0.09156815350605928,113.79538982140885,4.7068889958137845,111.39957949631142,5.9106734440446935,82.97252531612486,67.79974558702853,0.4896745239850952,0.4171502975219754,118.89334631442672,112.87826135823956,0.23755048455699068,-0.1156910005023532,-9.278784522866445
2025-01-02 21:05:00,EQ_002,86.26217902672154,0.4682284903243766,121.0940847183297,0,21,3,0,84.14826004784275,1.8345565254651928,77.95263005921615,8.603810201465654,0.4439621792640713,0.06154463655482625,0.4177892874933075,0.06264223628122954,116.53399760810555,6.0925984928494055,115.0807990468672,4.745496349943276,83.21007580068185,82.97252531612486,0.373983523482742,0.4896745239850952,109.61456179156028,118.89334631442672,3.0521032260396908,0.09424496684163458,11.47952292676942
2025-01-02 21:10:00,EQ_002,79.90882743495797,0.6281643795003768,133.2864082824823,0,21,3,0,83.12702742078712,3.177489872083647,80.03067063310296,7.197311934031492,0.49012546443583177,0.1284974124171097,0.4754402429629132,0.09652780646093304,121.33168493079076,11.8377117496654,119.1533324930077,9.137048313396566,86.26217902672154,83.21007580068185,0.4682284903243766,0.373983523482742,121.0940847183297,109.61456179156028,-6.35335159176357,0.15993588917600027,12.192323564152616
2025-01-02 21:35:00,EQ_002,66.77300626521554,0.6140149038521266,113.05399630836855,0,21,3,0,77.64800424229834,9.939338753826034,79.82532276874035,7.634862385545628,0.57013592455896,0.08853753881539156,0.5148131642289434,0.10644782047626118,122.47816310306018,10.186971007314924,119.1884794830335,9.107164969375496,79.90882743495797,86.26217902672154,0.6281643795003768,0.4682284903243766,133.2864082824823,121.0940847183297,-13.135821169742428,-0.014149475648250198,-20.23241197411376
2025-01-02 21:45:00,EQ_002,87.19876203169636,0.3984905808172131,102.4817119324828,0,21,3,0,77.96019857728997,10.351364184332617,80.67057011185464,8.277303333814503,0.5468899547232389,0.12871220822849475,0.49657637559536705,0.11891240874749566,116.27403884111122,15.65275805532119,115.90615260664472,11.799602163857974,66.77300626521554,79.90882743495797,0.6140149038521266,0.6281643795003768,113.05399630836855,133.2864082824823,20.42575576648082,-0.21552432303491353,-10.572284375885758
2025-01-02 21:55:00,EQ_002,77.8195456002618,0.3742422141085383,121.58053489920133,0,21,3,0,77.26377129905791,10.22421334203227,79.59246407177064,8.214662049860848,0.4622492329259594,0.13199094656741428,0.4966281137205263,0.11884577202191028,112.37208104668423,9.56765467586504,118.29934722817293,11.411617346331226,87.19876203169636,66.77300626521554,0.3984905808172131,0.6140149038521266,102.4817119324828,113.05399630836855,-9.379216431434557,-0.024248366708674807,19.09882296671853
2025-01-02 22:00:00,EQ_002,77.97377170832642,0.4765980140893018,119.0337632998511,0,22,3,0,80.99735978009487,5.3711254721640005,77.93478260809162,7.319805642668187,0.41644360300501776,0.053487481728743,0.4983020184735113,0.11840389204595304,114.36533671051176,10.370000713285991,117.88728294447722,11.322321607054743,77.8195456002618,87.19876203169636,0.3742422141085383,0.3984905808172131,121.58053489920133,102.4817119324828,0.1542261080646199,0.1023557999807635,-2.5467715993502225
2025-01-02 23:30:00,EQ_002,70.08756303230845,0.3576042847549855,108.03211353573688,0,23,3,0,75.2936267802989,4.509242867068472,75.97052972756171,7.9484082334841535,0.4028148376509419,0.0644373573115343,0.44418999952443305,0.10531974303857872,116.2154705782631,7.200486841798421,112.83642399512814,7.829675736622227,77.97377170832642,77.8195456002618,0.4765980140893018,0.3742422141085383,119.0337632998511,121.58053489920133,-7.886208676017972,-0.11899372933431629,-11.00164976411422
2025-01-02 23:35:00,EQ_002,73.87683425001488,0.4733347670765585,128.9369768938911,0,23,3,0,73.97938966354992,3.9441044649019785,77.39129532452158,6.3719114535836665,0.435845688640282,0.06777868512093833,0.4160539721693195,0.05572192625880686,118.66761790982635,10.457240307115105,116.01302011223265,10.652956632326989,70.08756303230845,77.97377170832642,0.3576042847549855,0.4765980140893018,108.03211353573688,119.0337632998511,3.7892712177064283,0.11573048232157301,20.90486335815423
2025-01-03 00:00:00,EQ_002,71.99316178024394,0.7024309623286853,142.81651836538842,0,0,4,0,71.98585302085576,1.894646181694045,74.3501752742311,3.5041549993315972,0.5111233380534098,0.17549171337696692,0.47684204847161393,0.13752007938683908,126.59520293167213,17.510043797942604,124.07998139881377,12.883068691081665,73.87683425001488,70.08756303230845,0.4733347670765585,0.3576042847549855,128.9369768938911,108.03211353573688,-1.8836724697709428,0.22909619525212677,13.879541471497305
2025-01-03 00:10:00,EQ_002,67.03503133234166,0.5189706167610396,104.6495975246764,0,0,4,0,70.96834245420017,3.5341558793218844,72.19327242064708,4.1027448089598195,0.5649121153887612,0.12126101039439997,0.5057877290021142,0.1252057477576084,125.46769759465197,19.318524419773706,120.69379392390879,15.635337318174612,71.99316178024394,73.87683425001488,0.7024309623286853,0.4733347670765585,142.81651836538842,128.9369768938911,-4.958130447902278,-0.18346034556764568,-38.166920840712024
2025-01-03 01:25:00,EQ_002,83.74788371593469,0.4999291405423354,124.51225319318507,0,1,4,0,74.25869227617342,8.58366646718831,73.34809482216872,6.33949635509069,0.5737769065440201,0.11182371844349294,0.5104539542927209,0.12427724288451178,123.99278969441663,19.088762227033225,121.78949190257558,15.68181471823696,67.03503133234166,71.99316178024394,0.5189706167610396,0.7024309623286853,104.6495975246764,142.81651836538842,16.71285238359303,-0.019041476218704223,19.86265566850868
2025-01-03 02:40:00,EQ_002,74.07356170561145,0.4350626961678574,122.83751023661502,0,2,4,0,74.95215891796259,8.390995679602424,74.14529455682933,6.0719530158426105,0.4846541511570775,0.04399009843257733,0.5259456365752953,0.10356180717334636,117.33312031815883,11.016124719348309,124.75057124275119,13.708302046884732,83.74788371593469,67.03503133234166,0.4999291405423354,0.5189706167610396,124.51225319318507,104.6495975246764,-9.674322010323237,-0.06486644437447797,-1.6747429565700571
2025-01-03 03:25:00,EQ_002,87.8985466882716,0.5892597338299309,139.11419087139723,1,3,4,0,81.9066640366059,7.094020007961315,76.94963704448067,8.620218138493575,0.508083856846708,0.07742129005928135,0.5491306299259697,0.10180034793462124,128.8213181003991,8.95313427815162,126.78601403825242,15.16362934562694,74.07356170561145,83.74788371593469,0.4350626961678574,0.4999291405423354,122.83751023661502,124.51225319318507,13.82498498266014,0.1541970376620735,16.27668063478221
2025-01-03 03:45:00,EQ_002,72.23205879146003,0.4046060580603355,107.45077331997707,0,3,4,0,78.0680557284477,8.563100935355823,76.99741644672388,8.586473755169285,0.4763094960193746,0.09899605480674047,0.4895656490722997,0.07262862485981533,123.13415814266311,15.833793062435142,119.71286502917016,14.022035335982457,87.8985466882716,74.07356170561145,0.5892597338299309,0.4350626961678574,139.11419087139723,122.83751023661502,-15.66648789681156,-0.1846536757695954,-31.663417551420153
2025-01-03 04:00:00,EQ_002,73.10436129506256,0.5105894453115234,120.12499321907252,0,4,4,0,77.7449889249314,8.804049031812719,78.21128243926806,7.131786841321388,0.5014850790672633,0.09266289498681764,0.48788941478239656,0.07187309592724955,122.22998580348228,15.93631852386906,122.80794416804937,11.311942220586024,72.23205879146003,87.8985466882716,0.4046060580603355,0.5892597338299309,107.45077331997707,139.11419087139723,0.8723025036025263,0.10598338725118789,12.674219899095448
2025-01-03 04:05:00,EQ_002,73.98209819948819,0.5584412980472484,148.6840305566677,0,4,4,0,73.1061727620036,0.8750211103009762,76.25812533597878,6.549951650332018,0.4912122671397025,0.07872691116057282,0.49959184628337916,0.07875729552450567,125.4199323652391,21.120432311105333,127.6422996407459,16.291503618171845,73.10436129506256,72.23205879146003,0.5105894453115234,0.4046060580603355,120.12499321907252,107.45077331997707,0.8777369044256318,0.04785185273572501,28.55903733759517
2025-01-03 04:15:00,EQ_002,69.92621634653567,0.3435758388288948,130.5872852988388,0,4,4,0,72.33755861369548,2.1339011611111074,75.4286562641636,7.132463196132277,0.47086886072922224,0.11280551857488366,0.4812944748155866,0.10405991152647531,133.13210302485967,14.448589078402916,129.19225465319067,16.087475696709962,73.98209819948819,73.10436129506256,0.5584412980472484,0.5105894453115234,148.6840305566677,120.12499321907252,-4.055881852952524,-0.2148654592183536,-18.0967452578289
2025-01-03 05:45:00,EQ_002,75.38002695706206,0.5404294754961698,120.46002747253274,0,5,4,0,73.09611383436197,2.8327969862502957,72.92495231792171,2.0401994599081976,0.4808155374574377,0.11919378170711316,0.47152842314883436,0.09310938872270241,133.2437811093464,14.298297626527118,125.46142197341779,15.357725319550857,69.92621634653567,73.98209819948819,0.3435758388288948,0.5584412980472484,130.5872852988388,148.6840305566677,5.453810610526389,0.196853636667275,-10.12725782630605
2025-01-03 06:05:00,EQ_002,67.9314275154751,0.6192507512477975,139.41217436463748,0,6,4,0,71.07922360635762,3.855836837342075,72.0648260627247,3.0580123439940454,0.5010853551909541,0.14198638732722216,0.5144573617863267,0.10344835363660061,130.15316237866966,9.483528614779608,131.85370218234985,12.342737783601738,75.38002695706206,69.92621634653567,0.5404294754961698,0.3435758388288948,120.46002747253274,130.5872852988388,-7.448599441586964,0.07882127575162767,18.952146892104736
2025-01-03 06:10:00,EQ_002,74.4438696932565,0.3221412415993483,111.2167692282026,0,6,4,0,72.58510805526454,4.057296455825655,72.3327277423635,3.2259152395489092,0.4939404894477719,0.15391372436771736,0.47676772104389176,0.1347907931666142,123.69632368845761,14.373601761557005,130.07205738417588,14.847742259796659,67.9314275154751,75.38002695706206,0.6192507512477975,0.5404294754961698,139.41217436463748,120.46002747253274,6.512442177781409,-0.2971095096484492,-28.195405136434886
2025-01-03 06:15:00,EQ_002,70.48046179267605,0.5319651825918977,116.21992100981782,0,6,4,0,70.95191966713588,3.281719088416823,71.63240046100108,3.1577005585334157,0.49111905847968124,0.15270828259177208,0.47147249795282165,0.1312537821672572,122.28295486755263,15.043786171438239,123.57923547480588,11.363474995349096,74.4438696932565,67.9314275154751,0.3221412415993483,0.6192507512477975,111.2167692282026,139.41217436463748,-3.9634079005804494,0.20982394099254942,5.00315178161523
2025-01-03 06:45:00,EQ_002,73.41795775152599,0.5034152417488025,127.2113536254558,0,6,4,0,72.78076307915285,2.057100710823746,72.33074874199914,3.0709522247536185,0.4525072219800162,0.11379912746148685,0.5034403785368031,0.11007188316486013,118.21601462115875,8.18199088175633,122.90404914012929,10.93519996240558,70.48046179267605,74.4438696932565,0.5319651825918977,0.3221412415993483,116.21992100981782,111.2167692282026,2.9374959588499365,-0.028549940843095256,10.991432615637976
2025-01-03 07:05:00,EQ_002,76.96658919697185,0.3851205964841344,121.34296497247792,0,7,4,0,73.6216695803913,3.247858688136557,72.6480611899811,3.514700321853901,0.4735003402749449,0.07785890517425197,0.472378602734396,0.11860700422504675,121.59141320258385,5.49992660208411,123.08063664011831,10.892913051753286,73.41795775152599,70.48046179267605,0.5034152417488025,0.5319651825918977,127.2113536254558,116.21992100981782,3.5486314454458636,-0.1182946452646681,-5.868388652977885
2025-01-03 07:40:00,EQ_002,71.07005269746026,0.4535595737690612,104.3850677755814,0,7,4,0,73.81819988198602,2.9685738991584247,73.27578622637813,2.6308628520955493,0.44736513733399946,0.05939010066193356,0.43924036723864884,0.08596874488492667,117.64646212450504,11.853604152486714,116.0752153223071,8.832436675873568,76.96658919697185,73.41795775152599,0.3851205964841344,0.5034152417488025,121.34296497247792,127.2113536254558,-5.896536499511598,0.06843897728492682,-16.95789719689651
2025-01-03 08:50:00,EQ_002,76.33696157035952,0.5650450092536139,108.4664948940404,0,8,4,0,74.79120115493053,3.2379495238419986,73.65440460179875,2.9569990495483602,0.46790839316893656,0.09081638090806261,0.48782112076950196,0.07049229576211834,111.39817588069991,8.850911500562274,115.52516045547468,9.28470619967105,71.07005269746026,76.96658919697185,0.4535595737690612,0.3851205964841344,104.3850677755814,121.34296497247792,5.266908872899265,0.1114854354845527,4.08142711845899
2025-01-03 08:55:00,EQ_002,76.60848903098007,0.3496919698240182,131.3731454236473,0,8,4,0,74.67183443293328,3.1221876213575332,74.88001004945954,2.555265730241693,0.45609885094889785,0.10769897327430024,0.451366478215926,0.08712478748245471,114.74156936442303,14.547216348537159,118.55580533824056,11.721507690493747,76.33696157035952,71.07005269746026,0.5650450092536139,0.4535595737690612,108.4664948940404,104.3850677755814,0.2715274606205469,-0.21535303942959572,22.906650529606893
2025-01-03 09:55:00,EQ_002,79.08883149600143,0.6795211355912323,124.49473912832306,0,9,4,0,77.34476069911368,1.5164989280858139,76.01418479835463,2.9691055492526885,0.5314193715562882,0.1674659137872181,0.48658765698441203,0.13555970188719943,121.44479314867026,11.753947740248305,118.012482438814,11.274433352708677,76.60848903098007,76.33696157035952,0.3496919698240182,0.5650450092536139,131.3731454236473,108.4664948940404,2.4803424650213657,0.3298291657672141,-6.8784062953242255
2025-01-03 10:05:00,EQ_002,77.78905153175931,0.5497743089091395,109.85240506814148,0,10,4,0,77.82879068624693,1.2406486554406677,76.17867726531212,3.0565560674893884,0.52632913810813,0.1661597925886118,0.519518399469413,0.12427846828273194,121.90676320670394,10.991304785622015,115.71437045794673,11.592449537349452,79.08883149600143,76.60848903098007,0.6795211355912323,0.3496919698240182,124.49473912832306,131.3731454236473,-1.29977996424212,-0.1297468266820928,-14.642334060181582
2025-01-03 10:10:00,EQ_002,75.0517630992169,0.5665924252054462,116.38537233306016,0,10,4,0,77.30988204232587,2.060748131087879,76.97501934566344,1.5306229934751827,0.5986292899019393,0.07055728370058033,0.54212496975669,0.11946826233907006,116.91083884317489,7.335296379317638,118.11443136944249,9.757500031479356,77.78905153175931,79.08883149600143,0.5497743089091395,0.6795211355912323,109.85240506814148,124.49473912832306,-2.737288432542414,0.016818116296306695,6.532967264918682
2025-01-03 10:15:00,EQ_002,68.4408188382492,0.5421586610614456,124.16446038101452,0,10,4,0,73.7605444897418,4.806016827487625,75.39579079924138,4.163138045980819,0.5528417983920105,0.012502372829057614,0.5375477001182564,0.11880717440785749,116.80074592740539,7.165063379820637,121.2540244668373,8.292619854103691,75.0517630992169,77.78905153175931,0.5665924252054462,0.5497743089091395,116.38537233306016,109.85240506814148,-6.610944260967699,-0.024433764144000558,7.77908804795436
2025-01-03 10:30:00,EQ_002,71.95243898920359,0.4441698246053969,131.2185785623047,1,10,4,0,71.81500697555656,3.3076141966963277,74.46458079088609,4.3410006866993,0.5176403036240963,0.06478954910314662,0.5564432710745321,0.08382275643465142,123.92280375879314,7.419555256356391,121.22311109456878,8.245621980462104,68.4408188382492,75.0517630992169,0.5421586610614456,0.5665924252054462,124.16446038101452,116.38537233306016,3.5116201509543856,-0.09798883645604872,7.0541181812901925
2025-01-03 11:20:00,EQ_002,68.95152628579446,0.5695537757565777,109.07836367281912,0,11,4,0,69.78159470441574,1.897268880744632,72.4371197488447,3.9948163867401005,0.5186274204744735,0.06592096225209344,0.5344497991076012,0.05174499622774498,121.48713420537945,11.310319864009525,118.139836003468,9.502888256847987,71.95243898920359,68.4408188382492,0.4441698246053969,0.5421586610614456,131.2185785623047,124.16446038101452,-3.000912703409128,0.12538395115118084,-22.14021488948559
2025-01-03 11:40:00,EQ_002,73.93278564534896,0.348212625331919,135.89838978180683,0,11,4,0,71.61225030678234,2.5079937114202075,71.66586657156262,2.9348729615915596,0.4539787418979646,0.11099611417372843,0.494137462392157,0.09622135986416516,125.39844400564355,14.3259877430818,123.34903294620108,10.865376175471333,68.95152628579446,71.95243898920359,0.5695537757565777,0.4441698246053969,109.07836367281912,131.2185785623047,4.9812593595545,-0.22134115042465874,26.820026108987705
2025-01-03 11:45:00,EQ_002,82.45363068424976,0.464297079919339,125.74071220894,0,11,4,0,75.11264753846439,6.827939759679799,73.1462400885692,5.665861534410542,0.46068782700261196,0.11071470655604292,0.47367839333493567,0.08743863510034451,123.57248855452197,13.540839910558804,125.22010092137702,10.14825947466065,73.93278564534896,68.95152628579446,0.348212625331919,0.5695537757565777,135.89838978180683,109.07836367281912,8.520845038900802,0.11608445458742,-10.157677572866831
2025-01-03 11:50:00,EQ_002,75.74333728601056,0.5890383163519786,133.99594645145794,0,11,4,0,77.37658453853642,4.489078133108488,74.60674377812146,5.058322777425034,0.4671826738677456,0.12043877429278646,0.4830543243930422,0.09843892013250728,131.8783494807349,5.399793154963986,127.18639813546572,10.822639992243994,82.45363068424976,73.93278564534896,0.464297079919339,0.348212625331919,125.74071220894,135.89838978180683,-6.710293398239202,0.12474123643263957,8.255234242517943
2025-01-03 11:55:00,EQ_002,73.3145701444098,0.5575205016106566,106.57872251514884,0,11,4,0,77.17051270489003,4.7337331087531265,74.8791700091627,4.914260265107512,0.5369519659606581,0.06486441636810474,0.5057244597940942,0.10028012766442848,122.10512705851558,14.065530620382708,122.25842692603453,13.743284358911326,75.74333728601056,82.45363068424976,0.5890383163519786,0.464297079919339,133.99594645145794,125.74071220894,-2.4287671416007584,-0.03151781474132198,-27.4172239363091
2025-01-03 12:10:00,EQ_002,73.05911590729386,0.5007063158628177,125.02784426895194,0,12,4,0,74.03900777923808,1.4815088651631003,75.70068793346259,3.9179393223884547,0.5490883779418176,0.04476562419735911,0.49195496781534215,0.09384484757178749,121.86750441185289,13.979157810923741,125.44832304526112,11.603769631921267,73.3145701444098,75.74333728601056,0.5575205016106566,0.5890383163519786,106.57872251514884,133.99594645145794,-0.2554542371159414,-0.05681418574783892,18.449121753803098
2025-01-03 12:35:00,EQ_002,80.9532313739317,0.4473965157332419,132.3000057271915,0,12,4,0,75.77563914187846,4.485745223246516,77.10477707917914,4.359111049966871,0.5018744444022388,0.0550712852546206,0.5117917458956068,0.060381138340940055,121.3021908370974,13.259203318421788,124.72864623433804,10.882806001871678,73.05911590729386,73.3145701444098,0.5007063158628177,0.5575205016106566,125.02784426895194,106.57872251514884,7.894115466637842,-0.05330980012957576,7.272161458239552
2025-01-03 13:05:00,EQ_002,73.87617299053659,0.460798736008087,118.63004510557542,1,13,4,0,75.96284009058739,4.341071231848046,75.3892855404365,3.282776643293298,0.4696338558680489,0.02773135778624826,0.5110920771133564,0.061085234608205696,125.3192983672396,6.839639242510817,123.30651281366514,11.178083542778271,80.9532313739317,73.05911590729386,0.4473965157332419,0.5007063158628177,132.3000057271915,125.02784426895194,-7.077058383395112,0.013402220274845111,-13.66996062161607
2025-01-03 13:15:00,EQ_002,65.9900978120999,0.5617005949576698,116.5909212265392,0,13,4,0,73.60650072552274,7.4852110087286645,73.43863764565437,5.2986019671675715,0.4899652822329997,0.06248496775908307,0.5056245328344946,0.0530607180815177,122.50699068643534,8.542064401529316,119.82550776868138,9.618295132319625,73.87617299053659,80.9532313739317,0.460798736008087,0.4473965157332419,118.63004510557542,132.3000057271915,-7.886075178436684,0.10090185894958276,-2.039123879036225
2025-01-03 13:40:00,EQ_002,72.26877775873758,0.4630722860753797,120.7857702971915,0,13,4,0,70.71168285379136,4.167247753283479,73.22947916851993,5.3252975103099685,0.4951905390137123,0.05761061459252536,0.48673488972743917,0.046355065146048854,118.66891220976868,2.097694608429187,122.66691732508991,6.227422184255207,65.9900978120999,73.87617299053659,0.5617005949576698,0.460798736008087,116.5909212265392,118.63004510557542,6.278679946637681,-0.09862830888229007,4.19484907065231
2025-01-03 13:50:00,EQ_002,67.60544215612936,0.322376476710168,124.58168114788698,0,13,4,0,68.62143924232228,3.2603133327093285,72.13874441828702,5.89676673042927,0.44904978591440586,0.12027668633949666,0.4510689218969093,0.08522521506812876,120.65279089053921,3.9970393633417434,122.57768470087692,6.188208149386516,72.26877775873758,65.9900978120999,0.4630722860753797,0.5617005949576698,120.7857702971915,116.5909212265392,-4.663335602608228,-0.1406958093652117,3.7959108506954777
2025-01-03 15:05:00,EQ_002,66.93219301061629,0.5501782736167545,138.07196643637886,0,15,4,0,68.93547097516108,2.9062891611231123,69.33453674562395,3.5065127051233875,0.44520901213410086,0.11494667061465307,0.47162527347361183,0.09585106704440922,127.8131392938191,9.084871245774575,123.73207684271438,8.54490805502382,67.60544215612936,72.26877775873758,0.322376476710168,0.4630722860753797,124.58168114788698,120.7857702971915,-0.6732491455130685,0.22780179690658653,13.490285288491876
2025-01-03 15:15:00,EQ_002,73.95338161424067,0.6448499229892927,109.7597140911362,0,15,4,0,69.49700559366211,3.8739878072310114,69.34997847036477,3.531593171278894,0.5058015577720719,0.16575358388479491,0.5084355108698528,0.12233591624570783,124.137787225134,14.161344907040833,121.95801063982655,10.553689558976727,66.93219301061629,67.60544215612936,0.5501782736167545,0.322376476710168,138.07196643637886,124.58168114788698,7.021188603624381,0.09467164937253814,-28.312252345242655
2025-01-03 15:40:00,EQ_002,78.38962935669635,0.4036241073789389,141.65056067806603,0,15,4,0,73.09173466051777,5.777113337192223,71.82988477928406,4.731950309163713,0.5328841013283289,0.1215392522009924,0.47682021335410674,0.12551387527731198,129.8274137351937,17.471004863480026,126.96993853013191,13.028000859487738,73.95338161424067,66.93219301061629,0.6448499229892927,0.5501782736167545,109.7597140911362,138.07196643637886,4.436247742455677,-0.24122581561035378,31.890846586929825
2025-01-03 15:50:00,EQ_002,85.78654106632752,0.5343787881549885,122.12574030632214,0,15,4,0,79.37651734575485,5.977991015536837,74.53343744080203,7.867894534321559,0.5276176061744068,0.12075495317191359,0.49108151377002845,0.12759505488987047,124.51200502517479,16.078781623279426,127.23793253195804,12.881949011625059,78.38962935669635,73.95338161424067,0.4036241073789389,0.6448499229892927,141.65056067806603,109.7597140911362,7.396911709631169,0.13075468077604963,-19.524820371743886
2025-01-03 16:25:00,EQ_002,71.23291064826908,0.6035249334723752,121.39060398653416,1,16,4,0,78.46969369043099,7.27714554681376,75.25893113922999,7.209017105755742,0.5138426096687677,0.10152037252848853,0.54731120512247,0.0915085163884098,128.38896832364077,11.490756292924546,126.59971709968747,13.123237275585243,85.78654106632752,78.38962935669635,0.5343787881549885,0.4036241073789389,122.12574030632214,141.65056067806603,-14.553630418058432,0.06914614531738672,-0.7351363197879834
2025-01-03 16:30:00,EQ_002,77.29986071469558,0.3153812137761906,104.23003517809002,0,16,4,0,78.10643747643071,7.310264300337398,77.33246468004583,5.504834908273217,0.48442831180118495,0.15042602290184845,0.5003517931543572,0.13806936954716909,115.91545982364876,10.126547694670915,119.83133084802971,14.39281355865945,71.23291064826908,85.78654106632752,0.6035249334723752,0.5343787881549885,121.39060398653416,122.12574030632214,6.0669500664265,-0.28814371969618463,-17.16056880844414
2025-01-03 16:40:00,EQ_002,85.06693623763312,0.3503470744909921,119.26027136405622,0,16,4,0,77.86656920019925,6.934402272903645,79.55517560472433,6.01902106046868,0.4230844072465194,0.15724102671497625,0.44145122345469706,0.1230121170549569,114.96030350956012,9.353532654543637,121.73144230261373,13.31774057108238,77.29986071469558,71.23291064826908,0.3153812137761906,0.6035249334723752,104.23003517809002,121.39060398653416,7.767075522937532,0.03496586071480151,15.030236185966203
2025-01-03 17:00:00,EQ_002,68.26436855235151,0.4078140186874687,125.05589241835877,0,17,4,0,76.87705516822673,8.409259396772772,77.53012344385536,7.914134549524073,0.3578474356515506,0.04667062694132324,0.442289205716403,0.12270389514188067,116.18206632016832,10.748748400031472,118.41250865067225,8.195317938638285,85.06693623763312,77.29986071469558,0.3503470744909921,0.3153812137761906,119.26027136405622,104.23003517809002,-16.802567685281602,0.05746694419647658,5.7956210543025435
2025-01-03 17:30:00,EQ_002,80.92852077331499,0.4453319915412734,121.9548173155329,0,17,4,0,78.08660852109988,8.75436571897618,76.55851938525285,6.877403268869513,0.4011643615732448,0.04784032892409001,0.42447984639366004,0.11199094214085874,122.09032703264927,2.900185858500623,118.37832405251443,8.176291379291962,68.26436855235151,85.06693623763312,0.4078140186874687,0.3503470744909921,125.05589241835877,119.26027136405622,12.664152220963473,0.037517972853804704,-3.1010751028258596
2025-01-03 18:05:00,EQ_002,73.74583491772476,0.3851736711247381,140.46862195719558,0,18,4,0,74.31290808113043,6.351091783971072,77.06110423914399,6.470719255002877,0.4127732271178268,0.030384226006708846,0.3808095939241326,0.05029975631122313,129.15977723036238,9.915727078235992,122.1939276466467,12.976134247679656,80.92852077331499,68.26436855235151,0.4453319915412734,0.4078140186874687,121.9548173155329,125.05589241835877,-7.182685855590222,-0.060158320416535294,18.513804641662674
2025-01-03 18:15:00,EQ_002,77.7811500470033,0.6537931918412553,115.9692401093497,0,18,4,0,77.48516857934767,3.6004788288394125,77.15736210560553,6.478733752338862,0.4947662848357557,0.14096781101597858,0.4484919895371455,0.11984875923772183,126.13089312735936,12.772416945168823,124.54176863289862,9.513198146347897,73.74583491772476,80.92852077331499,0.3851736711247381,0.4453319915412734,140.46862195719558,121.9548173155329,4.03531512927853,0.2686195207165172,-24.499381847845882
2025-01-03 18:25:00,EQ_002,85.82501172450542,0.4082497178985736,111.67938695150144,0,18,4,0,79.11733222974449,6.149444300217165,77.30897720298,6.714681962163122,0.4824055269548557,0.14887385512603224,0.46007251821866185,0.1104212085808072,122.70574967268222,15.531916619526639,123.02559175038769,11.045999765849158,77.7811500470033,73.74583491772476,0.6537931918412553,0.3851736711247381,115.9692401093497,140.46862195719558,8.043861677502122,-0.24554347394268167,-4.289853157848256
2025-01-03 19:00:00,EQ_002,77.69148039524816,0.6047317706621449,113.92645566787787,0,19,4,0,80.43254738891896,4.670226318877984,79.19439957155933,4.49764079605546,0.5555915601339914,0.12993833005323532,0.4994560686135971,0.12166696506600332,113.85836090957632,2.1457370997069445,120.79970440029149,11.639971300196983,85.82501172450542,77.7811500470033,0.4082497178985736,0.6537931918412553,111.67938695150144,115.9692401093497,-8.133531329257252,0.19648205276357128,2.2470687163764325
2025-01-03 19:05:00,EQ_002,80.362536686549,0.6169589992427773,119.22778954776956,0,19,4,0,81.29300960210087,4.145831382959778,79.08120275420613,4.449954811599582,0.5433134959344987,0.1171283244253668,0.5337814701538978,0.12668638303551913,114.94454405571628,3.875819063491997,120.25429884673883,11.636204512694736,77.69148039524816,85.82501172450542,0.6047317706621449,0.4082497178985736,113.92645566787787,111.67938695150144,2.671056291300843,0.01222722858063241,5.301333879891686
2025-01-03 19:35:00,EQ_002,69.48395817139158,0.4937808983000689,133.84532047593905,0,19,4,0,75.84599175106291,5.6692361813099685,78.2288274049395,5.899504772706132,0.5718238894016637,0.0678631536605351,0.555502915588964,0.10167893149995305,122.33318856386215,10.316148559288951,118.92963855048751,8.788179667231288,80.362536686549,77.69148039524816,0.6169589992427773,0.6047317706621449,119.22778954776956,113.92645566787787,-10.878578515157429,-0.12317810094270842,14.617530928169487
2025-01-03 19:50:00,EQ_002,76.5370334890455,0.55646059258936,124.66545311450128,0,19,4,0,75.46117611566203,5.518511524270761,77.98000409334793,5.949134657406489,0.5557334967107355,0.061592269314221,0.536036395738585,0.0863128498659786,125.9128543794033,7.388170277258166,120.66888115151782,8.91542473904659,69.48395817139158,80.362536686549,0.4937808983000689,0.6169589992427773,133.84532047593905,119.22778954776956,7.053075317653921,0.0626796942892911,-9.179867361437772
2025-01-03 20:30:00,EQ_002,77.45487475819125,0.4563235762761782,107.11692382536462,1,20,4,0,74.4919554728761,4.361265398665206,76.3059767000851,4.070890265242111,0.502188355721869,0.05059515307073673,0.5456511674141058,0.06957390241560642,121.87589913860164,13.580795463298742,119.75638852629046,10.205642073783185,76.5370334890455,69.48395817139158,0.55646059258936,0.4937808983000689,124.66545311450128,133.84532047593905,0.9178412691457538,-0.10013701631318178,-17.548529289136653
2025-01-03 20:50:00,EQ_002,75.90510779351854,0.3707737304894381,121.4098269961206,0,20,4,0,76.63233868025175,0.7792667840996969,75.94870217973917,3.996606065872373,0.4611859664516588,0.09293887678357785,0.4988595593795645,0.09421576160898362,117.73073464532881,9.334854602358039,121.25306279193902,9.671686679495663,77.45487475819125,76.5370334890455,0.4563235762761782,0.55646059258936,107.11692382536462,124.66545311450128,-1.5497669646727132,-0.08554984578674008,14.292903170755977
2025-01-03 21:00:00,EQ_002,76.99843975876321,0.4497025229448657,126.954024745503,0,21,4,0,76.78614077015767,0.7963966076146557,75.27588279418202,3.288161510877855,0.42559994323682737,0.04759616360559824,0.4654082641199822,0.06778722170247528,118.49359185566273,10.235036090545666,122.79830983148572,9.882135223746316,75.90510779351854,77.45487475819125,0.3707737304894381,0.4563235762761782,121.4098269961206,107.11692382536462,1.0933319652446727,0.07892879245542755,5.5441977493824055
2025-01-03 21:20:00,EQ_002,81.19141535716818,0.4216234334413603,116.12300083591438,0,21,4,0,78.03165430314998,2.790503742234416,77.61737423133734,2.078596185095745,0.4140332289585548,0.04000808634121972,0.4509767711482405,0.06791758753230549,121.49561752584599,5.416021578960533,119.25384590348078,7.910966591458378,76.99843975876321,75.90510779351854,0.4497025229448657,0.3707737304894381,126.954024745503,121.4098269961206,4.192975598404971,-0.028079089503505406,-10.831023909588623
2025-01-03 21:40:00,EQ_002,76.20376589744284,0.4932821709950645,118.7234531848181,0,21,4,0,78.13120700445808,2.679838242872905,77.55072071301682,2.1266868215287444,0.4548693757937636,0.03610769922356688,0.43834108682938133,0.04559551091988617,120.60015958874514,5.654139185360464,118.06544591754414,7.3189466598933075,81.19141535716818,76.99843975876321,0.4216234334413603,0.4497025229448657,116.12300083591438,126.954024745503,-4.987649459725347,0.07165873755370422,2.6004523489037155
2025-01-03 21:45:00,EQ_002,88.00841557090197,0.4284240010889248,114.3939236315269,0,21,4,0,81.80119894183765,5.925902082668426,79.66142887555894,5.127619767102629,0.4477765351751166,0.039555455990493635,0.43276117179193074,0.044539599986796546,116.41345921741977,2.179330422801389,119.5208458787766,4.93170648709586,76.20376589744284,81.19141535716818,0.4932821709950645,0.4216234334413603,118.7234531848181,116.12300083591438,11.804649673459139,-0.06485816990613968,-4.329529553291195
2025-01-03 23:05:00,EQ_002,77.22301334110071,0.4790686180420638,117.81346722564965,0,23,4,0,80.47839826981517,6.541069236283218,79.92500998507538,4.915752362171094,0.4669249300420178,0.03409175002219041,0.45442014930245583,0.031190880209234575,116.9769480139982,2.2827680197085685,118.8015739246824,4.84889283711223,88.00841557090197,76.20376589744284,0.4284240010889248,0.4932821709950645,114.3939236315269,118.7234531848181,-10.785402229801264,0.05064461695313899,3.419543594122743
2025-01-03 23:45:00,EQ_002,77.09766221953514,0.6453260663321034,98.94353058159676,0,23,4,0,80.7763637105126,6.263454223464912,79.94485447722977,4.901163081942565,0.5176062284876974,0.11347020331714268,0.4935448579799033,0.0903611961047337,110.38364047959108,10.053875146264179,113.19947509190115,8.139547305469797,77.22301334110071,88.00841557090197,0.4790686180420638,0.4284240010889248,117.81346722564965,114.3939236315269,-0.12535112156557204,0.16625744829003963,-18.869936644052885
2025-01-03 23:55:00,EQ_002,72.81270849838295,0.5692918623031611,133.86349397262842,0,23,4,0,75.71112801967293,2.510887296747079,78.26911310547271,5.730589950744267,0.5645621822257761,0.08322957517135722,0.5230785437522636,0.08494749470364675,116.87349725995826,17.478947864790133,116.74757371924397,12.455105133361021,77.09766221953514,77.22301334110071,0.6453260663321034,0.4790686180420638,98.94353058159676,117.81346722564965,-4.284953721152192,-0.07603420402894234,34.91996339103166
2025-01-04 00:20:00,EQ_002,76.12342362875943,0.4450442864091419,109.89401780071088,0,0,5,1,75.34459811555918,2.246137569943794,78.25304465173603,5.7379368678780915,0.5532207383481356,0.10110345499121569,0.5134309668350789,0.09165212792598702,114.23368078497867,17.859884291912913,114.98168664242253,12.7278623377795,72.81270849838295,77.09766221953514,0.5692918623031611,0.6453260663321034,133.86349397262842,98.94353058159676,3.3107151303764795,-0.12424757589401919,-23.969476171917535
2025-01-04 01:05:00,EQ_002,75.92275651598518,0.6443632003468814,114.6468328743234,0,1,5,1,74.95296288104252,1.8562282832151087,75.83591284075268,1.7850789944560912,0.5528997830197282,0.10066544869395755,0.5566188066866703,0.09245481086081175,119.46811488255422,12.691237809654403,115.03226849098182,12.725444862851338,76.12342362875943,72.81270849838295,0.4450442864091419,0.5692918623031611,109.89401780071088,133.86349397262842,-0.20066711277424076,0.19931891393773954,4.75281507361251
2025-01-04 01:45:00,EQ_002,72.24407141835734,0.5968184660532861,113.72686554048695,0,1,5,1,74.76341718770065,2.18412319974598,74.840124456204,2.165948553022023,0.5620753176031031,0.10410245980044659,0.5801687762889147,0.08218963395446936,112.75590540517373,2.520790643680373,114.21494815394928,12.633059166574487,75.92275651598518,76.12342362875943,0.6443632003468814,0.4450442864091419,114.6468328743234,109.89401780071088,-3.6786850976278487,-0.04754473429359529,-0.9199673338364391
2025-01-04 01:50:00,EQ_002,70.90900558288847,0.4668691616816677,120.45222708999982,0,1,5,1,73.02527783907699,2.596562575524147,73.60239312887467,2.3163903593394264,0.5693502760272785,0.09187986470332186,0.5444773953588277,0.08550219380105713,116.27530850160338,3.646446440632635,118.5166874556299,9.374691786713676,72.24407141835734,75.92275651598518,0.5968184660532861,0.6443632003468814,113.72686554048695,114.6468328743234,-1.3350658354688676,-0.12994930437161845,6.7253615495128685
2025-01-04 02:00:00,EQ_002,74.14907688737536,0.3914849473442202,114.98215807188468,0,2,5,1,72.43405129620704,1.628368748174392,73.86966680667317,2.2792949792269317,0.4850575250263914,0.10386806967124967,0.5089160123670394,0.10689992067057606,116.38708356745713,3.5760290447647187,114.74042027548114,3.781760271306795,70.90900558288847,72.24407141835734,0.4668691616816677,0.5968184660532861,120.45222708999982,113.72686554048695,3.2400713044868894,-0.07538421433744752,-5.47006901811514
2025-01-04 02:10:00,EQ_002,78.48193723728357,0.7949094425308725,123.22974503617668,0,2,5,1,74.5133399025158,3.799584071801089,74.34136952837798,2.9942379595224353,0.5510878505189202,0.21449340663817806,0.5788890435913856,0.15727515012226168,119.55471006602038,4.196406235059038,117.4075657225743,4.18985491287841,74.14907688737536,70.90900558288847,0.3914849473442202,0.4668691616816677,114.98215807188468,120.45222708999982,4.332860349908216,0.4034244951866523,8.247586964291997
2025-01-04 02:20:00,EQ_002,75.44203443145923,0.3648925633791978,125.0024046943657,0,2,5,1,76.02434951870606,2.2243511073071134,74.2452251114728,2.9379543696580632,0.5170956510847636,0.24096092164391003,0.5229949161978489,0.17665556341285799,121.07143593414234,5.347434826978439,119.47868008658277,4.9707116283260255,78.48193723728357,74.14907688737536,0.7949094425308725,0.3914849473442202,123.22974503617668,114.98215807188468,-3.0399028058243402,-0.4300168791516747,1.7726596581890135
2025-01-04 03:25:00,EQ_002,77.91048851734308,0.7985259002603411,95.06729179669922,0,3,5,1,77.27815339536197,1.6155921660750276,75.37850853126994,3.063257526546609,0.6527759687234705,0.24932089963757173,0.5633364030392599,0.21630937404627526,114.43314717574718,16.79472674644024,115.74676533782522,12.165817539059171,75.44203443145923,78.48193723728357,0.3648925633791978,0.7949094425308725,125.0024046943657,123.22974503617668,2.468454085883849,0.4336333368811433,-29.93511289766647
2025-01-04 03:45:00,EQ_002,80.44374309852093,0.5482687887209212,108.26120035591028,0,3,5,1,77.93208868244109,2.500924293714092,77.28545603439643,2.5016038561820095,0.5705624174534868,0.21767457850014982,0.5796163284471104,0.21021114723703527,109.44363228232505,15.002544950589655,113.30855999100731,12.208568218732257,77.91048851734308,75.44203443145923,0.7985259002603411,0.3648925633791978,95.06729179669922,125.0024046943657,2.533254581177843,-0.2502571115394199,13.193908559211053
2025-01-04 05:10:00,EQ_002,83.30629607273934,0.4782982949575629,128.79417041137404,0,5,5,1,80.55350922953446,2.699577975602121,79.11689987146923,2.9442654170753193,0.6083643279796085,0.16835983837775023,0.596978997969779,0.19372630279635705,110.70755418799449,16.996001605556163,116.07096245890519,14.098274844706777,80.44374309852093,77.91048851734308,0.5482687887209212,0.7985259002603411,108.26120035591028,95.06729179669922,2.862552974218417,-0.06997049376335834,20.532970055463764
2025-01-04 05:30:00,EQ_002,70.00807280405854,0.3622382499245762,126.87065795858916,0,5,5,1,77.9193706584396,6.999287655762014,77.42212698482423,5.071515372533879,0.4629351112010202,0.09396201840407593,0.5104447594485199,0.17930798037662843,121.3086762419578,11.34030181638708,116.79914504338767,14.643935774776342,83.30629607273934,80.44374309852093,0.4782982949575629,0.5482687887209212,128.79417041137404,108.26120035591028,-13.2982232686808,-0.11606004503298667,-1.9235124527848768
2025-01-04 05:40:00,EQ_002,78.83040139192344,0.6021383295429399,108.88419750486447,0,5,5,1,77.38159008957378,6.766459648020008,78.09980037691706,4.966068285108343,0.48089162480835973,0.11997106346953358,0.5578939126812682,0.1616868621831373,121.51634195827587,10.981952474760467,113.57550360548744,14.152499999457456,70.00807280405854,83.30629607273934,0.3622382499245762,0.4782982949575629,126.87065795858916,128.79417041137404,8.822328587864902,0.23990007961836368,-17.98646045372469
2025-01-04 06:20:00,EQ_002,79.56792313116625,0.2364252260983122,126.40542935074774,0,6,5,1,76.13546577571607,5.319275613352131,78.4312872996817,5.005433657311437,0.40026726852194283,0.18579874380464706,0.44547377784886255,0.14732404338646596,120.7200949380671,10.252826949254601,119.84313111629713,10.329694358222802,78.83040139192344,70.00807280405854,0.6021383295429399,0.3622382499245762,108.88419750486447,126.87065795858916,0.7375217392428084,-0.3657131034446277,17.521231845883264
2025-01-04 06:50:00,EQ_002,62.87879869863529,0.4074575373940413,98.10078295021448,0,6,5,1,73.75904107390834,9.429779434720595,74.91829841970458,8.311767762939596,0.41534036434509786,0.18298394117607952,0.41731152758348655,0.135766668973862,111.1301366019422,14.285357320894791,117.81104763515798,13.645073372854865,79.56792313116625,78.83040139192344,0.2364252260983122,0.6021383295429399,126.40542935074774,108.88419750486447,-16.68912443253096,0.17103231129572907,-28.304646400533258
2025-01-04 08:05:00,EQ_002,80.82369677228586,0.5996858773465807,113.61717273471506,0,8,5,1,74.42347286736248,10.01767778010404,74.42177855961388,7.739904692536566,0.41452288027964485,0.18173336096847456,0.44158904406129007,0.1583701220575985,112.70779501189242,14.174218773776584,114.77564809982618,12.20290394199308,62.87879869863529,79.56792313116625,0.4074575373940413,0.2364252260983122,98.10078295021448,126.40542935074774,17.944898073650563,0.19222833995253946,15.516389784500575
2025-01-04 08:10:00,EQ_002,71.32704211600975,0.5280636404490137,111.8462437168388,0,8,5,1,71.67651252897697,8.977551943351925,74.68557242200413,7.572535205394782,0.511735685063212,0.09714877902237377,0.4747541221661775,0.1549242375355861,107.85473313392276,8.493450743736961,111.7707652514761,10.158604731507102,80.82369677228586,62.87879869863529,0.5996858773465807,0.4074575373940413,113.61717273471506,98.10078295021448,-9.496654656276107,-0.07162223689756708,-1.7709290178762558
2025-01-04 08:25:00,EQ_002,80.74318674714358,0.5389159195667929,133.31339061988405,0,8,5,1,77.6313085451464,5.459803281547,75.06812949304815,7.8764918000813795,0.5555551457874625,0.03860160736899218,0.46210964017094813,0.14413245890149448,119.5922690238126,11.915784942135586,116.65660387448001,13.685615984689901,71.32704211600975,80.82369677228586,0.5280636404490137,0.5996858773465807,111.8462437168388,113.61717273471506,9.416144631133832,0.010852279117779196,21.467146903045247
2025-01-04 09:25:00,EQ_002,79.51967420543097,0.5058022734808395,105.20555776860276,1,9,5,1,77.19663435619476,5.119895558940824,75.0584797079011,7.8696272824055225,0.5242606111655487,0.016881222203228435,0.5159850496474536,0.06992756172444119,116.78839736844185,14.691195626494608,112.41662955805103,13.185070034454847,80.74318674714358,71.32704211600975,0.5389159195667929,0.5280636404490137,133.31339061988405,111.8462437168388,-1.2235125417126085,-0.03311364608595335,-28.107832851281287
2025-01-04 09:55:00,EQ_002,71.35998529385432,0.4508097552493795,117.72523740046591,0,9,5,1,77.2076154154763,5.101012572461202,76.7547170269449,4.966695593818025,0.498509316099004,0.044503533210431136,0.5246554932185212,0.053974926309046246,118.74806192965089,14.08180366331038,116.34152044810132,10.507120179732377,79.51967420543097,80.74318674714358,0.5058022734808395,0.5389159195667929,105.20555776860276,133.31339061988405,-8.159688911576652,-0.05499251823146001,12.519679631863156
2025-01-04 10:25:00,EQ_002,70.23335695870644,0.481547464234415,112.09100618332448,0,10,5,1,73.70433881933057,5.067634269658107,74.636649064229,5.05501587497035,0.47938649765487806,0.027559872963750388,0.5010278105960881,0.035674141090662796,111.67393378413102,6.270251714305387,116.03628713782321,10.627526312229005,71.35998529385432,79.51967420543097,0.4508097552493795,0.5058022734808395,117.72523740046591,105.20555776860276,-1.1266283351478847,0.030737708985035528,-5.6342312171414335
2025-01-04 10:30:00,EQ_002,75.61335157997398,0.4395255335461787,112.2014705377836,0,10,5,1,72.40223127751159,2.8373919449125284,75.49391095702185,4.70475030881545,0.4572942510099911,0.021748498307794187,0.4833201892155211,0.04054125084998587,114.0059047071913,3.2215101048807537,116.10733250201217,10.59364643708459,70.23335695870644,71.35998529385432,0.481547464234415,0.4508097552493795,112.09100618332448,117.72523740046591,5.379994621267542,-0.04202193068823634,0.1104643544591255
2025-01-04 10:45:00,EQ_002,73.73823248936856,0.6274875041278722,115.84786232094729,1,10,5,1,73.194980342683,2.7308291236135602,74.09292010546685,3.6828092403597252,0.5161868339694887,0.09865262311753749,0.501034506127737,0.07533046598047098,113.38011301401843,2.137847182281402,112.6142268422248,4.793519907200465,75.61335157997398,70.23335695870644,0.4395255335461787,0.481547464234415,112.2014705377836,112.09100618332448,-1.8751190906054234,0.18796197058169356,3.646391783163679
2025-01-04 10:55:00,EQ_002,67.18404595651671,0.3862314329575183,121.11372601840053,0,10,5,1,72.17854334195307,4.425807384064134,71.625794455684,3.2442900875610747,0.4844148235438565,0.1267375604803513,0.47712033802307274,0.09082440922246907,116.38768629237713,4.480583876912325,115.79586049218437,3.8291799968628464,73.73823248936856,75.61335157997398,0.6274875041278722,0.4395255335461787,115.84786232094729,112.2014705377836,-6.554186532851844,-0.24125607117035397,5.265863697453241
2025-01-01 00:35:00,EQ_003,81.7271002307749,0.4331855914461006,134.10459145203504,0,0,2,0,81.18075629061121,3.534351758229701,81.18075629061121,3.534351758229701,0.4941575750943555,0.08552598945378367,0.4941575750943555,0.08552598945378367,126.50522059249369,6.8410175543305245,126.50522059249369,6.8410175543305245,84.41012248237517,77.40504615868356,0.5919228934575204,0.4573642403794457,120.8382662792936,124.5728040461524,-2.6830222516002777,-0.15873730201141978,13.266325172741432
2025-01-01 00:40:00,EQ_003,82.96593313319698,0.6873297776217546,124.09762795959496,0,0,2,0,83.0343852821157,1.3428203056121117,81.62705050125766,3.0206747022964437,0.5708127541751251,0.12838047097246902,0.5424506257262053,0.11918614938554774,126.34682856364121,6.913249844693862,125.903322434269,5.713913401274937,81.7271002307749,84.41012248237517,0.4331855914461006,0.5919228934575204,134.10459145203504,120.8382662792936,1.2388329024220894,0.25414418617565404,-10.006963492440079
2025-01-01 00:55:00,EQ_003,74.37106539950176,0.6281016361735113,126.97903272539028,0,0,2,0,79.68803292115787,4.646104223948319,80.17585348090647,4.168119564288073,0.5828723350804556,0.13297211775310677,0.5595808278156665,0.11009642488357413,128.3937507123401,5.151300789286774,126.11846449249326,4.971723573775681,82.96593313319698,81.7271002307749,0.6873297776217546,0.4331855914461006,124.09762795959496,134.10459145203504,-8.594867733695224,-0.05922814144824329,2.881404765795324
2025-01-01 02:05:00,EQ_003,83.34510762644696,0.6412220555415429,117.81954104607628,0,2,2,0,80.22736871971523,5.0752497236924565,81.36386577445916,4.0250097944844745,0.6522178231122696,0.03110744867721152,0.5963523908480859,0.09739251917732665,122.9654005770205,4.683537775041883,124.76781189247804,6.249677853710035,74.37106539950176,82.96593313319698,0.6281016361735113,0.6873297776217546,126.97903272539028,124.09762795959496,8.974042226945201,0.013120419368031544,-9.159491679314002
2025-01-01 02:10:00,EQ_003,73.70204324318198,0.4920358608754285,111.52366071380916,0,2,2,0,77.13940542304356,5.384696141789816,79.22224992662052,4.77739646027204,0.5871198508634942,0.08260605434915876,0.5763749843316676,0.10817583520548375,118.7740781617586,7.7717750117333395,122.90489077938113,8.643606444214171,83.34510762644696,74.37106539950176,0.6412220555415429,0.6281016361735113,117.81954104607628,126.97903272539028,-9.643064383264985,-0.14918619466611438,-6.295880332267117
2025-01-01 02:30:00,EQ_003,61.515566785292144,0.4812855734995451,116.2949190140997,0,2,2,0,72.85423921830703,10.939437466449428,75.17994323752396,8.900073085824715,0.5381811633055055,0.08939776996248276,0.5859949807423565,0.09338645171058067,115.2127069246617,3.2844960868376023,119.34295629179408,6.198170588191854,73.70204324318198,83.34510762644696,0.4920358608754285,0.6412220555415429,111.52366071380916,117.81954104607628,-12.186476457889832,-0.010750287375883405,4.77125830029054
2025-01-01 02:50:00,EQ_003,84.24478047472672,0.5579633173213576,110.9224381985308,0,2,2,0,73.15413016773361,11.374508573502455,75.4357127058299,9.193309375694831,0.5104282505654437,0.04151601014407413,0.5601216886822771,0.07425297020624652,112.91367264214655,2.943635065544705,116.70791833958124,6.4662657655652005,61.515566785292144,73.70204324318198,0.4812855734995451,0.4920358608754285,116.2949190140997,111.52366071380916,22.72921368943458,0.07667774382181253,-5.372480815568906
2025-01-01 03:00:00,EQ_003,73.65555654722584,0.5194384301577336,125.10792088527596,0,3,2,0,73.13863460241491,11.373420547828422,75.29261093537473,9.219555854101122,0.5195624403262121,0.03833902233093914,0.5383890474791216,0.06466515702590028,117.44175936596882,7.16194190555142,116.33369597155838,5.736166227136009,84.24478047472672,61.515566785292144,0.5579633173213576,0.4812855734995451,110.9224381985308,116.2949190140997,-10.589223927500882,-0.03852488716362401,14.18548268674516
2025-01-01 04:30:00,EQ_003,81.23042596248814,0.4761067900830306,113.03228181570424,0,4,2,0,79.7102543281469,5.45583240166716,74.86967460258298,8.796610273509748,0.5178361791873739,0.04095177858175043,0.5053659943874191,0.033831095143511486,116.35421363317033,7.6539795540559945,115.37624412548398,5.82499874670784,73.65555654722584,84.24478047472672,0.5194384301577336,0.5579633173213576,125.10792088527596,110.9224381985308,7.574869415262299,-0.043331640074703026,-12.075639069571722
2025-01-01 07:25:00,EQ_003,78.0300497567282,0.4758742345381457,130.45088474084753,0,7,2,0,77.6386774221474,3.8025703008328113,75.73527590529223,8.86565972253745,0.49047315159296995,0.025084936561033493,0.5021336691199625,0.036117875770952525,122.86369581394258,8.923527418798814,119.16168893089166,8.313796823069296,81.23042596248814,73.65555654722584,0.4761067900830306,0.5194384301577336,113.03228181570424,125.10792088527596,-3.2003762057599374,-0.00023255554488488261,17.41860292514329
2025-01-01 07:30:00,EQ_003,68.59785323751859,0.5672573701202731,121.44887833096892,0,7,2,0,75.95277631891165,6.567478368027196,77.1517331957375,6.186893563535115,0.5064127982471498,0.05269307321971327,0.5193280284441082,0.0434345115632847,121.6440149625069,8.710940861622191,120.19248079426549,8.1880564960362,78.0300497567282,81.23042596248814,0.4758742345381457,0.4761067900830306,130.45088474084753,113.03228181570424,-9.432196519209612,0.0913831355821274,-9.002006409878604
2025-01-01 07:40:00,EQ_003,64.59035296058138,0.4867366253617426,116.48585764286268,0,7,2,0,70.40608531827606,6.899901443970099,73.22084769290844,6.769938282482424,0.5099560766733872,0.04992070268551608,0.5050826900521852,0.03905474637515646,122.79520690489305,7.079191050790112,121.30516468313185,6.888252953510567,68.59785323751859,78.0300497567282,0.5672573701202731,0.4758742345381457,121.44887833096892,130.45088474084753,-4.007500276937208,-0.0805207447585305,-4.963020688106241
2025-01-01 07:45:00,EQ_003,83.48228184145019,0.4025470695329358,135.63413358832108,1,7,2,0,72.22349601318338,9.95415533144322,75.1861927517533,8.202490633790624,0.4855136883383171,0.08236196003687106,0.4817044179272255,0.058471875763603964,124.52295652071757,9.937383229923865,123.41040722374089,9.46691976549358,64.59035296058138,68.59785323751859,0.4867366253617426,0.5672573701202731,116.48585764286268,121.44887833096892,18.891928880868804,-0.08418955582880683,19.148275945458394
2025-01-01 07:55:00,EQ_003,74.51643444064804,0.4879618836046401,135.32367724678116,0,7,2,0,74.19635641422654,9.45003077599222,73.84339444738528,7.483710561081448,0.4590818594997728,0.0489643969827687,0.48407543663154745,0.058428492219117806,129.14788949265497,10.966739885164937,127.86868630995627,8.563432912523721,83.48228184145019,64.59035296058138,0.4025470695329358,0.4867366253617426,135.63413358832108,116.48585764286268,-8.965847400802147,0.08541481407170431,-0.3104563415399184
2025-01-01 08:50:00,EQ_003,68.25907288947144,0.5738810480887503,109.410924129434,0,8,2,0,75.4192630571899,7.651656509020585,71.88919907393392,7.39232476699662,0.48813000040877536,0.08566711299784706,0.5036767993416683,0.07023580967881463,126.78957832151208,15.051156498119214,123.66069418767356,11.606192102272749,74.51643444064804,83.48228184145019,0.4879618836046401,0.4025470695329358,135.32367724678116,135.63413358832108,-6.257361551176601,0.08591916448411019,-25.912753117347165
2025-01-01 09:00:00,EQ_003,75.85432719063971,0.4064561297955404,139.62587190530795,0,9,2,0,72.87661150691973,4.054471163461429,73.34049386455816,7.296298077853312,0.48943302049631027,0.08372215357471088,0.47151655127672176,0.07065804567320075,128.1201577605077,16.344839767233562,127.29609290254139,13.441809137452438,68.25907288947144,74.51643444064804,0.5738810480887503,0.4879618836046401,109.410924129434,135.32367724678116,7.595254301168268,-0.16742491829320988,30.214947775873952
2025-01-01 09:05:00,EQ_003,74.0800833182366,0.6085982116175033,120.03695671847848,0,9,2,0,72.73116113278259,3.9732436713171526,75.23843993608918,5.452405268133696,0.5296451298339313,0.10808777756395264,0.49588886852787406,0.09428668964798566,123.02458425107348,15.327433117774078,128.00631271766454,12.806646149470616,75.85432719063971,68.25907288947144,0.4064561297955404,0.5738810480887503,139.62587190530795,109.410924129434,-1.7742438724031047,0.20214208182196286,-19.588915186829468
2025-01-01 09:15:00,EQ_003,76.73790852680835,0.5808057798281145,133.4147591553088,0,9,2,0,75.55743967856155,1.3535565580910438,73.88956527316083,3.320581848276184,0.5319533737470528,0.10956857896204074,0.5315406105869097,0.0832209051336315,131.02586259303175,10.010570395244493,127.56243783106206,12.511227552185515,74.0800833182366,75.85432719063971,0.6085982116175033,0.4064561297955404,120.03695671847848,139.62587190530795,2.657825208571751,-0.027792431789388727,13.377802436830308
2025-01-01 09:25:00,EQ_003,71.10847637298843,0.6838183676795122,115.14694164632132,0,9,2,0,73.97548940601114,2.8161732028538022,73.2079736596289,3.5044154335543563,0.62440745304171,0.05329490969846063,0.5707119074018842,0.1016370178551691,122.86621917336954,9.456840575182063,123.5270907109701,12.635375299108574,76.73790852680835,74.0800833182366,0.5808057798281145,0.6085982116175033,133.4147591553088,120.03695671847848,-5.62943215381992,0.10301258785139766,-18.267817508987463
2025-01-01 09:45:00,EQ_003,66.48708197881079,0.4696820217165725,111.20185646497946,0,9,2,0,71.44448895953586,5.133667263567262,72.85357547749678,4.1585600247762455,0.5781020564080664,0.107093773188916,0.5498721021274486,0.11106961839706653,119.92118575553654,11.851089257671298,123.88527717807919,12.151281705359887,71.10847637298843,76.73790852680835,0.6838183676795122,0.5808057798281145,115.14694164632132,133.4147591553088,-4.621394394177642,-0.21413634596293973,-3.9450851813418666
2025-01-01 10:15:00,EQ_003,80.07185032509065,0.6710613372581925,128.53975976552223,0,10,2,0,72.55580289229663,6.90706510000028,73.69708010438697,5.213347450827978,0.6081872422180924,0.12011851454261145,0.602793143619979,0.08582154005824714,118.29618595894101,9.087850544554986,121.66805475012207,9.218623780787784,66.48708197881079,71.10847637298843,0.4696820217165725,0.6838183676795122,111.20185646497946,115.14694164632132,13.584768346279859,0.20137931554162003,17.337903300542777
2025-01-01 10:50:00,EQ_003,75.9338338223854,0.5975197629782429,122.4132193491678,0,10,2,0,74.16425537542894,6.963119894520834,74.06783020521672,5.312369154131059,0.5794210406510026,0.101902306129016,0.600577453892127,0.0857771972553946,120.7182785265565,8.792345591982773,122.14330727625993,9.174660243295952,80.07185032509065,66.48708197881079,0.6710613372581925,0.4696820217165725,128.53975976552223,111.20185646497946,-4.138016502705256,-0.07354157427994956,-6.12654041635443
2025-01-01 11:10:00,EQ_003,70.38383376944547,0.2296767707000762,137.5547569831549,0,11,2,0,75.46317263897383,4.861127200330381,72.79701525374415,5.2738203043420775,0.4994192903121705,0.23648014917092744,0.5303516520665192,0.18838059332290075,129.50257869928166,7.616548148916783,122.97130684182915,10.532530566335737,75.9338338223854,80.07185032509065,0.5975197629782429,0.6710613372581925,122.4132193491678,128.53975976552223,-5.550000052939922,-0.36784299227816675,15.141537633987099
2025-01-01 11:15:00,EQ_003,68.24157697191833,0.5677875319530907,135.73019725214857,0,11,2,0,71.51974818791639,3.9699408103846485,72.22363537353013,5.6460108564032225,0.46499468854380327,0.20433280019165667,0.5071454849212349,0.17110360391932186,131.89939119482378,8.265763532003024,127.0879579629946,10.730462618709513,70.38383376944547,75.9338338223854,0.2296767707000762,0.5975197629782429,137.5547569831549,122.4132193491678,-2.142256797527139,0.33811076125301454,-1.8245597310063317
2025-01-01 12:15:00,EQ_003,74.51970050137675,0.3398034188102831,113.68422270834668,0,12,2,0,71.04837041424685,3.191381437089328,73.83015907804331,4.662859437017311,0.3790892404878166,0.17244492905687997,0.48116976433997716,0.18730452397976,128.9897256478834,13.286311366482762,127.58443121166803,9.831464560078265,68.24157697191833,70.38383376944547,0.5677875319530907,0.2296767707000762,135.73019725214857,137.5547569831549,6.278123529458412,-0.22798411314280764,-22.04597454380189
2025-01-01 12:50:00,EQ_003,78.53875967727738,0.5043602446372454,117.9414056911966,0,12,2,0,73.76667905019082,5.189727728537068,73.52354094848067,4.174660738020615,0.47065039846687307,0.11767095758087744,0.4478295458157876,0.15752228165246857,122.45194188389729,11.694654802760882,125.46476039680292,10.679899909526297,74.51970050137675,68.24157697191833,0.3398034188102831,0.5677875319530907,113.68422270834668,135.73019725214857,4.019059175900637,0.1645568258269623,4.257182982849912
2025-01-01 13:15:00,EQ_003,67.14887640054772,0.3679977488779294,117.15124506630328,1,13,2,0,73.40244552640063,5.776552109495224,71.76654946411313,4.719716890086212,0.40405380410848596,0.08800435540729164,0.4019251429957249,0.13479888775955287,116.25895782194885,2.2645163130777317,124.41236554023001,11.297190004867849,78.53875967727738,74.51970050137675,0.5043602446372454,0.3398034188102831,117.9414056911966,113.68422270834668,-11.389883276729662,-0.13636249575931597,-0.7901606248933177
2025-01-01 13:20:00,EQ_003,71.36431412087566,0.4388230909094714,117.4382024750462,0,13,2,0,72.35065006623358,5.758646039843993,71.96264553439917,4.66799026148891,0.4370603614748821,0.06819833556416124,0.443754407037604,0.0943748916756584,117.51028441084868,0.399981633809665,120.38905463860826,8.739098245664582,67.14887640054772,78.53875967727738,0.3679977488779294,0.5043602446372454,117.15124506630328,117.9414056911966,4.215437720327941,0.070825342031542,0.2869574087429214
2025-01-01 13:40:00,EQ_003,75.88850500466627,0.3593682536328166,128.74517074132524,0,13,2,0,71.46723184202989,4.37072317557153,73.49203114094875,4.388378173978938,0.38872969780673916,0.04359619331380778,0.4020705513735492,0.0683292916877818,121.11153942755824,6.612475437723891,118.9920493364436,5.705332005046546,71.36431412087566,67.14887640054772,0.4388230909094714,0.3679977488779294,117.4382024750462,117.15124506630328,4.5241908837906095,-0.07945483727665481,11.306968266279043
2025-01-01 13:55:00,EQ_003,78.05292872641911,0.5760055963689603,109.57955587756896,0,13,2,0,75.10191595065368,3.412980089348917,74.19867678595722,4.854904585163304,0.45806564697041613,0.10959307249896409,0.4493109868852846,0.09205090813434162,118.58764303131348,9.634371202665656,118.17111597028807,6.84206848826288,75.88850500466627,71.36431412087566,0.3593682536328166,0.4388230909094714,128.74517074132524,117.4382024750462,2.16442372175284,0.2166373427361437,-19.165614863756275
2025-01-01 14:40:00,EQ_003,76.35789418597686,0.4839867204433359,115.87002177856566,0,14,2,0,76.76644263902075,1.1385808669943118,73.76250368769712,4.448456461036432,0.473120190148371,0.10872670176839173,0.44523628204650273,0.08941818659333121,118.06491613248663,9.769512229129703,117.75683918776187,6.921700408795456,78.05292872641911,75.88850500466627,0.5760055963689603,0.3593682536328166,109.57955587756896,128.74517074132524,-1.6950345404422507,-0.09201887592562441,6.2904659009966934
2025-01-01 15:05:00,EQ_003,78.40750348686312,0.4203974143196511,102.14133508065888,1,15,2,0,77.60610879975303,1.095427134372601,76.01422910496021,2.812458000136607,0.49346324371064915,0.07823573320484441,0.45571621513484706,0.08075345461773994,109.19697091226452,6.872334978308201,114.75485719063299,9.87493659372116,76.35789418597686,78.05292872641911,0.4839867204433359,0.5760055963689603,115.87002177856566,109.57955587756896,2.04960930088626,-0.0635893061236848,-13.728686697906781
2025-01-01 15:45:00,EQ_003,73.4541393826568,0.341586405699451,102.23753666533548,0,15,2,0,76.07317901849893,2.488925678310704,76.43219415731643,1.9810701724196653,0.4153235134874793,0.07133562056946235,0.436268878092843,0.09609074213515173,106.74963117485335,7.898636417726573,111.71472402869085,11.105498794808852,78.40750348686312,76.35789418597686,0.4203974143196511,0.4839867204433359,102.14133508065888,115.87002177856566,-4.953364104206315,-0.07881100862020013,0.09620158467660644
2025-01-01 16:15:00,EQ_003,72.80134470862913,0.514679301198555,113.64442158595595,0,16,2,0,74.88766252604968,3.065696578866743,75.81476209810901,2.5826301611845794,0.42555437373921906,0.08666160217136037,0.4673310876059906,0.08992205931585727,106.00776444398343,6.613714003058597,108.69457419761697,6.352352051523162,73.4541393826568,78.40750348686312,0.341586405699451,0.4203974143196511,102.23753666533548,102.14133508065888,-0.6527946740276747,0.173092895499104,11.40688492062047
2025-01-01 16:20:00,EQ_003,82.23488942176867,0.6612220628255424,137.3885135185333,0,16,2,0,76.16345783768487,5.2681349955907555,76.65115423717891,3.853271342063522,0.5058292565745162,0.16000150247417239,0.48437438089730706,0.11903266273597458,117.75682392327492,17.932698714122814,114.25636572580984,14.398791984999542,72.80134470862913,73.4541393826568,0.514679301198555,0.341586405699451,113.64442158595595,102.23753666533548,9.43354471313954,0.14654276162698743,23.744091932577348
2025-01-01 16:45:00,EQ_003,79.44815397811719,0.4280846680757579,123.6873314731752,0,16,2,0,78.16146270283834,4.846609360378697,77.26920619560698,4.037885124631028,0.5346620106999518,0.11784626730169284,0.47319397042379147,0.1216742297994819,124.90675552588817,11.9189228410508,115.81982766473178,15.028456386204837,82.23488942176867,72.80134470862913,0.6612220628255424,0.514679301198555,137.3885135185333,113.64442158595595,-2.78673544365148,-0.2331373947497845,-13.701182045358095
2025-01-01 17:05:00,EQ_003,82.0467372009279,0.5076851882958768,128.4515797118432,0,17,2,0,81.24326020027125,1.5574514683176135,77.99705293841994,4.585257421815888,0.5323306397323924,0.11850658173730844,0.4906515252190366,0.11842382516399054,129.84247490118392,6.955683965708142,121.08187659096862,13.577851554138245,79.44815397811719,82.23488942176867,0.4280846680757579,0.6612220628255424,123.6873314731752,137.3885135185333,2.598583222810703,0.07960052022011893,4.764248238668003
2025-01-01 17:15:00,EQ_003,73.18580719780171,0.434999741917654,105.94810153196426,1,17,2,0,78.22689945894894,4.554955222668795,77.94338650144893,4.652793893631696,0.4569231994297629,0.04409692956195717,0.5093341924626772,0.09384603123792483,119.36233757232758,11.858786267145932,121.82398956429438,12.33491541603242,82.0467372009279,79.44815397811719,0.5076851882958768,0.4280846680757579,128.4515797118432,123.6873314731752,-8.860930003126185,-0.07268544637822283,-22.503478179878954
2025-01-01 17:30:00,EQ_003,82.89786072865357,0.3909600922557154,132.4689171553472,0,17,2,0,79.37680170912772,5.378421013114751,79.96268970545381,4.009746188565859,0.4445483408230821,0.05894547325442956,0.4845903506741093,0.10741377844178021,122.28953279971823,14.29393339647244,125.58888867817264,12.084467072452846,73.18580719780171,82.0467372009279,0.434999741917654,0.5076851882958768,105.94810153196426,128.4515797118432,9.712053530851861,-0.04403964966193863,26.52081562338296
2025-01-01 17:40:00,EQ_003,72.89906591452072,0.4901411867715738,129.51449277058086,0,17,2,0,76.327577946992,5.691837753672698,78.09552500400422,4.785724276015887,0.438700340314981,0.049693995600218324,0.4503741754633156,0.047773413134595474,122.6438371526308,14.53419577402617,124.01408452858213,10.582019635566116,82.89786072865357,73.18580719780171,0.3909600922557154,0.434999741917654,132.4689171553472,105.94810153196426,-9.99879481413285,0.09918109451585844,-2.954424384766355
2025-01-01 17:50:00,EQ_003,68.27774744482862,0.5708214423256557,102.9612841317328,0,17,2,0,74.6915580293343,7.473064906329995,75.8614436973465,6.3485467238621895,0.48397424045098153,0.09008912105485377,0.4789215303132951,0.06903832381454783,121.64823135255364,16.250650854246825,119.86887506029366,14.187286452846157,72.89906591452072,82.89786072865357,0.4901411867715738,0.3909600922557154,129.51449277058086,132.4689171553472,-4.621318469692099,0.08068025555408187,-26.553208638848062
2025-01-01 17:55:00,EQ_003,70.40674026757901,0.5233216131263502,110.75534011870444,0,17,2,0,70.52785120897612,2.3130384766956484,73.53344431067674,5.60388726866988,0.5280947474078599,0.04055136270484494,0.48204881527938975,0.07099345110195172,114.41037234033938,13.648724030488752,116.32962714166592,13.710203394085118,68.27774744482862,72.89906591452072,0.5708214423256557,0.4901411867715738,102.9612841317328,129.51449277058086,2.1289928227503907,-0.04749982919930551,7.794055986971642
2025-01-01 18:30:00,EQ_003,79.92161199238292,0.4966770009355539,142.18780233448135,0,18,2,0,72.86869990159686,6.200066881098825,74.88060526959296,6.269526130439376,0.5302733521291866,0.03755788270969405,0.4943842670829698,0.06595421148960431,118.63480886163954,20.766426108765305,123.57756730216934,16.20250502156212,70.40674026757901,68.27774744482862,0.5233216131263502,0.5708214423256557,110.75534011870444,102.9612841317328,9.51487172480391,-0.02664461219079628,31.43246221577691
2025-01-01 19:00:00,EQ_003,75.83226104106528,0.51598563919974,122.16775563762629,0,19,2,0,75.3868711003424,4.773046734984022,73.46748533207531,4.579098039558071,0.5119947510872147,0.013763329199158389,0.5193893764717747,0.031794708340225346,125.0369660302707,15.911448596671043,121.51733499862515,15.425574194256303,79.92161199238292,70.40674026757901,0.4966770009355539,0.5233216131263502,142.18780233448135,110.75534011870444,-4.089350951317641,0.019308638264186162,-20.02004669685506
2025-01-01 20:00:00,EQ_003,70.83822213447885,0.639246530006433,112.82081109252398,0,20,2,0,75.53069838930902,4.549197495423768,73.05531657606693,4.733208856958797,0.5506363900472423,0.07734354242982881,0.5492104451187465,0.05724380728562397,125.72545635487722,15.0032652928103,118.17859866301379,15.064300107507515,75.83226104106528,79.92161199238292,0.51598563919974,0.4966770009355539,122.16775563762629,142.18780233448135,-4.994038906586425,0.12326089080669289,-9.346944545102303
2025-01-01 20:15:00,EQ_003,78.16465908877755,0.526032183877122,121.94107630953356,0,20,2,0,74.94504742144056,3.7429307522935398,75.03269890485673,4.282028551742538,0.5604214510277649,0.06844909109684003,0.5402525934290398,0.0565163581400303,118.97654767989462,5.332228950379617,121.97455709857392,12.432574403460523,70.83822213447885,75.83226104106528,0.639246530006433,0.51598563919974,112.82081109252398,122.16775563762629,7.3264369542987,-0.11321434612931092,9.120265217009575
2025-01-01 20:20:00,EQ_003,76.01461510425649,0.4865691258529452,114.68785705392402,0,20,2,0,75.00583210917097,3.7659529948884494,76.15427387219222,3.413872000523183,0.5506159465788333,0.07925193042565155,0.5329020959743588,0.06144408531843375,116.48324815199386,4.817922924188437,122.76106048561783,11.644825623431188,78.16465908877755,70.83822213447885,0.526032183877122,0.639246530006433,121.94107630953356,112.82081109252398,-2.150043984521062,-0.03946305802417682,-7.253219255609537
2025-01-01 20:25:00,EQ_003,67.42127942501384,0.5810808273159782,124.8387665118804,0,20,2,0,73.86685120601597,5.684603677643904,73.6542073587184,4.399965363143932,0.5312273790153484,0.047469547793848474,0.5497828612504436,0.060592148715947446,120.48923329177933,5.22887433555814,119.29125332109763,5.223231994533746,76.01461510425649,78.16465908877755,0.4865691258529452,0.526032183877122,114.68785705392402,121.94107630953356,-8.593335679242657,0.094511701463033,10.150909457956374
2025-01-01 20:45:00,EQ_003,73.06149220032007,0.3337508011964325,116.92191528861116,0,20,2,0,72.16579557653013,4.366126298612807,73.10005359056936,4.228201219475802,0.4671335847884519,0.12480521081840246,0.5133358936497822,0.11572740109896079,118.81617961813852,5.333987131452156,118.24208525129461,5.024050627148512,67.42127942501384,76.01461510425649,0.5810808273159782,0.4865691258529452,124.8387665118804,114.68785705392402,5.640212775306239,-0.2473300261195457,-7.916851223269234
2025-01-01 21:05:00,EQ_003,85.05102269383175,0.4589185712045415,132.28980502489063,0,21,2,0,75.17793143972189,9.003413142895752,75.94261370243994,6.4965333685145215,0.457916733238984,0.12366805656496589,0.47727030188940384,0.09243301297388329,124.68349560846075,7.685121373582688,122.13588403776794,6.9480970632581265,73.06149220032007,67.42127942501384,0.3337508011964325,0.5810808273159782,116.92191528861116,124.8387665118804,11.98953049351168,0.12516777000810897,15.367889736279466
2025-01-01 21:15:00,EQ_003,71.00851377730773,0.4785078969711264,124.58386703551484,0,21,2,0,76.37367622381986,7.58458544825029,74.51138464014598,6.670561379324859,0.4237257564573668,0.07853378159526368,0.4677654445082048,0.0885261917275585,124.5985291163389,7.683955359648537,122.6644421829642,7.029616158508162,85.05102269383175,73.06149220032007,0.4589185712045415,0.3337508011964325,132.28980502489063,116.92191528861116,-14.042508916524028,0.019589325766584897,-7.705937989375784
2025-01-01 21:45:00,EQ_003,76.11893975819449,0.4790778126255472,113.32220443531114,0,21,2,0,77.39282540977798,7.107397741624381,74.53224957093359,6.6765992721596605,0.47216809360040496,0.0114779607836953,0.4662671818627252,0.08819114719271902,123.3986254985722,9.539185822549252,122.39131165924164,7.432033835729964,71.00851377730773,85.05102269383175,0.4785078969711264,0.4589185712045415,124.58386703551484,132.28980502489063,5.11042598088676,0.0005699156544208273,-11.261662600203707
2025-01-01 22:30:00,EQ_003,77.91964092662982,0.4190396480078354,114.7375214348258,0,22,2,0,75.015698154044,3.5852163318789008,76.63192187125676,5.4123312052380275,0.458875119201503,0.0344997068810638,0.4338589460010966,0.06104816087751149,117.54786430188393,6.13431181168885,120.37106264383071,7.954934739896593,76.11893975819449,71.00851377730773,0.4790778126255472,0.4785078969711264,113.32220443531114,124.58386703551484,1.8007011684353387,-0.06003816461771183,1.4153169995146584
2025-01-01 22:50:00,EQ_003,79.10241090598682,0.55462842480037,121.41257140087464,0,22,2,0,77.71366386360371,1.502363116991784,77.84010561239012,5.080111331818792,0.4842486284779175,0.06794212316713526,0.4780344707218841,0.04927918733486289,116.49076575700387,4.320753250222437,121.2691938662834,7.718142124457705,77.91964092662982,76.11893975819449,0.4190396480078354,0.4790778126255472,114.7375214348258,113.32220443531114,1.1827699793569906,0.13558877679253462,6.675049966048846
2025-01-01 22:55:00,EQ_003,77.53637015553649,0.5006422269810937,98.694335201928,0,22,2,0,78.1861406627177,0.8163256029423527,76.33717510473107,3.163504942810915,0.491436766596433,0.06826151531935107,0.4863792018771946,0.04876287921150852,111.61480934587617,11.676603191452434,114.55009990169087,10.008972553346828,79.10241090598682,77.91964092662982,0.55462842480037,0.4190396480078354,121.41257140087464,114.7375214348258,-1.5660407504503269,-0.05398619781927627,-22.71823619894664
2025-01-01 23:05:00,EQ_003,80.84647795222837,0.4890390196074169,122.15396505456287,0,23,2,0,79.16175300458389,1.655851599609599,78.3047679397152,1.7757482155011841,0.5147698904629602,0.03500265239926659,0.48848542640445264,0.04856493034233208,114.08695721912186,13.335554940105906,114.06411950550049,9.442980513779121,77.53637015553649,79.10241090598682,0.5006422269810937,0.55462842480037,98.694335201928,121.41257140087464,3.310107796691881,-0.011603207373676816,23.459629852634876
2025-01-01 23:10:00,EQ_003,81.91079495518764,0.4911637040794664,125.0826863967459,0,23,2,0,80.09788102098416,2.2812707217802917,79.46313897911382,1.8794677153400683,0.49361498355599237,0.0061777976369457414,0.49090260469523644,0.048279566217154714,115.31032888441229,14.464189805077483,116.41621589778745,10.605141619833253,80.84647795222837,77.53637015553649,0.4890390196074169,0.5006422269810937,122.15396505456287,98.694335201928,1.064317002959271,0.0021246844720494984,2.9287213421830245
2025-01-01 23:15:00,EQ_003,78.24354943794822,0.4629988970117872,159.26237706436325,0,23,2,0,80.33360744845474,1.886650348145866,79.52792068137751,1.8175274852241023,0.4810672068995568,0.015683635983938276,0.4996944544960268,0.033732459517860164,135.49967617189068,20.63113708581947,125.32118702369493,21.716117706399885,81.91079495518764,80.84647795222837,0.4911637040794664,0.4890390196074169,125.0826863967459,122.15396505456287,-3.6672455172394223,-0.02816480706767921,34.17969066761735
2025-01-02 00:00:00,EQ_003,75.95549534009952,0.4892697855995771,104.8282630332832,0,0,3,0,78.70327991107847,3.0041492068988065,78.89853756820006,2.4399883899553374,0.4811441288969435,0.015742738387160414,0.4866227266558683,0.014036537901692434,129.72444216479747,27.512317514975635,122.00432535017664,23.643359922695122,78.24354943794822,81.91079495518764,0.4629988970117872,0.4911637040794664,159.26237706436325,125.0826863967459,-2.2880540978487005,0.02627088858778992,-54.43411403108004
2025-01-02 00:10:00,EQ_003,68.2007192951004,0.34291238479315,115.83805595114744,0,0,3,0,74.13325469104937,5.2635567876495495,77.03140739611283,5.453694016880131,0.43172702246817146,0.07802928806420638,0.4550767582182795,0.06377396202735543,126.64289868293132,28.780664732265873,125.43306950002054,20.444557216414193,75.95549534009952,78.24354943794822,0.4892697855995771,0.4629988970117872,104.8282630332832,159.26237706436325,-7.754776044999119,-0.14635740080642712,11.009792917864232
2025-01-02 00:45:00,EQ_003,82.88726639881737,0.5500844474944457,127.5792184992362,0,0,3,0,75.68116034467243,7.347115843969771,77.43956508543063,5.870998031290902,0.46075553929572427,0.10648879083117094,0.4672858437956853,0.07647906560035994,116.08184582788897,11.377436828277556,126.51812018895521,20.370851931594327,68.2007192951004,75.95549534009952,0.34291238479315,0.4892697855995771,115.83805595114744,104.8282630332832,14.686547103716975,0.20717206270129573,11.741162548088766
2025-01-02 01:20:00,EQ_003,80.36815874929886,0.3020700189624212,112.81167612391268,0,1,3,0,77.15204814773888,7.85373745477428,77.13103784425287,5.6121139185868385,0.39835561708333894,0.13297839371531167,0.4294671067722763,0.10364726493471971,118.74298352476546,7.8005788315816265,124.06391813438856,21.304794259678317,82.88726639881737,68.2007192951004,0.5500844474944457,0.34291238479315,127.5792184992362,115.83805595114744,-2.519107649518517,-0.24801442853202454,-14.76754237532353
2025-01-02 01:55:00,EQ_003,76.8860593753226,0.4713995778119889,122.14713183170528,0,1,3,0,80.04716150781294,3.013453310819958,76.85953983172774,5.577568177326293,0.4411846814229519,0.12673789552800196,0.43114724293231654,0.10439212014927217,120.84600881828474,7.469254833903035,116.64086908785696,8.729423044191709,80.36815874929886,82.88726639881737,0.3020700189624212,0.5500844474944457,112.81167612391268,127.5792184992362,-3.4820993739762542,0.16932955884956769,9.335455707792605
2025-01-02 02:20:00,EQ_003,67.75993049791877,0.4534689543219946,111.10759171771676,0,2,3,0,75.00471620751341,6.511255178229599,75.22042686329159,6.946027714807821,0.40897951703213486,0.09301939259005858,0.4239870766768001,0.10056657984423018,115.35546655777826,5.943148476242294,117.89673482474367,6.855742294726077,76.8860593753226,80.36815874929886,0.4713995778119889,0.3020700189624212,122.14713183170528,112.81167612391268,-9.12612887740383,-0.017930623489994302,-11.039540113988522
2025-01-02 02:35:00,EQ_003,72.48972887823695,0.3497029671604846,134.72670675750982,0,2,3,0,72.37857291715943,4.564079732816776,76.07822877991892,6.07228335474653,0.4248571664314893,0.06570001572095917,0.425345193150267,0.09923500993486288,122.66047676897732,11.817922452115344,121.67446498601616,9.945581686645442,67.75993049791877,76.8860593753226,0.4534689543219946,0.4713995778119889,111.10759171771676,122.14713183170528,4.729798380318172,-0.10376598716150998,23.61911503979306
2025-01-02 03:10:00,EQ_003,78.2510058897933,0.5269126941245107,126.40479795200824,0,3,3,0,72.83355508864967,5.253982115188862,75.1509766781141,5.038588228200413,0.44336153853566324,0.08903618210073018,0.42071084247628,0.09224835829982721,124.07969880907831,11.97999220926645,121.43958087657056,9.78381908479334,72.48972887823695,67.75993049791877,0.3497029671604846,0.4534689543219946,134.72670675750982,111.10759171771676,5.761277011556359,0.1772097269640261,-8.321908805501579
2025-01-02 03:30:00,EQ_003,67.37237414537631,0.5377100393902187,120.852094496339,0,3,3,0,72.70436963780219,5.442491171275324,72.55181975732958,5.026407027826916,0.4714419002250713,0.105567142302776,0.46783884656183944,0.07507822864364633,127.32786640195236,6.983212575306511,123.04766455105582,8.600395308373274,78.2510058897933,72.48972887823695,0.5269126941245107,0.3497029671604846,126.40479795200824,134.72670675750982,-10.878631744416992,0.01079734526570797,-5.552703455669231
2025-01-02 04:30:00,EQ_003,77.84883640116102,0.6056056809066052,131.35620147182945,0,4,3,0,74.49073881211022,6.1679633365359186,72.74437516249728,5.247533581981679,0.5567428048071115,0.04265947915449133,0.4946800671807628,0.09735467102538563,126.20436464005893,5.2549211195355365,124.88947847908067,9.315667336523212,67.37237414537631,78.2510058897933,0.5377100393902187,0.5269126941245107,120.852094496339,126.40479795200824,10.47646225578471,0.0678956415163865,10.504106975490444
2025-01-02 04:50:00,EQ_003,75.98260584850735,0.5521122428379338,114.71022291935984,0,4,3,0,73.7346054650149,5.58830874615545,74.38891023261499,4.535013951286129,0.5651426543782525,0.03577426802763228,0.5144087248839505,0.09690939993836313,122.30617296250945,8.417713978964551,125.61000471940926,8.034420987711265,77.84883640116102,67.37237414537631,0.6056056809066052,0.5377100393902187,131.35620147182945,120.852094496339,-1.8662305526536755,-0.05349343806867135,-16.645978552469614
2025-01-02 05:35:00,EQ_003,71.59474171262559,0.2059611365335719,119.31365953914532,0,5,3,0,75.14206132076465,3.2106559175082467,74.20991279949271,4.645042885953798,0.45455968675937025,0.21694772725216138,0.48566035875856806,0.15925240386189066,121.79336131011155,8.595571019252857,122.52739527573638,6.465774974771419,75.98260584850735,77.84883640116102,0.5521122428379338,0.6056056809066052,114.71022291935984,131.35620147182945,-4.387864135881756,-0.3461511063043619,4.603436619785484
2025-01-02 06:35:00,EQ_003,74.7614432192901,0.5862393472382759,122.88723662825024,0,6,3,0,74.11293026014101,2.264677617758864,73.51200026539206,4.118374575078517,0.44810424220326045,0.21039516993317448,0.4975256893813211,0.1651936438998817,118.9703730289185,4.0993014673141355,121.82388301098476,6.120571273362902,71.59474171262559,75.98260584850735,0.2059611365335719,0.5521122428379338,119.31365953914532,114.71022291935984,3.1667015066645092,0.38027821070470397,3.5735770891049157
2025-01-02 07:05:00,EQ_003,75.13442919497265,0.543192254467394,144.11676675578423,0,7,3,0,73.83020470896278,1.9449294949969327,75.06441127531134,2.2765875549811607,0.44513091274641386,0.2082424054780434,0.4986221323967562,0.1655448596184552,128.77255430772664,13.408066789857827,126.47681746287381,11.59336953309225,74.7614432192901,71.59474171262559,0.5862393472382759,0.2059611365335719,122.88723662825024,119.31365953914532,0.3729859756825533,-0.04304709277088181,21.22953012753399
2025-01-02 07:15:00,EQ_003,64.79132565787855,0.5754291329813574,126.02118320392483,0,7,3,0,71.56239935738044,5.8668866460482425,72.45290912665484,4.59388046866246,0.5682869115623425,0.022394676691231654,0.4925868228117066,0.1611614974664257,131.0083955293198,11.459819040582438,125.40981380929288,11.273105149099642,75.13442919497265,74.7614432192901,0.543192254467394,0.5862393472382759,144.11676675578423,122.88723662825024,-10.343103537094109,0.032236878513963396,-18.09558355185939
2025-01-02 09:05:00,EQ_003,71.55406090955216,0.4060096898891135,106.02881814887007,0,9,3,0,70.49327192080112,5.252513936559752,71.56720013886381,4.148545472671618,0.5082103591126216,0.08996408548071054,0.4633663122219425,0.16091554165357055,125.38892270285974,19.051844327430317,123.67353285519494,13.73317141659385,64.79132565787855,75.13442919497265,0.5754291329813574,0.543192254467394,126.02118320392483,144.11676675578423,6.762735251673618,-0.16941944309224394,-19.992365055054762
2025-01-02 09:20:00,EQ_003,71.74290998192775,0.4735485158689389,104.80653924523158,0,9,3,0,69.36276551645282,3.9601089351754237,71.59683379272424,4.149320510600362,0.4849957795798033,0.0852878467852892,0.516883788089016,0.07599489763576552,112.28551353267552,11.911127462076411,120.77210879641218,16.196169557430718,71.55406090955216,64.79132565787855,0.4060096898891135,0.5754291329813574,106.02881814887007,126.02118320392483,0.18884907237558934,0.06753882597982541,-1.2222789036384967
2025-01-02 11:20:00,EQ_003,83.41963845728934,0.4305286868910942,126.10216169589222,0,11,3,0,75.57220311625643,6.796734294262488,73.3284728403241,6.77566474887605,0.4366956308830488,0.03418913061680731,0.48574165601957964,0.07228199263220361,112.31250636333131,11.957819076766933,121.4150938099406,16.364077906044013,71.74290998192775,71.55406090955216,0.4735485158689389,0.4060096898891135,104.80653924523158,106.02881814887007,11.676728475361585,-0.04301982897784473,21.295622450660645
2025-01-02 12:05:00,EQ_003,81.90045677073726,0.5155190683858979,131.97246923645227,0,12,3,0,79.02100173665146,6.348617403956667,74.68167835547702,7.821447044406352,0.4731987570486436,0.042496270249072925,0.4802070188032804,0.06769731866028611,120.96039005919205,14.29424008980392,118.9862343060742,12.62663466416294,83.41963845728934,71.74290998192775,0.4305286868910942,0.4735485158689389,126.10216169589222,104.80653924523158,-1.5191816865520735,0.0849903814948037,5.870307540560049
2025-01-02 12:25:00,EQ_003,76.30336882911953,0.4696273971223335,112.16246478875571,0,12,3,0,80.54115468571537,3.7478126919526473,76.98408698972521,5.5453924880913235,0.4718917174664418,0.04254041133585238,0.4590466716314756,0.042242110859254,123.41236524036675,10.175230846696193,116.21449062304039,12.210529482549992,81.90045677073726,83.41963845728934,0.5155190683858979,0.4305286868910942,131.97246923645227,126.10216169589222,-5.59708794161773,-0.045891671263564415,-19.810004447696556
2025-01-02 12:50:00,EQ_003,77.71800077297216,0.5262561329001925,107.97850473923911,0,12,3,0,78.64060879094298,2.9103698257555832,78.21687496240921,4.649196884135689,0.5038008661361412,0.030078075518958605,0.4830959602336914,0.03856790297549938,117.37114625481574,12.816994773914049,116.60442794111418,11.829110333662676,76.30336882911953,81.90045677073726,0.4696273971223335,0.5155190683858979,112.16246478875571,131.97246923645227,1.4146319438526263,0.056628735777858985,-4.1839600495166
2025-01-02 12:55:00,EQ_003,73.14692833956947,0.5193589911367544,116.04319288243737,0,12,3,0,75.72276598055372,2.340192417019537,78.49767863393757,4.1790551967535965,0.5050808403864268,0.030896644163830117,0.4922580552872545,0.04109156345053065,112.0613874701441,4.03329408548592,118.85175866855533,9.944643473523923,77.71800077297216,76.30336882911953,0.5262561329001925,0.4696273971223335,107.97850473923911,112.16246478875571,-4.571072433402691,-0.0068971417634380305,8.064688143198254
2025-01-02 13:10:00,EQ_003,80.74382850186052,0.539046484992889,119.06613141100053,0,13,3,0,77.20291920480072,3.8245528869865226,77.9625166428518,3.5087575540716527,0.5282205363432785,0.009989670377400848,0.5139616149076134,0.026350930144843753,114.36260967755904,5.731678308705022,117.444552611577,9.126338291476939,73.14692833956947,77.71800077297216,0.5193589911367544,0.5262561329001925,116.04319288243737,107.97850473923911,7.59690016229105,0.019687493856134552,3.0229385285631594
2025-01-02 13:30:00,EQ_003,68.52659262139547,0.256118284172357,137.5493307164724,0,13,3,0,74.13911648760849,6.168755233478051,75.28774381298344,4.663763488961851,0.4381745867673334,0.1579723784067929,0.46208145806490525,0.11811063695873003,124.21955166997013,11.6424566311538,118.55992490758103,11.40264954776083,80.74382850186052,73.14692833956947,0.539046484992889,0.5193589911367544,119.06613141100053,116.04319288243737,-12.217235880465054,-0.282928200820532,18.483199305471885
2025-01-02 14:05:00,EQ_003,68.58503887905715,0.5197315707405595,136.3185689908911,0,14,3,0,72.61848666743771,7.036813123561348,73.74407782297095,5.453966339696417,0.4382987799686018,0.15806823293934744,0.4721022927885505,0.12100103192085988,130.97801037278805,10.334328178768796,123.3911457480081,13.017489547691596,68.52659262139547,80.74382850186052,0.256118284172357,0.539046484992889,137.5493307164724,119.06613141100053,0.05844625766168576,0.26361328656820254,-1.230761725581317
2025-01-02 14:15:00,EQ_003,72.53121708419344,0.468392714397295,138.18061922557823,0,14,3,0,69.88094952821535,2.2953850613703244,72.70672108521521,4.982003058270119,0.41474752310340374,0.1397545925025037,0.460529609087971,0.11723532577308678,137.34950631098062,0.9469715486200581,129.43156864527592,10.915191426246448,68.58503887905715,68.52659262139547,0.5197315707405595,0.256118284172357,136.3185689908911,137.5493307164724,3.9461782051362917,-0.051338856343264516,1.862050234687132
2025-01-02 14:55:00,EQ_003,85.3837399178042,0.2703819046862762,108.82813538292996,0,14,3,0,75.49999862701827,8.784038765514609,75.15408340086216,7.580345150869417,0.4195020632747102,0.13166827945917076,0.41073419179787535,0.1371803756172927,127.77577453313313,16.435527974295713,127.98855714537444,13.33610757653032,72.53121708419344,68.58503887905715,0.468392714397295,0.5197315707405595,138.18061922557823,136.3185689908911,12.852522833610763,-0.1980108097110188,-29.35248384264827
2025-01-02 15:30:00,EQ_003,74.64199370292968,0.532674476460232,101.82020774612846,0,15,3,0,77.51898356830911,6.892360902567657,73.93371644107599,6.917677327093654,0.4238163651812677,0.1367100452930243,0.40945979009134403,0.13571209393236797,116.2763207848789,19.290580086536526,124.53937241240001,17.72777139022161,85.3837399178042,72.53121708419344,0.2703819046862762,0.468392714397295,108.82813538292996,138.18061922557823,-10.741746214874524,0.2622925717739558,-7.007927636801497
2025-01-02 16:25:00,EQ_003,60.51872310903156,0.409794844564249,128.55555659020712,0,16,3,0,73.51481890992183,12.47077212868678,72.33214253860321,9.073545361091945,0.4042837419035857,0.1312331036413874,0.4401951021697224,0.10657660101923391,113.06796657308854,13.862786366543554,122.74061758714697,16.4908204732614,74.64199370292968,85.3837399178042,0.532674476460232,0.2703819046862762,101.82020774612846,108.82813538292996,-14.12327059389812,-0.12287963189598305,26.735348844078658
2025-01-02 16:35:00,EQ_003,74.30205185922414,0.6125434784414769,130.70610559979187,0,16,3,0,69.82092289039512,8.057734215868408,73.4755451346366,8.840528987172926,0.518337599821986,0.10213183469700152,0.4587574837099059,0.12950809865393134,120.3606233120425,16.092435250087117,121.61812490892711,15.496587732620497,60.51872310903156,74.64199370292968,0.409794844564249,0.532674476460232,128.55555659020712,101.82020774612846,13.783328750192574,0.20274863387722797,2.1505490095847506
2025-01-02 17:20:00,EQ_003,79.35033865344377,0.5040919175395722,116.99140252859172,0,17,3,0,71.39037120723316,9.747607356039806,74.83936944848668,9.177978681587534,0.508810080181766,0.10145663077792934,0.46589732433836123,0.13114579393473136,125.41768823953026,7.376173359027754,117.38028156952983,12.428502389351296,74.30205185922414,60.51872310903156,0.6125434784414769,0.409794844564249,130.70610559979187,128.55555659020712,5.048286794219635,-0.10845156090190478,-13.714703071200148
2025-01-02 17:55:00,EQ_003,80.25327198003806,0.4808972237399831,136.55407113088296,0,17,3,0,77.96855416423533,3.20721865680492,73.81327586093343,7.90258537589969,0.532510873240344,0.07027383493573078,0.5080003881491026,0.07404771234844966,128.0838597530889,10.041495439982052,122.92546871912043,13.771530286197306,79.35033865344377,74.30205185922414,0.5040919175395722,0.6125434784414769,116.99140252859172,130.70610559979187,0.9029333265942938,-0.02319469379958905,19.56266860229124
2025-01-02 18:00:00,EQ_003,80.52762966478991,0.7412615421612916,115.16438516153464,0,18,3,0,80.04374676609058,0.615978199945606,74.99040305330549,8.474536183475546,0.5754168944802823,0.14409314289182043,0.5497178012893145,0.12945317431190315,122.90328627366979,11.857168444798374,125.59430420220167,9.189792554317556,80.25327198003806,79.35033865344377,0.4808972237399831,0.5040919175395722,136.55407113088296,116.99140252859172,0.2743576847518483,0.26036431842130847,-21.38968596934832
2025-01-02 18:30:00,EQ_003,76.51317732619516,0.3819187184691155,100.90643912492708,0,18,3,0,79.09802632367438,2.2427441427015373,78.18929389673822,2.692390296550218,0.53469249479013,0.18561321242111387,0.5441425760702878,0.13734553146454476,117.54163180578159,17.942321285544413,120.06448070914567,14.01460020667766,80.52762966478991,80.25327198003806,0.7412615421612916,0.4808972237399831,115.16438516153464,136.55407113088296,-4.014452338594751,-0.35934282369217607,-14.257946036607564
2025-01-02 18:55:00,EQ_003,77.10960377117642,0.501961665769399,119.62429355020518,0,18,3,0,78.05013692072049,2.166196862880961,78.75080427912867,1.8353795654570182,0.5417139754666019,0.1829398831022454,0.5220262135358723,0.13239152006733973,111.89837261222233,9.776995809075286,117.84811829922833,12.728161184684538,76.51317732619516,80.52762966478991,0.3819187184691155,0.7412615421612916,100.90643912492708,115.16438516153464,0.5964264449812617,0.12004294730028353,18.717854425278105
2025-01-02 19:15:00,EQ_003,79.82043584144179,0.4426398227103099,124.43002130447375,0,19,3,0,77.81440564627111,1.7626823264616518,78.84482371672827,1.8851355745056555,0.4421734023162747,0.06002283282320663,0.5097357945700198,0.13723642594680213,114.98691799320203,12.428542500309105,119.33584205440472,13.034044115061342,77.10960377117642,76.51317732619516,0.501961665769399,0.3819187184691155,119.62429355020518,100.90643912492708,2.7108320702653685,-0.05932184305908916,4.805727754268574
2025-01-02 19:35:00,EQ_003,78.5058637115545,0.353247473424756,117.32358909101208,0,19,3,0,78.47863444139091,1.3556211503069806,78.49534206303156,1.7128503131039428,0.43261632063482164,0.07486207782698022,0.48420584450697446,0.15470406116424731,120.45930131523038,3.626054767494607,115.48974564643053,8.84822984464836,79.82043584144179,77.10960377117642,0.4426398227103099,0.501961665769399,124.43002130447375,119.62429355020518,-1.3145721298872957,-0.0893923492855539,-7.106432213461673
2025-01-02 20:30:00,EQ_003,70.04303825271846,0.4824145595567929,128.41983695452126,0,20,3,0,76.12311260190492,5.306364390041015,76.39842378061726,3.776947847480717,0.42610061856395287,0.0661528003209721,0.43243644798607467,0.06375462941500618,123.39114911666907,5.620597897826615,118.14083600502786,10.548752140396703,78.5058637115545,79.82043584144179,0.353247473424756,0.4426398227103099,117.32358909101208,124.43002130447375,-8.462825458836036,0.12916708613203692,11.096247863509177
2025-01-02 20:40:00,EQ_003,71.8051912615525,0.5020886488295961,90.93011780678358,0,20,3,0,73.45136440860848,4.465116819216194,75.45682656768875,4.292811730420817,0.4459168939370483,0.08085470654662955,0.4564704340581708,0.0625896092446823,112.22451461743901,19.257990051128036,116.14557174139918,14.735993676309738,70.04303825271846,78.5058637115545,0.4824145595567929,0.353247473424756,128.41983695452126,117.32358909101208,1.7621530088340336,0.01967408927280323,-37.489719147737674
2025-01-02 20:45:00,EQ_003,68.3845510329625,0.5230700905718684,116.25177943378192,0,20,3,0,70.07759351574448,1.7105819018728727,73.71181602004594,5.142300796072461,0.5025244329860857,0.020331268563535957,0.4606921190186647,0.06698280694927919,111.86724473169562,19.125581529966937,115.47106891811453,14.61363270092969,71.8051912615525,70.04303825271846,0.5020886488295961,0.4824145595567929,90.93011780678358,128.41983695452126,-3.4206402285899884,0.020981441742272233,25.321661626998335
2025-01-02 21:50:00,EQ_003,81.9213640925526,0.4189142488789661,116.10076293440557,1,21,3,0,74.03703546235586,7.038975305757734,74.13200167026811,5.808865927148219,0.48135766276014347,0.0550857529425534,0.45594700425239587,0.06937886956396953,107.76088672499039,14.576069026981468,113.80521724410089,13.788504456292182,68.3845510329625,71.8051912615525,0.5230700905718684,0.5020886488295961,116.25177943378192,90.93011780678358,13.536813059590088,-0.10415584169290226,-0.15101649937635386
2025-01-02 22:20:00,EQ_003,75.52100551975938,0.4680152476745156,106.82868080053416,0,22,3,0,75.27564021509149,6.771741286561628,73.53503003190909,5.384897405963379,0.46999986237511665,0.05210627468282056,0.47890055910234774,0.039426611044212787,113.06040772290724,5.397362024363709,111.7062355860053,13.917218839040066,81.9213640925526,68.3845510329625,0.4189142488789661,0.5230700905718684,116.10076293440557,116.25177943378192,-6.400358572793209,0.049100998795549466,-9.272082133871407
2025-01-02 23:10:00,EQ_003,79.59158303001156,0.4819608318237592,108.96330171469631,0,23,3,0,79.01131754744118,3.2393947718329126,75.44473898736771,5.528140882138843,0.4562967761257469,0.033116609682047674,0.47880981355574104,0.039417022115740157,110.63091514987872,4.855777764809233,107.81492853804032,10.334696217885813,75.52100551975938,81.9213640925526,0.4680152476745156,0.4189142488789661,106.82868080053416,116.10076293440557,4.070577510252178,0.013945584149243628,2.1346209141621557
2025-01-02 23:25:00,EQ_003,79.70385593994108,0.6533433701296325,133.3057490403904,0,23,3,0,78.27214816323733,2.383220653894183,77.02447192304541,5.3539087421711296,0.5344398165426357,0.10320930733721463,0.5090607578157483,0.08882463986052108,116.36591051854032,14.709104271557898,116.29005478476168,10.401563051138927,79.59158303001156,75.52100551975938,0.4819608318237592,0.4680152476745156,108.96330171469631,106.82868080053416,0.11227290992951566,0.1713825383058733,24.34244732569408
2025-01-02 23:40:00,EQ_003,77.75026049512276,0.4570755579701338,128.9295387010877,0,23,3,0,79.01523315502513,1.0969358113859342,78.89761381547748,2.397529384414974,0.5307932533078418,0.10685839959248995,0.4958618512954015,0.0910966664009414,123.73286315205814,12.976623714297151,118.82560663822282,11.836173666855919,79.70385593994108,79.59158303001156,0.6533433701296325,0.4819608318237592,133.3057490403904,108.96330171469631,-1.953595444818319,-0.19626781215949873,-4.376210339302702
2025-01-02 23:45:00,EQ_003,70.15827772568183,0.558855326977072,138.29620201716088,0,23,3,0,75.8707980535819,5.042697706883428,76.54499654210332,3.9544746166189237,0.5564247516922793,0.09815647861771627,0.5238500669150226,0.0826513065692626,133.510496586213,4.686687165504825,123.26469445477389,14.43547571326214,77.75026049512276,79.70385593994108,0.4570755579701338,0.6533433701296325,128.9295387010877,133.3057490403904,-7.591982769440932,0.10177976900693819,9.366663316073186
2025-01-03 00:40:00,EQ_003,75.62612251323954,0.6804348109786743,121.85175536829914,0,0,4,0,74.5115535780147,3.916790590062034,76.56601994079935,3.9479437662075827,0.5654552319752932,0.11182579324834811,0.5663339795758543,0.0996265461227806,129.69249869551592,8.248729439231127,126.26930936832689,11.404463319230894,70.15827772568183,77.75026049512276,0.558855326977072,0.4570755579701338,138.29620201716088,128.9295387010877,5.467844787557709,0.12157948400160234,-16.444446648861742
2025-01-03 02:00:00,EQ_003,71.63254687878066,0.4563280263959404,103.43376792322226,0,2,4,0,72.47231570590067,2.8289998970410184,74.97421271055319,4.0268136621927875,0.5652060547838955,0.11218828607194281,0.5612074184902907,0.10553775189478715,121.19390843622743,17.440524638842742,125.16340261003208,13.565544937378041,75.62612251323954,70.15827772568183,0.6804348109786743,0.558855326977072,121.85175536829914,138.29620201716088,-3.993575634458878,-0.22410678458273392,-18.417987445076875
2025-01-03 02:20:00,EQ_003,69.06200790485244,0.4641659847978778,109.49859260397857,0,2,4,0,72.10689243229088,3.30766578210559,72.84584310353544,3.70120817257561,0.5336429407241641,0.12718588081068663,0.5233719414239396,0.09788163508087545,111.5947052985,9.386204328846327,120.4019713227497,14.158287020401872,71.63254687878066,75.62612251323954,0.4563280263959404,0.6804348109786743,103.43376792322226,121.85175536829914,-2.5705389739282225,0.007837958401937406,6.064824680756303
2025-01-03 02:25:00,EQ_003,76.54910355113513,0.4352458194364841,127.57495149337484,0,2,4,0,72.41455277825607,3.8043133709327615,72.60561171473793,3.322952006048091,0.45191327687676736,0.014956988370667442,0.5190059937172098,0.10197910737625013,113.50243734019192,12.558752547356335,120.13105388120714,13.965973142281813,69.06200790485244,71.63254687878066,0.4641659847978778,0.4563280263959404,109.49859260397857,103.43376792322226,7.487095646282697,-0.02892016536139369,18.076358889396275
2025-01-03 03:05:00,EQ_003,86.05261500795676,0.6007513689836922,119.60980480622456,0,3,4,0,77.22124215464811,8.515222261324945,75.7844791711929,6.489886411242158,0.5000543910726846,0.08839686086869782,0.5273852021185338,0.10763623311188637,118.894449634526,9.059386703349258,116.39377443901988,9.755209235272675,76.54910355113513,69.06200790485244,0.4352458194364841,0.4641659847978778,127.57495149337484,109.49859260397857,9.503511456821627,0.1655055495472081,-7.9651466871502805
2025-01-03 03:15:00,EQ_003,68.15098510210461,0.5790625599162769,99.74192126888624,0,3,4,0,76.9175678870655,8.956501147025234,74.28945168896591,7.340710482165886,0.5383532494454842,0.0899497509834587,0.5071107519060544,0.07670289204731437,115.64222585616189,14.334422029264374,111.97180761913731,11.515013398715597,86.05261500795676,76.54910355113513,0.6007513689836922,0.4352458194364841,119.60980480622456,127.57495149337484,-17.901629905852147,-0.021688809067415327,-19.867883537338315
2025-01-03 04:45:00,EQ_003,67.22052176898187,0.5921650111924459,101.42098548601712,0,4,4,0,73.80804062634775,10.614313065085215,73.40704666700616,7.977492642761909,0.5906596466974715,0.010922486044283945,0.5342781488653554,0.0782597264218444,106.92423718704265,11.018054888542745,111.56925113169628,11.916308168831197,68.15098510210461,86.05261500795676,0.5790625599162769,0.6007513689836922,99.74192126888624,119.60980480622456,-0.930463333122745,0.013102451276169047,1.6790642171308718
2025-01-03 05:35:00,EQ_003,74.72115461171147,0.5198948146796495,134.36335405705978,0,5,4,0,70.03088716093265,4.0884467800680655,74.53887600837797,7.599405980355475,0.5637074619294573,0.03850428030281857,0.5454239148417097,0.06922492935092495,111.84208693732107,19.52204955096369,116.54220342231251,15.488914023489029,67.22052176898187,68.15098510210461,0.5921650111924459,0.5790625599162769,101.42098548601712,99.74192126888624,7.500632842729601,-0.07227019651279643,32.942368571042664
2025-01-03 05:50:00,EQ_003,77.69377996223184,0.6235782191822155,110.95385625006234,0,5,4,0,73.21181878097507,5.397300740470044,74.76781129059731,7.691785104645885,0.5785460150181035,0.05316643569873839,0.583090394790856,0.03886974207397807,115.57939859771311,16.951302111490964,113.21798437365001,14.264306530714652,74.72115461171147,67.22052176898187,0.5198948146796495,0.5921650111924459,134.36335405705978,101.42098548601712,2.9726253505203744,0.10368340450256597,-23.409497806997436
2025-01-03 06:20:00,EQ_003,71.32235028705117,0.4495820168992328,122.31445922525572,0,6,4,0,74.57909495366482,3.188089511961156,71.8217583464162,4.409719356780131,0.5310183502536991,0.08752981997568249,0.552856524373964,0.06889406678277127,122.54388984412596,11.706435226003302,113.75891525745624,14.61428426563456,77.69377996223184,74.72115461171147,0.6235782191822155,0.5198948146796495,110.95385625006234,134.36335405705978,-6.3714296751806785,-0.17399620228298268,11.360602975193373
2025-01-03 06:55:00,EQ_003,75.70858456819953,0.3914174871114814,133.55442801105497,0,6,4,0,74.90823827249419,3.260244572302876,73.33327823963518,4.122859418881834,0.48819257439764313,0.1208003838638695,0.515327509813005,0.0965909435911111,122.27424782879103,11.30033953906911,120.52141660589,14.32688295348587,71.32235028705117,77.69377996223184,0.4495820168992328,0.6235782191822155,122.31445922525572,110.95385625006234,4.3862342811483614,-0.058164529787751384,11.239968785799249
2025-01-03 07:15:00,EQ_003,73.4544176789875,0.5462591292853951,125.54057771115907,0,7,4,0,73.49511751141273,2.1934003623484495,74.5800574216363,2.3910494872726042,0.4624195444320363,0.07821499295304642,0.5061463334315949,0.08937356292760909,127.13648831582327,5.787436614771264,125.34533505091838,9.553178320142305,75.70858456819953,71.32235028705117,0.3914174871114814,0.4495820168992328,133.55442801105497,122.31445922525572,-2.25416688921203,0.15484164217391372,-8.013850299895893
2025-01-03 07:20:00,EQ_003,75.66770452391141,0.3274193271209403,111.3829692974374,0,7,4,0,74.94356892369949,1.2898047785327107,74.76936740407629,2.4419432352703003,0.4216986478392722,0.11251855968732923,0.467651235919853,0.11863335785883478,123.49265833988385,11.226703687451876,120.74925809899392,9.657331903333116,73.4544176789875,75.70858456819953,0.5462591292853951,0.3914174871114814,125.54057771115907,133.55442801105497,2.213286844923914,-0.2188398021644548,-14.157608413721675
2025-01-03 07:50:00,EQ_003,65.81897313448351,0.5783390509282595,116.6987990603355,0,7,4,0,71.64703177912747,5.167142376452983,72.39440603852663,4.099009282397491,0.4840058357781983,0.1365532180626115,0.4586034022690618,0.10467180398825378,117.87411535631067,7.151607881851423,121.89824666104853,8.469233811680933,75.66770452391141,73.4544176789875,0.3274193271209403,0.5462591292853951,111.3829692974374,125.54057771115907,-9.848731389427897,0.25091972380731925,5.315829762898105
2025-01-03 08:25:00,EQ_003,79.19245387225821,0.4191734278359074,123.38023481101708,0,8,4,0,73.55971051021771,6.931466355125339,73.96842675556803,4.99709798572573,0.4416439352950357,0.12696011077495287,0.45252168445639673,0.10619927875539635,117.15400105626334,6.011572306281832,122.1114017782008,8.495698409870144,65.81897313448351,75.66770452391141,0.5783390509282595,0.3274193271209403,116.6987990603355,111.3829692974374,13.373480737774699,-0.15916562309235216,6.6814357506815725
2025-01-03 09:00:00,EQ_003,71.65954773178476,0.6051947617722919,123.38552876285914,0,9,4,0,72.22365824617549,6.70456279448878,73.15861938828508,4.972619691592447,0.5342357468454862,0.10054755214887647,0.49527713938855883,0.11784348539940974,121.15485421140393,3.85905786928676,120.07762192856164,5.888692845384606,79.19245387225821,65.81897313448351,0.4191734278359074,0.5783390509282595,123.38023481101708,116.6987990603355,-7.532906140473457,0.18602133393638454,0.005293951842062938
2025-01-03 09:25:00,EQ_003,70.50766009104481,0.8109918556005361,130.61370964873134,0,9,4,0,73.7865538983626,4.716940446947179,72.56926787069654,5.101744772606584,0.6117866817362452,0.1959923726592304,0.548223684651587,0.18615066724755658,125.79315774086922,4.17472125162589,121.0922483160761,7.326744480709495,71.65954773178476,79.19245387225821,0.6051947617722919,0.4191734278359074,123.38552876285914,123.38023481101708,-1.1518876407399432,0.20579709382824418,7.228180885872206
2025-01-03 10:20:00,EQ_003,69.67443168462313,0.5838940500469613,119.4609515099426,0,10,4,0,70.61387983581757,0.996811620021925,71.37061330283889,4.891500329251213,0.6666935558065964,0.12541901599266178,0.5995186292367911,0.13961575630078785,124.48672997384438,5.657339180735609,122.70784475857712,5.2455936181056195,70.50766009104481,71.65954773178476,0.8109918556005361,0.6051947617722919,130.61370964873134,123.38552876285914,-0.8332284064216822,-0.22709780555357484,-11.152758138788741
2025-01-03 10:25:00,EQ_003,73.47387647822666,0.4382746813453076,110.17696419622686,0,10,4,0,71.21865608463153,1.9970181927272788,72.90159397158752,3.7944235487717526,0.6110535289976017,0.1878370330069478,0.5715057553202009,0.15779549130023834,120.08387511830028,10.232603116460767,121.4034777857554,7.45775571285747,69.67443168462313,70.50766009104481,0.5838940500469613,0.8109918556005361,119.4609515099426,130.61370964873134,3.799444793603527,-0.14561936870165365,-9.283987313715741
2025-01-03 10:55:00,EQ_003,77.43250821913101,0.6674492433347538,122.5797598122118,0,10,4,0,73.52693879399361,3.879310452366105,72.54960484096208,3.079179442571846,0.5632059915756742,0.11597948865315401,0.6211609184199702,0.13534170373726953,117.40589183946044,6.451727478738186,121.24338278599434,7.413170713580214,73.47387647822666,69.67443168462313,0.4382746813453076,0.5838940500469613,110.17696419622686,119.4609515099426,3.9586317409043517,0.22917456198944613,12.402795615984942
2025-01-03 11:25:00,EQ_003,77.99964364998102,0.5849102110743144,128.34751326324883,0,11,4,0,76.3020094491129,2.4655958154148996,73.81762402460133,3.8339516908164826,0.5635447119181253,0.11607156577477697,0.6171040082803746,0.13624097227668497,120.36807909056252,9.284980455560987,122.23577968607228,8.07428050246537,77.43250821913101,73.47387647822666,0.6674492433347538,0.4382746813453076,122.5797598122118,110.17696419622686,0.5671354308500156,-0.08253903226043935,5.767753451037024
2025-01-03 11:30:00,EQ_003,82.65375416171848,0.4706033052335818,129.13771621385587,0,11,4,0,79.3619686769435,2.8648384609889557,76.24684283873606,4.909494795647331,0.5743209198808833,0.09884928250987443,0.5490262982069838,0.0934658971472497,126.68832976310553,3.57999517553125,121.94058099909721,7.710177179876342,77.99964364998102,77.43250821913101,0.5849102110743144,0.6674492433347538,128.34751326324883,122.5797598122118,4.654110511737457,-0.11430690584073261,0.7902029506070392
2025-01-03 12:00:00,EQ_003,71.93298668229531,0.5500665721381209,106.3417584458456,0,12,4,0,77.5287948313316,5.375870887073212,76.6985538382705,4.207288587029795,0.535193362815339,0.058586913618912426,0.5422608026252158,0.09151496888119451,121.27566264098346,12.93917408716466,119.3167423862778,10.49451506614383,82.65375416171848,77.99964364998102,0.4706033052335818,0.5849102110743144,129.13771621385587,128.34751326324883,-10.720767479423174,0.07946326690453914,-22.79595776801027
2025-01-03 12:05:00,EQ_003,73.48765156755935,0.504977368718096,118.51030690232705,0,12,4,0,76.02479747052438,5.793232762168567,76.70130885613705,4.204652791351091,0.5085490820299329,0.03985185753226434,0.5556013400997734,0.0761364719464666,117.99659385400952,11.406658075976308,120.98341092749783,9.270453853359347,71.93298668229531,82.65375416171848,0.5500665721381209,0.4706033052335818,106.3417584458456,129.13771621385587,1.554664885264046,-0.04508920342002498,12.168548456481446
2025-01-03 12:40:00,EQ_003,79.74777067720662,0.2846657080128755,110.35294574249284,0,12,4,0,75.05613630902043,4.136764497760006,77.16436134775216,4.426923577725935,0.4465698829563642,0.14201401502796074,0.47904463303539774,0.11702410620827534,111.73500369688851,6.200883487569757,118.53804811355403,10.299571865104895,73.48765156755935,71.93298668229531,0.504977368718096,0.5500665721381209,118.51030690232705,106.3417584458456,6.260119109647263,-0.22031166070522046,-8.15736115983421
2025-01-03 14:00:00,EQ_003,74.92345075413502,0.3970628491817928,108.46667596794256,0,14,4,0,76.05295766630032,3.279346309131479,76.54912276858296,4.495052854799958,0.3955686419709214,0.11016343064767342,0.44147516065689346,0.10396481584133667,112.4433095375875,5.338150071271216,114.56188065449278,9.360583775567575,79.74777067720662,73.48765156755935,0.2846657080128755,0.504977368718096,110.35294574249284,118.51030690232705,-4.824319923071599,0.1123971411689173,-1.8862697745502714
2025-01-03 14:05:00,EQ_003,77.89645749800545,0.3647329714156465,103.1265565288929,0,14,4,0,77.5225596431157,2.4337964961051997,75.59766343584036,3.1954816846415275,0.3488205095367716,0.05786349598858784,0.4203010938933064,0.10727760835585277,107.3153927464428,3.748234925760138,109.35964871750018,5.776627139825646,74.92345075413502,79.74777067720662,0.3970628491817928,0.2846657080128755,108.46667596794256,110.35294574249284,2.973006743870428,-0.03232987776614632,-5.3401194390496585
2025-01-03 14:10:00,EQ_003,75.59790184207077,0.3477640813782109,102.0610750213211,0,14,4,0,76.13927003140374,1.558685956852962,76.33064646779545,2.48637469575242,0.36985330065855004,0.025045068484726082,0.37984059574132434,0.0810419957571135,104.55143583938553,3.4322939353938318,108.5035120325953,6.594966842996465,77.89645749800545,74.92345075413502,0.3647329714156465,0.3970628491817928,103.1265565288929,108.46667596794256,-2.2985556559346776,-0.01696889003743557,-1.0654815075718034
2025-01-03 14:15:00,EQ_003,70.13465529559222,0.6112688374989925,106.44552496887712,0,14,4,0,74.54300487855615,3.986978688188722,75.66004721340201,3.6327471118286727,0.4412552967642833,0.14748029981031383,0.40109888949750355,0.12441007211040984,103.87771883969707,2.2867081030456897,106.09055564590531,3.498639921815793,75.59790184207077,77.89645749800545,0.3477640813782109,0.3647329714156465,102.0610750213211,103.1265565288929,-5.463246546478544,0.2635047561207816,4.384449947556021
2025-01-03 14:25:00,EQ_003,74.20735213486515,0.6533727709916499,139.53259137526567,0,14,4,0,73.31330309084271,2.8392355444275803,74.55196350493372,2.830591751904545,0.5374685632896178,0.16563220745629428,0.4748403020932585,0.1456089884291769,116.01306378848797,20.486141260973337,111.92648477245987,15.643476002375404,70.13465529559222,75.59790184207077,0.6112688374989925,0.3477640813782109,106.44552496887712,102.0610750213211,4.072696839272922,0.0421039334926574,33.087066406388544
2025-01-03 14:45:00,EQ_003,70.5759864298655,0.6235811620006939,121.3106518621585,0,14,4,0,71.6393312867743,2.2348918541380627,73.68247064007981,3.31433629776723,0.6294075901637788,0.02164822747346978,0.5201439646570387,0.15051603906362962,122.42958940210046,16.571889052214605,114.49527995130306,15.984149472187344,74.20735213486515,70.13465529559222,0.6533727709916499,0.6112688374989925,139.53259137526567,106.44552496887712,-3.631365704999652,-0.02979160899095601,-18.221939513107174
2025-01-03 14:50:00,EQ_003,74.13526970038288,0.4844101822063332,119.22556539274008,0,14,4,0,72.9728694217045,2.0760744270777263,72.9302330805553,2.426794974819348,0.5871213717328924,0.09018911426573582,0.5440794068151761,0.12735787322840197,126.68960287672144,11.171108341455817,117.71508172407248,14.690679427952572,70.5759864298655,74.20735213486515,0.6235811620006939,0.6533727709916499,121.3106518621585,139.53259137526567,3.5592832705173834,-0.13917097979436072,-2.085086469418414
2025-01-03 14:55:00,EQ_003,83.55854240071172,0.4451712703509399,108.04706236400756,0,14,4,0,76.08993284365336,6.708369465584262,74.52236119228348,5.402024577929481,0.5177208715193223,0.09375352727497253,0.5635608446097219,0.09250079980429818,116.1944265396354,7.132429716020015,118.91227919260977,13.271402637088892,74.13526970038288,70.5759864298655,0.4844101822063332,0.6235811620006939,119.22556539274008,121.3106518621585,9.423272700328837,-0.0392389118553933,-11.178503028732521
2025-01-03 15:20:00,EQ_003,71.65463630670041,0.4640231354210914,117.20189657622994,1,15,4,0,76.44948280259833,6.280320993835309,74.82635739450514,5.129261464648789,0.4645348626594548,0.019624460488727336,0.5341117041941417,0.0968517365185756,114.82484144432588,5.956301353686597,121.06355351408035,11.498761385593722,83.55854240071172,74.13526970038288,0.4451712703509399,0.4844101822063332,108.04706236400756,119.22556539274008,-11.903906094011305,0.01885186507015152,9.154834212222383
2025-01-03 15:25:00,EQ_003,80.19952343698039,0.3673952313917962,110.35462205089809,0,15,4,0,78.4709007147975,6.137332275548866,76.02479165492818,5.624584765044731,0.42552987905460915,0.05122085657537652,0.4769161962741709,0.09318742550032282,111.86786033037856,4.761319662780726,115.22795964920684,5.7487200400997205,71.65463630670041,83.55854240071172,0.4640231354210914,0.4451712703509399,117.20189657622994,108.04706236400756,8.544887130279974,-0.09662790402929522,-6.847274525331855
2025-01-03 16:50:00,EQ_003,73.17339224343945,0.4916562030209639,139.72542176789807,0,16,4,0,75.00918399570675,4.558659072092956,76.54427281764296,5.0900764225054544,0.44102485661128377,0.0652448303600858,0.4505312044782249,0.04990341108703291,122.42731346500871,15.366837841604987,118.91091363035476,12.524943951578377,80.19952343698039,71.65463630670041,0.3673952313917962,0.4640231354210914,110.35462205089809,117.20189657622994,-7.026131193540934,0.12426097162916772,29.370799716999983
2025-01-03 17:15:00,EQ_003,71.71552860514302,0.506934433703625,115.9560257681604,0,17,4,0,75.02948142852095,4.536335787162697,76.060324598595,5.4767224962784065,0.45532862270546165,0.07653474416328672,0.45503605477768333,0.05452859916258234,122.0120231956522,15.593822419002102,118.25700570543881,12.589591560451346,73.17339224343945,80.19952343698039,0.4916562030209639,0.3673952313917962,139.72542176789807,110.35462205089809,-1.4578636382964305,0.015278230682661098,-23.769395999737668
2025-01-03 17:50:00,EQ_003,67.89094666629079,0.3700418763072402,126.82069490062632,0,17,4,0,70.92662250495776,2.7281564187318423,72.9268054517108,4.511061725867779,0.4562108376772764,0.07501448867313013,0.4400101759689433,0.06687915171923732,127.50071414556162,11.899280069743693,122.01173221276255,11.539012484919233,71.71552860514302,73.17339224343945,0.506934433703625,0.4916562030209639,115.9560257681604,139.72542176789807,-3.8245819388522335,-0.13689255739638478,10.86466913246592
2025-01-03 18:30:00,EQ_003,71.78240884809928,0.6017661466843502,114.4988471706346,0,18,4,0,70.46296137317769,2.227681077052497,72.95235995999059,4.502407013663101,0.49291415223173846,0.11649661192439935,0.4675587782215951,0.09960550706260923,119.0918559464738,6.732908439203023,121.47112233164349,11.879003157845789,67.89094666629079,71.71552860514302,0.3700418763072402,0.506934433703625,126.82069490062632,115.9560257681604,3.8914621818084925,0.23172427037711002,-12.321847729991717
2025-01-03 18:35:00,EQ_003,79.63920064040619,0.5271495310825648,118.5297457656915,0,18,4,0,73.10418538493208,5.984620937876635,72.84029540067574,4.2783274524779165,0.49965251802471844,0.11828397467864546,0.4995096381597489,0.08381387505638932,119.9497626123175,6.282461201933676,123.10614707460218,10.442119662177358,71.78240884809928,67.89094666629079,0.6017661466843502,0.3700418763072402,114.4988471706346,126.82069490062632,7.8567917923069075,-0.07461661560178545,4.030898595056897
2025-01-03 18:40:00,EQ_003,75.28506562448543,0.5551476275239523,128.40734482129548,0,18,4,0,75.5688917043303,3.936078282963274,73.26263007688495,4.421268432515396,0.5613544350969558,0.03769354289732216,0.5122079230603466,0.08707287153270027,120.47864591920721,7.1561327252148,120.84253168528167,6.372481565712873,79.63920064040619,71.78240884809928,0.5271495310825648,0.6017661466843502,118.5297457656915,114.4988471706346,-4.354135015920761,0.02799809644138751,9.87759905560398
2025-01-03 18:45:00,EQ_003,76.34296139431629,0.5340589216400496,122.07802507353314,0,18,4,0,77.08907588640264,2.270933301682808,74.18811663471959,4.50007637232548,0.5387853600821889,0.014585189966048111,0.5176328206476314,0.08750606937174782,123.00503855350672,5.003624313420951,122.0669315463562,5.757317386525532,75.28506562448543,79.63920064040619,0.5551476275239523,0.5271495310825648,128.40734482129548,118.5297457656915,1.0578957698308642,-0.02108870588390266,-6.329319747762341
2025-01-03 19:10:00,EQ_003,73.17523635228558,0.4770609255931972,124.25843658629827,0,19,4,0,74.93442112369577,1.6127101909294228,75.24497457191855,3.032720840483361,0.5220891582523998,0.040396035464792805,0.5390366305048229,0.04528141214278234,124.91460216037564,3.2152740260835664,121.5544798834906,5.3263075562386115,76.34296139431629,75.28506562448543,0.5340589216400496,0.5551476275239523,122.07802507353314,128.40734482129548,-3.1677250420307104,-0.05699799604685246,2.180411512765133
2025-01-03 19:15:00,EQ_003,70.80395166330497,0.4956523050186137,124.18205755887972,0,19,4,0,73.44071646996895,2.7790316604392795,75.0492831349597,3.329092600686251,0.5022573840839535,0.02906739049921241,0.5178138621716755,0.031212189773154587,123.50617307290372,1.2374019031978443,123.49112196113963,3.600260668043857,73.17523635228558,76.34296139431629,0.4770609255931972,0.5340589216400496,124.25843658629827,122.07802507353314,-2.3712846889806087,0.0185913794254165,-0.07637902741855385
2025-01-03 20:35:00,EQ_003,78.67438893024908,0.339342289926132,122.92715482141854,0,20,4,0,74.21785898194655,4.037479678479724,74.85632079292827,3.0091239243673975,0.43735184017931433,0.08538626237784491,0.4802524139403889,0.08456866822494927,123.78921632219887,0.747543284568697,124.37060377228504,2.4332525255664677,70.80395166330497,73.17523635228558,0.4956523050186137,0.4770609255931972,124.18205755887972,124.25843658629827,7.8704372669441085,-0.15631001509248166,-1.2549027374611796
2025-01-03 21:15:00,EQ_003,77.93182009377547,0.4765592199683678,111.9503351914744,0,21,4,0,75.8033868957765,4.3455283455505604,75.38567168678628,3.3201324952320985,0.4371846049710378,0.08527001485981962,0.46453473242927207,0.07378441177669084,119.68651585725758,6.7290462690005235,121.0792018463208,5.18372529037282,78.67438893024908,70.80395166330497,0.339342289926132,0.4956523050186137,122.92715482141854,124.18205755887972,-0.7425688364736089,0.13721693004223579,-10.976819629944146
2025-01-03 21:50:00,EQ_003,77.82754822815772,0.568205206571262,90.70551309997732,1,21,4,0,78.14458575072742,0.461775608128143,75.68258905355457,3.489221868457881,0.4613689054885872,0.11518514615315996,0.4713639894155145,0.08285124961854431,108.5276677042901,16.381225178603103,114.80469945160965,14.423942337815935,77.93182009377547,78.67438893024908,0.4765592199683678,0.339342289926132,111.9503351914744,122.92715482141854,-0.10427186561774704,0.09164598660289414,-21.24482209149707
2025-01-03 21:55:00,EQ_003,66.19618620422091,0.6487246155335927,140.52972024501662,0,21,4,0,73.98518484205137,6.745672167440669,74.28677902394163,5.537650003538116,0.5644963473577408,0.08614260029179406,0.5056967274035936,0.11509558025811736,114.39518951215614,25.001917704347452,118.05895618335333,18.382417311710476,77.82754822815772,77.93182009377547,0.568205206571262,0.4765592199683678,90.70551309997732,111.9503351914744,-11.631362023936816,0.08051940896233079,49.824207145039296
2025-01-03 22:35:00,EQ_003,70.7473977289535,0.3762337577672702,130.23530644185345,0,22,4,0,71.59037738711072,5.861322944610809,74.27546823707134,5.546592740245068,0.5310545266240416,0.13999266643993202,0.481813017953325,0.12922420688506317,120.49017992894915,26.302823469588386,119.26960595994808,19.072859222219083,66.19618620422091,77.82754822815772,0.6487246155335927,0.568205206571262,140.52972024501662,90.70551309997732,4.551211524732594,-0.27249085776632254,-10.294413803163167
2025-01-03 22:45:00,EQ_003,77.94289202210305,0.5887290837266742,106.6327456112407,0,22,4,0,71.62882531842581,5.922749390239286,74.12916885544213,5.409511080342212,0.537895819009179,0.14318111779468573,0.5316903767134333,0.10664188292097558,125.7992574327036,17.37843837746643,116.01072411791249,19.674265279415724,70.7473977289535,66.19618620422091,0.3762337577672702,0.6487246155335927,130.23530644185345,140.52972024501662,7.195494293149551,0.212495325959404,-23.60256083061276
2025-01-03 22:50:00,EQ_003,83.34952252175702,0.4236713895821418,115.88176631036345,0,22,4,0,77.34660409093784,6.322187659029679,75.21270934103845,6.740469306459273,0.46287807702536204,0.11154119931151461,0.5211128106361882,0.11571430052931335,117.58327278781921,11.892920695115707,116.79701034169031,19.549587584479664,77.94289202210305,70.7473977289535,0.5887290837266742,0.3762337577672702,106.6327456112407,130.23530644185345,5.406630499653971,-0.16505769414453242,9.249020699122752
2025-01-03 23:20:00,EQ_003,74.3299141666354,0.4214013967365018,120.52258490497483,0,23,4,0,78.54077623683183,4.539430897217156,74.51318252873398,6.580861683586194,0.47793395668177263,0.09595810726328258,0.49175204866923616,0.11934571418626834,114.345698942193,7.071176431196425,122.7604247026898,13.077152042784087,83.34952252175702,77.94289202210305,0.4236713895821418,0.5887290837266742,115.88176631036345,106.6327456112407,-9.019608355121619,-0.002269992845640001,4.640818594611389
2025-01-03 23:35:00,EQ_003,78.2414021692193,0.5721562505126143,107.1541573430003,1,23,4,0,78.64027961920391,4.52301460698758,76.92222572173367,4.715419130125635,0.47240967894375263,0.08639052101756453,0.4764383756650405,0.09698647328392049,114.51950285277955,6.787527912711702,116.08531212228654,9.862424894855103,74.3299141666354,83.34952252175702,0.4214013967365018,0.4236713895821418,120.52258490497483,115.88176631036345,3.9114880025838943,0.15075485377611253,-13.368427561974528
2025-01-03 23:50:00,EQ_003,70.5625391109895,0.3661394200276751,131.53590343316927,0,23,4,0,74.37795181561474,3.8396569089635117,76.88525399814087,4.7762691715330785,0.4532323557589304,0.10663320812477042,0.4744195081171214,0.09966195241413049,119.73754856038147,12.209815606638658,116.34543152054971,10.334769244303615,78.2414021692193,74.3299141666354,0.5721562505126143,0.4214013967365018,107.1541573430003,120.52258490497483,-7.678863058229794,-0.20601683048493924,24.38174609016896
2025-01-04 00:00:00,EQ_003,78.61190678913886,0.4394139179241106,116.9781941301738,0,0,5,1,75.80528268978254,4.544126824052864,77.01905695154801,4.822452807311268,0.4592365294881333,0.10442909344468405,0.44455647495660866,0.0765338610632269,118.55608496878114,12.26722015068157,118.41452122433631,8.830179517819634,70.5625391109895,78.2414021692193,0.3661394200276751,0.5721562505126143,131.53590343316927,107.1541573430003,8.049367678149352,0.07327449789643553,-14.557709302995463
2025-01-04 00:30:00,EQ_003,67.90817133533484,0.4612869350210485,135.3019519886335,0,0,5,1,72.36087241182106,5.573866715478224,73.93078671426358,4.69762124374161,0.42228009099094477,0.0498341090156654,0.4520795840443901,0.07581303187466684,127.93868318399221,9.67703573697469,122.29855835999032,11.349339510260783,78.61190678913886,70.5625391109895,0.4394139179241106,0.3661394200276751,116.9781941301738,131.53590343316927,-10.703735453804015,0.021873017096937897,18.3237578584597
2025-01-04 01:15:00,EQ_003,85.03046444079561,0.5813205186747977,139.3515404006023,0,1,5,1,77.1835141884231,8.650055454369117,76.07089676909563,6.863194756712784,0.49400712387331897,0.07640241424883003,0.48406340843204926,0.09170292539425501,130.54389550646988,11.92145049688675,126.06434945911583,13.527511144237847,67.90817133533484,78.61190678913886,0.4612869350210485,0.4394139179241106,135.3019519886335,116.9781941301738,17.12229310546077,0.12003358365374922,4.049588411968784
2025-01-04 01:30:00,EQ_003,80.12031262905731,0.5790371896051711,118.16849528946705,0,1,5,1,77.6863161350626,8.8168296170965,76.44667886106322,7.060353802855865,0.5405482144336725,0.06865177498436954,0.4854395962505606,0.09339152387045996,130.94066255956764,11.244820325739395,128.2672170484092,10.154558707177822,85.03046444079561,67.90817133533484,0.5813205186747977,0.4612869350210485,139.3515404006023,135.3019519886335,-4.910151811738302,-0.002283329069626583,-21.183045111135243
2025-01-04 01:35:00,EQ_003,77.96263474600592,0.534005129456889,116.43326865820129,0,1,5,1,81.03780393861962,3.622139820047929,77.92669798806651,6.247341871772802,0.5647876125789526,0.026682847454499198,0.5190127381364034,0.065913213037591,124.65110144942355,12.760483215124134,125.24669009341558,11.137777589594078,80.12031262905731,85.03046444079561,0.5790371896051711,0.5813205186747977,118.16849528946705,139.3515404006023,-2.1576778830513916,-0.045032060148282094,-1.7352266312657605
2025-01-04 02:55:00,EQ_003,74.39126245808359,0.5327879524159358,124.75430682526624,0,2,5,1,77.4914032777156,2.8934492025803173,77.08256912185546,6.414517663530265,0.5486100904926653,0.02635766777028781,0.5376875450347685,0.048703821455706536,119.78535692431154,4.389829177099271,126.80191263243407,10.197808448391118,77.96263474600592,80.12031262905731,0.534005129456889,0.5790371896051711,116.43326865820129,118.16849528946705,-3.5713722879223297,-0.0012171770409532545,8.321038167064955
2025-01-04 03:00:00,EQ_003,82.56724871621066,0.508589300629333,112.04442932059118,0,3,5,1,78.30704864010005,4.098860027020072,80.01438459803062,4.108484300769864,0.5251274608340526,0.014335391072618267,0.5471480181564254,0.031821379433249336,117.74400160135292,6.455521836548782,122.15040809882562,10.645789791177888,74.39126245808359,77.96263474600592,0.5327879524159358,0.534005129456889,124.75430682526624,116.43326865820129,8.175986258127068,-0.024198651786602743,-12.709877504675063
2025-01-04 03:35:00,EQ_003,70.2028038163826,0.4686470313827602,136.29166364900945,0,3,5,1,75.7204383302256,6.2884740434014725,77.04885247314802,4.864481717663915,0.5033414281426764,0.03239088702047369,0.5246133206980178,0.04032983678739164,124.36346659828898,12.128341197648405,121.53843274850703,9.428082361185409,82.56724871621066,74.39126245808359,0.508589300629333,0.5327879524159358,112.04442932059118,124.75430682526624,-12.364444899828058,-0.03994226924657285,24.247234328418273
2025-01-04 03:55:00,EQ_003,82.71621764136094,0.5606850593215671,140.67906338163553,0,3,5,1,78.49542339131807,7.18200546477902,77.56803347560874,5.384936058578141,0.5126404637778869,0.04615255777157122,0.5209428946412971,0.03456094480950996,129.6717187837454,15.422493944457726,126.04054636694073,12.341161568373215,70.2028038163826,82.56724871621066,0.4686470313827602,0.508589300629333,136.29166364900945,112.04442932059118,12.513413824978343,0.09203802793880689,4.387399732626079
2025-01-04 04:00:00,EQ_003,72.55575289106864,0.7056543564829542,101.68317752793972,0,4,5,1,75.15825811627072,6.650274917188974,76.48665710462129,5.811852493758087,0.5783288157290938,0.11948470464002196,0.5552727400465101,0.09059918094839349,126.21796818619492,21.360694829213024,123.09052814088841,16.33007707837641,82.71621764136094,70.2028038163826,0.5606850593215671,0.4686470313827602,140.67906338163553,136.29166364900945,-10.160464750292306,0.14496929716138707,-38.99588585369581
2025-01-04 04:20:00,EQ_003,76.61583857092391,0.5555512646342249,118.96568775709716,0,4,5,1,77.2959363677845,5.114260527725688,76.93157232718934,5.695322181118069,0.607296893479582,0.08521872950424489,0.5598254024901679,0.08975483911550874,120.44264288889082,19.539852244185916,121.9328043272546,16.38772555970435,72.55575289106864,82.71621764136094,0.7056543564829542,0.5606850593215671,101.68317752793972,140.67906338163553,4.060085679855277,-0.15010309184872928,17.282510229157438
2025-01-04 04:40:00,EQ_003,77.56800053284859,0.5975816719344709,126.78946987762232,0,4,5,1,75.57986399828037,2.6618769866402254,75.93172269051692,4.8319891092167735,0.61959576435055,0.07743513249368594,0.5776238767511954,0.08579072487302752,115.81277838755308,12.84667688573007,124.88181243866083,15.464105146037179,76.61583857092391,72.55575289106864,0.5555512646342249,0.7056543564829542,118.96568775709716,101.68317752793972,0.9521619619246735,0.04203040730024599,7.823782120525166
2025-01-04 05:00:00,EQ_003,74.86242547474681,0.4290420145250827,123.30851304615578,0,5,5,1,76.34875485950644,1.3724191708196736,76.86364702218978,3.787246535274016,0.5273916503645929,0.08772757227222953,0.56970287337966,0.09915530669235809,123.02122356029177,3.9197950334015355,122.2851823180901,14.099045342607953,77.56800053284859,76.61583857092391,0.5975816719344709,0.5555512646342249,126.78946987762232,118.96568775709716,-2.705575058101772,-0.16853965740938814,-3.4809568314665427
2025-01-04 05:05:00,EQ_003,83.86125798334872,0.3741495089324665,134.51001438131337,0,5,5,1,78.76389466364805,4.617073608740322,77.09265509058733,4.237472658028919,0.46692439846400674,0.11643362540782845,0.5323957633018399,0.13278534787906773,128.20266576836386,5.732909384387047,121.05137251802566,12.233484209048344,74.86242547474681,77.56800053284859,0.4290420145250827,0.5975816719344709,123.30851304615578,126.78946987762232,8.998832508601907,-0.054892505592616214,11.201501335157587
2025-01-04 05:45:00,EQ_003,81.13466611942154,0.7088442772869925,119.64174421293536,0,5,5,1,79.95278319250569,4.614366919650709,78.8084377362579,3.635227615413841,0.504011933581514,0.17950073415857737,0.5330337474626475,0.13382945985748304,125.82009054680152,7.745797609432088,124.6430858550248,6.344103460710118,83.86125798334872,74.86242547474681,0.3741495089324665,0.4290420145250827,134.51001438131337,123.30851304615578,-2.726591863927183,0.334694768354526,-14.868270168378004
2025-01-04 06:30:00,EQ_003,82.46344284479761,0.5327821172843086,118.8687194748426,0,6,5,1,82.4864556491893,1.363441597568271,79.97795859103266,3.6936497992613275,0.5385919678345892,0.16742300547874187,0.5284799179926642,0.13325786583439325,124.3401593563638,8.815829809654701,124.62369219857389,6.365908659442298,81.13466611942154,83.86125798334872,0.7088442772869925,0.3741495089324665,119.64174421293536,134.51001438131337,1.3287767253760734,-0.17606216000268393,-0.773024738092758
2025-01-04 06:35:00,EQ_003,73.64438199478715,0.5924270139537829,107.00783636554176,0,6,5,1,79.08083031966876,4.754749171965292,79.19323488342037,4.631401880915517,0.611351136175028,0.08954363655551446,0.5274489863965266,0.13260797469533608,115.17276668443992,7.081592839592773,120.66736549615777,9.86742559048841,82.46344284479761,81.13466611942154,0.5327821172843086,0.7088442772869925,118.8687194748426,119.64174421293536,-8.819060850010459,0.05964489666947437,-11.860883109300843
2025-01-04 06:40:00,EQ_003,74.89316352825782,0.3986104047707462,122.32786742940164,0,6,5,1,77.00032945594752,4.772218535875993,79.19938249412257,4.624230965518444,0.5079398453362792,0.09926768535357973,0.5213626644456594,0.13880717852400798,116.06814108992869,8.034815954142484,120.47123637280694,9.81139164771767,73.64438199478715,82.46344284479761,0.5924270139537829,0.5327821172843086,107.00783636554176,118.8687194748426,1.2487815334706625,-0.19381660918303673,15.320031063859872
2025-01-04 06:45:00,EQ_003,71.26394160426088,0.5085687161403359,112.43236022984074,0,6,5,1,73.26716237576862,1.8437825045637963,76.679919218305,4.874261768163247,0.49986871162162166,0.09720075646707518,0.5482465058872332,0.11396051788118607,113.92268800826139,7.767988517934089,116.05570554251241,6.227063982388391,74.89316352825782,73.64438199478715,0.3986104047707462,0.5924270139537829,122.32786742940164,107.00783636554176,-3.629221923996937,0.10995831136958972,-9.895507199560896
2025-01-04 07:15:00,EQ_003,77.57969608852049,0.5651136241823657,130.74318012715565,0,7,5,1,74.57893374034639,3.1695810363626875,75.96892521212479,4.28576064477934,0.49076424836448257,0.08466746614369916,0.5195003752663079,0.07468124583124733,121.83446926213269,9.16537575015748,118.27599272535649,9.128515265642873,71.26394160426088,74.89316352825782,0.5085687161403359,0.3986104047707462,112.43236022984074,122.32786742940164,6.315754484259614,0.05654490804202972,18.310819897314914
2025-01-04 07:50:00,EQ_003,77.33214991216764,0.7620793091029976,107.29938911287968,0,7,5,1,75.39192920164966,3.5770841450130204,74.9426666255988,2.6402919387339594,0.6119205498085664,0.13307919221652398,0.5653598136300456,0.13272325337968627,116.8249764899587,12.323722752754163,115.96212665296389,10.328162768388845,77.57969608852049,71.26394160426088,0.5651136241823657,0.5085687161403359,130.74318012715565,112.43236022984074,-0.2475461763528557,0.19696568492063193,-23.443791014275973
2025-01-04 08:20:00,EQ_003,76.00284598615471,0.5372105472606863,141.24771403016962,0,8,5,1,76.97156399561429,0.8480157508822747,75.4143594238723,2.559811169852474,0.6214678268486832,0.12256972355251834,0.5543165202914263,0.13220422097621118,126.43009442340167,17.380282575045186,122.81010218588946,13.705761148532421,77.33214991216764,77.57969608852049,0.7620793091029976,0.5651136241823657,107.29938911287968,130.74318012715565,-1.3293039260129262,-0.2248687618423113,33.94832491728994
2025-01-04 09:30:00,EQ_003,63.185337822290805,0.5848430882205284,132.59233239786798,0,9,5,1,72.17344457353771,7.81225380161115,73.0727942826789,6.084267016643946,0.6280443148614041,0.11849577840826526,0.5915630569813828,0.09957758110854655,127.0464785136391,17.640565825715075,124.86299517958273,14.368186941856038,76.00284598615471,77.33214991216764,0.5372105472606863,0.7620793091029976,141.24771403016962,107.29938911287968,-12.817508163863906,0.04763254095984215,-8.65538163230164
2025-01-04 09:35:00,EQ_003,69.95134647645031,0.2753110666015395,131.46440870400727,0,9,5,1,69.71317676163194,6.412072402310741,72.81027525711679,6.208867201836507,0.4657882340275847,0.1666684679912789,0.5449115270736236,0.1745767834160779,135.10148504401496,5.3525835843527725,128.66940487441605,12.672740286009516,63.185337822290805,76.00284598615471,0.5848430882205284,0.5372105472606863,132.59233239786798,141.24771403016962,6.766008654159506,-0.30953202161898896,-1.1279236938607085
2025-01-04 09:40:00,EQ_003,78.09577130502599,0.4393299705234703,110.26621161972966,0,9,5,1,70.41081853458904,7.465828325773911,72.91349030041789,6.311417321010043,0.4331613751151793,0.15485818279596303,0.5197547963418444,0.17991890401096183,124.7743175738683,12.57703887038516,124.57401117293084,14.940792446739799,69.95134647645031,63.185337822290805,0.2753110666015395,0.5848430882205284,131.46440870400727,132.59233239786798,8.14442482857568,0.1640189039219308,-21.19819708427761
2025-01-04 10:00:00,EQ_003,74.0855177944758,0.3123447293958126,111.76064513028,0,10,5,1,74.04421185865071,4.072369529196949,72.26416387687952,5.8965440314767354,0.34232858884027406,0.08602223015783043,0.4298078804004074,0.13539643277314456,117.83042181800566,11.830998761098392,125.46626237641092,13.73588672711942,78.09577130502599,69.95134647645031,0.4393299705234703,0.2753110666015395,110.26621161972966,131.46440870400727,-4.010253510550186,-0.1269852411276577,1.494433510550337
2025-01-04 10:05:00,EQ_003,81.87438209574093,0.5619711445966136,112.80890548550812,1,10,5,1,78.01855706508091,3.895006200895873,73.43847109879678,7.255351285486848,0.4378819481719654,0.12481950716153485,0.43475999986759284,0.1406573444127433,111.6119207451726,1.2778545421169865,119.7785006674786,11.226081658316906,74.0855177944758,78.09577130502599,0.3123447293958126,0.4393299705234703,111.76064513028,110.26621161972966,7.7888643012651215,0.24962641520080098,1.0482603552281233
2025-01-04 10:20:00,EQ_003,72.58628238908983,0.4375654610286776,127.8213000153146,0,10,5,1,76.18206075976885,4.986363238289285,75.31866001215658,4.7033079041461905,0.43729377834036787,0.12481342936604599,0.4053044744292227,0.11432710905281764,117.46361687703426,8.98531649068903,118.82429419096793,10.000492804513932,81.87438209574093,74.0855177944758,0.5619711445966136,0.3123447293958126,112.80890548550812,111.76064513028,-9.288099706651096,-0.12440568356793597,15.012394529806485
2025-01-04 10:35:00,EQ_003,83.1233922923478,0.2794433942900931,130.81984809249943,0,10,5,1,79.19468559239286,5.75701756909554,77.95306917533607,4.633833568021194,0.4263266666384613,0.14159878282607166,0.40613093996693345,0.11316145727036253,123.8166845311074,9.650192862339539,118.69538206866636,9.798943210341077,72.58628238908983,81.87438209574093,0.4375654610286776,0.5619711445966136,127.8213000153146,112.80890548550812,10.53710990325797,-0.15812206673858453,2.9985480771848216
2025-01-04 11:15:00,EQ_003,90.96553783922433,0.5668340488718081,127.3463754545933,0,11,5,1,82.22507084022065,9.222499324957177,80.52702248217574,7.450963911575177,0.42794763473019287,0.14393652775531812,0.431631755636601,0.13480904757184747,128.66250785413578,1.8833417142525262,122.11141483563908,9.076336333275213,83.1233922923478,72.58628238908983,0.2794433942900931,0.4375654610286776,130.81984809249943,127.8213000153146,7.842145546876523,0.28739065458171503,-3.473472637906127
2025-01-01 01:10:00,EQ_004,66.5376768514259,0.5484732817294475,122.96575545140762,0,1,2,0,70.71220890771916,4.540791712460827,70.71220890771916,4.540791712460827,0.511205461000047,0.04932785095095169,0.511205461000047,0.04932785095095169,123.21923905495818,10.689973084738165,123.21923905495818,10.689973084738165,70.0519758987071,75.54697397302446,0.4552678104341249,0.5298752908365686,134.03369970125192,112.65826201221503,-3.514299047281199,0.09320547129532264,-11.067944249844302
2025-01-01 01:20:00,EQ_004,74.20996050710505,0.4356450167682538,121.97292265631206,0,1,2,0,70.26653775241267,3.8406394929880627,71.58664680756563,4.0993202054389775,0.4797953696439421,0.060280637141055936,0.4923153499420987,0.055222306206393526,126.32412593632387,6.695115754593377,122.90765995529665,8.750543364633678,66.5376768514259,70.0519758987071,0.5484732817294475,0.4552678104341249,122.96575545140762,134.03369970125192,7.672283655679152,-0.11282826496119375,-0.992832795095552
2025-01-01 01:35:00,EQ_004,66.72571664067115,0.4596351536758003,130.7154315223489,0,1,2,0,69.1577846664007,4.376322689728495,70.61446077418672,4.162817318538631,0.48125115072450053,0.05943898417575287,0.48577931068883906,0.050007263199112126,125.21803654335618,4.786694361043422,124.4692142687071,8.343935896859751,74.20996050710505,66.5376768514259,0.4356450167682538,0.5484732817294475,121.97292265631206,122.96575545140762,-7.4842438664339,0.023990136907546533,8.742508866036829
2025-01-01 01:50:00,EQ_004,68.55019550129472,0.7062524919243145,109.6747609647246,0,1,2,0,69.82862421635697,3.9024686478798536,69.21510507984078,3.1407290146464417,0.5338442207894561,0.14979098982914094,0.5210547509063882,0.1122999223695786,120.78770504779517,10.57028901985529,123.87251405920901,9.43506842399841,66.72571664067115,74.20996050710505,0.4596351536758003,0.4356450167682538,130.7154315223489,121.97292265631206,1.8244788606235716,0.24661733824851417,-21.040670557624296
2025-01-01 02:20:00,EQ_004,73.77128467957027,0.393760647185312,109.10366962657612,0,2,2,0,69.68239894051204,3.6566953275493037,69.95896683601342,3.766579455879301,0.5198827642618089,0.16472740874878325,0.5087533182566256,0.12406080297189086,116.49795403788319,12.316007301276402,118.88650804427384,9.309267653533935,68.55019550129472,66.72571664067115,0.7062524919243145,0.4596351536758003,109.6747609647246,130.7154315223489,5.221089178275548,-0.3124918447390025,-0.5710913381484772
2025-01-01 02:25:00,EQ_004,73.63638215126164,0.5428307097207649,112.15238091872295,0,2,2,0,71.98595411070887,2.9762186730243365,71.37870789598057,3.4816776863032626,0.5476146162767971,0.15630083998030478,0.5076248038548891,0.12363409392544654,110.31027050334121,1.6206678919415864,116.72383313773693,9.380461768460325,73.77128467957027,68.55019550129472,0.393760647185312,0.7062524919243145,109.10366962657612,109.6747609647246,-0.13490252830862914,0.14907006253545285,3.048711292146834
2025-01-01 02:35:00,EQ_004,74.72852566741093,0.5985729995679863,105.94432980821358,0,2,2,0,74.04539749941428,0.595439118188428,71.48242092804175,3.593042715926956,0.511721452158021,0.10589081334898713,0.5402104004148356,0.12137023498541256,109.06679345117088,3.1041898358361615,113.51811456811723,9.864505125414935,73.63638215126164,73.77128467957027,0.5428307097207649,0.393760647185312,112.15238091872295,109.10366962657612,1.0921435161492923,0.055742289847221405,-6.208051110509373
2025-01-01 02:40:00,EQ_004,73.84532734895662,0.6187386051564752,120.15618333949602,0,2,2,0,74.07007838920974,0.5797233284404116,72.90634306969885,2.4728093124474486,0.5867141048150755,0.0393189163881729,0.5720310907109706,0.1156875778335047,112.75096468881084,7.124810320002605,111.40626493154666,5.367740391197776,74.72852566741093,73.63638215126164,0.5985729995679863,0.5428307097207649,105.94432980821358,112.15238091872295,-0.8831983184543191,0.0201656055884889,14.211853531282443
2025-01-01 03:20:00,EQ_004,75.06964645956474,0.5168460976269614,109.08066099604687,0,3,2,0,74.5478331586441,0.631843855864376,74.21023326135284,0.6446617993843322,0.5780525674504743,0.05395680562616784,0.5341498118514999,0.08858541801249882,111.72705804791883,7.466375172449722,111.2874449378111,5.4219527006494435,73.84532734895662,74.72852566741093,0.6187386051564752,0.5985729995679863,120.15618333949602,105.94432980821358,1.2243191106081213,-0.10189250752951373,-11.075522343449151
2025-01-01 03:30:00,EQ_004,75.99042380383928,0.3993457434720359,121.71839339793532,0,3,2,0,74.96846587078687,1.0761216631249353,74.65406108620664,0.9557512963473631,0.5116434820851575,0.10978892178120139,0.5352668311088447,0.08638038807170785,116.98507924449274,6.889847309733701,113.81038969208296,6.888393215304059,75.06964645956474,73.84532734895662,0.5168460976269614,0.6187386051564752,109.08066099604687,120.15618333949602,0.9207773442745406,-0.11750035415492555,12.637732401888442
2025-01-01 04:05:00,EQ_004,75.53215113845948,0.4977131937701118,106.32862193539754,0,4,2,0,75.53074046728783,0.4603902930420632,75.03321488364621,0.817071887374207,0.47130167828970304,0.06304569310517706,0.5262433279187141,0.08773857638216657,112.37589210979324,8.207020012589041,112.64563789541788,7.685123068107859,75.99042380383928,75.06964645956474,0.3993457434720359,0.5168460976269614,121.71839339793532,109.08066099604687,-0.45827266537979483,0.09836745029807592,-15.38977146253778
2025-01-01 04:10:00,EQ_004,73.72511391289572,0.4000697767705089,128.4817421266667,0,4,2,0,75.0825629517315,1.1977079688871832,74.83253253274316,1.010859965316345,0.43237623800421887,0.056584621564697825,0.4865426833592186,0.09165111682153322,118.84291915333317,11.353036935143448,117.1531203591085,9.22675650796108,75.53215113845948,75.99042380383928,0.4977131937701118,0.3993457434720359,106.32862193539754,121.71839339793532,-1.8070372255637608,-0.09764341699960288,22.153120191269153
2025-01-01 04:15:00,EQ_004,82.51996494291345,0.4495225078771782,107.67476685231492,1,4,2,0,77.25907666475621,4.644787938117578,76.56746005153454,3.4336397228983166,0.4491018261392663,0.04882306781310541,0.45269946390335924,0.05423933765207845,114.16171030479306,12.419762882959585,114.65683706167229,9.876687059169758,73.72511391289572,75.53215113845948,0.4000697767705089,0.4977131937701118,128.4817421266667,106.32862193539754,8.794851030017725,0.04945273110666926,-20.80697527435177
2025-01-01 04:20:00,EQ_004,61.74515095803494,0.5840620026504553,125.52299937679524,0,4,2,0,72.66340993794803,10.42802164959351,73.90256095122858,7.5681651048909275,0.4778847624327141,0.09521868466151535,0.466142644908058,0.0774683054321759,120.55983611859227,11.256433589843306,117.94530473782194,10.28476342359687,82.51996494291345,73.72511391289572,0.4495225078771782,0.4000697767705089,107.67476685231492,128.4817421266667,-20.774813984878506,0.1345394947732771,17.848232524480323
2025-01-01 04:40:00,EQ_004,73.28656202959826,0.4608241850956178,122.60442263333556,0,4,2,0,72.51722597684888,10.408752686951553,73.36178859638036,7.477743675415273,0.4981362318744171,0.07462814843997986,0.4784383332327744,0.06858551888438556,118.60072962081523,9.574028377117793,118.12251058490199,10.37327825091285,61.74515095803494,82.51996494291345,0.5840620026504553,0.4495225078771782,125.52299937679524,107.67476685231492,11.541411071563317,-0.12323781755483748,-2.918576743459681
2025-01-01 04:50:00,EQ_004,67.9624415264109,0.6615375689469442,109.91445315923792,0,4,2,0,67.66471817134804,5.776462739238775,71.84784667397066,7.69169968857066,0.5688079188976723,0.10122243287737735,0.5112032082681408,0.10793750308920093,119.34729172312291,8.298394729169136,118.83967682967007,9.435628844920215,73.28656202959826,61.74515095803494,0.4608241850956178,0.5840620026504553,122.60442263333556,125.52299937679524,-5.324120503187359,0.20071338385132637,-12.689969474097637
2025-01-01 05:05:00,EQ_004,83.76135221711812,0.6521316051922451,104.35197228637944,0,5,2,0,75.00345192437575,8.038170061421175,73.85509433481513,9.41954407836531,0.5914977864116023,0.11326433948602421,0.5616155739524881,0.10174128793933947,112.2902826929843,9.35528783079871,114.0137228616126,9.441919402714845,67.9624415264109,73.28656202959826,0.6615375689469442,0.4608241850956178,109.91445315923792,122.60442263333556,15.798910690707217,-0.009405963754699043,-5.562480872858487
2025-01-01 05:25:00,EQ_004,69.35474114391386,0.4975804393609084,116.97954500510136,0,5,2,0,73.69284496248096,8.747328352630634,71.22204957501522,8.145855007752223,0.6037498711666992,0.09206562456211347,0.5712271602492341,0.09010950106748078,110.41532348357289,6.328669015124887,115.87467849216992,8.773501673133916,83.76135221711812,67.9624415264109,0.6521316051922451,0.6615375689469442,104.35197228637944,109.91445315923792,-14.40661107320426,-0.1545511658313367,12.627572718721922
2025-01-01 05:40:00,EQ_004,68.88936095554027,0.3820960208840197,123.35058029084118,0,5,2,0,74.00181810552408,8.455206930433963,72.65089157451628,6.535321276159695,0.5106026884790578,0.13548796414162603,0.5308339638959471,0.12239964447504048,114.89403252744064,9.669477661572925,115.44019467497908,8.212071256808631,69.35474114391386,83.76135221711812,0.4975804393609084,0.6521316051922451,116.97954500510136,104.35197228637944,-0.46538018837358663,-0.11548441847688867,6.371035285739822
2025-01-01 05:45:00,EQ_004,78.56499215086194,0.6187679388461564,123.16155957182778,0,5,2,0,72.26969808343868,5.456848012033471,73.70657759876902,7.068271367901022,0.4994814663636949,0.11834741068446786,0.5624227146460548,0.12017535190667852,121.16389495592342,3.624985598766127,115.55162206267755,8.33642145385168,68.88936095554027,69.35474114391386,0.3820960208840197,0.4975804393609084,123.35058029084118,116.97954500510136,9.675631195321671,0.2366719179621367,-0.18902071901339923
2025-01-01 06:25:00,EQ_004,78.07967803472133,0.3654020319753251,118.65503215598268,0,6,2,0,75.17801038037452,5.451533375040693,75.73002490043112,6.432321777812818,0.45542199723516713,0.14170777959239386,0.503195607251731,0.13155094510211252,121.72239067288388,2.6580911217371734,117.29973786202649,7.754960144104686,78.56499215086194,68.88936095554027,0.6187679388461564,0.3820960208840197,123.16155957182778,123.35058029084118,-0.48531411614061426,-0.2533659068708313,-4.506527415845099
2025-01-01 06:30:00,EQ_004,77.96550628984193,0.5126379579546412,123.33859966568536,0,6,2,0,78.20339215847507,0.31831542957107634,74.57085571497586,4.981863265521109,0.4989359762587076,0.12723749022169717,0.4752968778042102,0.10396890834447356,121.71839713116526,2.654428286296132,121.09706333788768,3.0529674900114,78.07967803472133,78.56499215086194,0.3654020319753251,0.6187679388461564,118.65503215598268,123.16155957182778,-0.11417174487939974,0.14723592597931606,4.683567509702684
2025-01-01 06:35:00,EQ_004,73.45226780343005,0.6938928999058285,134.31366781831184,0,6,2,0,76.4991507093311,2.6392954322198228,75.3903610468791,4.182143264455333,0.523977629945265,0.16453876047629343,0.5145593699131942,0.14389065548127683,125.43576654665996,8.037213409906633,124.56388790052976,5.807597524164147,77.96550628984193,78.07967803472133,0.5126379579546412,0.3654020319753251,123.33859966568536,118.65503215598268,-4.513238486411879,0.1812549419511873,10.975068152626477
2025-01-01 07:20:00,EQ_004,67.21685413238048,0.5409818656928512,122.49308595641727,0,7,2,0,72.87820940855082,5.397271355145476,75.05585968224713,4.8462626429234765,0.5825042411844404,0.09750086792065213,0.5463365388749606,0.123410645864127,126.71511781347148,6.594103046676116,124.39238903364499,5.864763465818722,73.45226780343005,77.96550628984193,0.6938928999058285,0.5126379579546412,134.31366781831184,123.33859966568536,-6.235413671049571,-0.15291103421297725,-11.820581861894567
2025-01-01 08:20:00,EQ_004,75.5711382433102,0.5331980330569015,126.25508016831036,0,8,2,0,72.08008672637358,4.342888029031755,74.45708890073679,4.475039538541381,0.5893575995518604,0.09061384429377693,0.5292225577171095,0.1166004083702018,127.68727798101315,6.039034013769862,125.0110931529415,5.865630937992084,67.21685413238048,73.45226780343005,0.5409818656928512,0.6938928999058285,122.49308595641727,134.31366781831184,8.354284110929726,-0.007783832635949728,3.7619942118930823
2025-01-01 08:30:00,EQ_004,73.18193893893073,0.570945181713904,114.07644044347948,0,8,2,0,71.9899771048738,4.30280089150308,73.47754108157868,3.9940330878505126,0.548375026821219,0.019930025878958577,0.5703311876648252,0.07217450440834926,120.94153552273569,6.2358077221800166,124.09537481044086,7.290351899401748,75.5711382433102,67.21685413238048,0.5331980330569015,0.5409818656928512,126.25508016831036,122.49308595641727,-2.389199304379474,0.03774714865700246,-12.178639724830873
2025-01-01 08:55:00,EQ_004,78.71632047011357,0.5615367484013053,134.81663402462598,0,8,2,0,75.82313255078483,2.7757828772121886,73.62770391763301,4.213058111748402,0.5552266543907037,0.019648785528638302,0.5801109457541582,0.06539734591805238,125.04938487880527,10.422532479882596,126.390981682229,8.669206411740761,73.18193893893073,75.5711382433102,0.570945181713904,0.5331980330569015,114.07644044347948,126.25508016831036,5.534381531182845,-0.009408433312598663,20.7401935811465
2025-01-01 10:05:00,EQ_004,79.91345491972757,0.3932197078420807,123.42337834489622,0,10,2,0,77.27057144292395,3.591095868554032,74.9199413408925,5.052967807429617,0.5085672126524301,0.10000457391454433,0.5199763073414084,0.07247133820531565,124.10548427100055,10.386908048917963,124.21292378754586,7.465564148665856,78.71632047011357,73.18193893893073,0.5615367484013053,0.570945181713904,134.81663402462598,114.07644044347948,1.1971344496139977,-0.16831704055922458,-11.393255679729762
2025-01-01 10:25:00,EQ_004,68.6021151663215,0.4831178276809989,124.63288530118106,0,10,2,0,75.74396351872088,6.213918340235549,75.1969935476807,4.536615480052338,0.47929142797479507,0.08422373499606649,0.5084034997390381,0.07289726350709358,127.62429922356775,6.258033771657745,124.64088365649862,7.403400730268544,79.91345491972757,78.71632047011357,0.3932197078420807,0.5615367484013053,123.42337834489622,134.81663402462598,-11.311339753406074,0.08989811983891821,1.2095069562848408
2025-01-01 10:35:00,EQ_004,75.13045525105417,0.616187830260819,125.58139514518508,0,10,2,0,74.54867511236775,5.67806770403223,75.1088569492295,4.531807664914729,0.4975084552612996,0.11217848958401314,0.5250014591798216,0.08786534561884868,124.5458862637541,1.0816356835673697,124.50614665187356,7.372745938103601,68.6021151663215,79.91345491972757,0.4831178276809989,0.3932197078420807,124.63288530118106,123.42337834489622,6.528340084732676,0.1330700025798201,0.9485098440040218
2025-01-01 11:00:00,EQ_004,71.94241098504025,0.5189581616598743,123.8632331781156,0,11,2,0,71.89166046747198,3.2644659251946755,74.86095135845142,4.694550137210726,0.5394212732005642,0.068854633809885,0.5146040551690156,0.08406313341275885,124.69250454149392,0.8606311501634661,126.46350519880079,4.740987091484038,75.13045525105417,68.6021151663215,0.616187830260819,0.4831178276809989,125.58139514518508,124.63288530118106,-3.188044266013918,-0.09722966860094473,-1.7181619670694772
2025-01-01 11:20:00,EQ_004,70.12063373511333,0.4345924316872576,115.34194430881836,0,11,2,0,72.39783332373592,2.5357710928499477,73.14181401145136,4.499577148379058,0.5232461412026504,0.09087360602612898,0.4892151918262061,0.08550241500337337,121.59552421070634,5.483472105176032,122.56856725563928,4.122180307489928,71.94241098504025,75.13045525105417,0.5189581616598743,0.616187830260819,123.8632331781156,125.58139514518508,-1.8217772499269245,-0.08436572997261671,-8.521288869297251
2025-01-01 11:50:00,EQ_004,70.70821109909393,0.6612278257988645,108.69384665062474,0,11,2,0,70.92375193974918,0.9298179808869893,71.30076524732463,2.454830841513933,0.5382594730486656,0.11454390394964786,0.5428168154175629,0.09387517633585843,115.96634137918623,7.60394474475051,119.62266091678495,7.3545025500066785,70.12063373511333,71.94241098504025,0.4345924316872576,0.5189581616598743,115.34194430881836,123.8632331781156,0.5875773639805999,0.22663539411160694,-6.64809765819362
2025-01-01 11:55:00,EQ_004,78.50154939704495,0.6314914453584047,126.22711223900268,0,11,2,0,73.1101314104174,4.678338670892061,73.28065209346933,3.5026275257038617,0.5757705676148424,0.12316457537951249,0.572491538953044,0.09373695869585356,116.75430106614859,8.851548692496259,119.94150630434929,7.654458635525929,70.70821109909393,70.12063373511333,0.6612278257988645,0.4345924316872576,108.69384665062474,115.34194430881836,7.793338297951024,-0.029736380440459786,17.533265588377944
2025-01-01 12:00:00,EQ_004,72.12181086881112,0.6639964529371393,126.29529584221812,0,12,2,0,73.77719045498333,4.152016574788029,72.67892321702072,3.360965314967907,0.6522385746981363,0.01802078954811162,0.5820532634883081,0.10143115920531273,120.40541824394852,10.14257581386987,120.0842864437559,7.79139449208889,78.50154939704495,70.70821109909393,0.6314914453584047,0.6612278257988645,126.22711223900268,108.69384665062474,-6.37973852823383,0.032505007578734535,0.06818360321544503
2025-01-01 12:05:00,EQ_004,75.6100490732268,0.5742127491071892,111.95684240340007,0,12,2,0,75.41113644636096,3.1945172713577663,73.41245083465802,3.5546830407769496,0.6232335491342446,0.045457925666409105,0.5931041809777711,0.09568566785987266,121.49308349487363,8.258697407398342,117.7030082888128,8.158519971130689,72.12181086881112,78.50154939704495,0.6639964529371393,0.6314914453584047,126.29529584221812,126.22711223900268,3.48823820441568,-0.08978370382995005,-14.33845343881805
2025-01-01 12:10:00,EQ_004,87.80042269134397,0.5075433638901593,128.953554307626,0,12,2,0,78.51076087779397,8.231969017208671,76.94840862590415,6.786121368390602,0.5819175219781627,0.07851060381776792,0.6076943674183515,0.06662075350606995,122.40189751774807,9.142809566733476,120.42533028857433,9.356692387393535,75.6100490732268,72.12181086881112,0.5742127491071892,0.6639964529371393,111.95684240340007,126.29529584221812,12.190373618117164,-0.06666938521702992,16.996711904225933
2025-01-01 12:25:00,EQ_004,71.48411787437057,0.4156753404683808,128.20344012612455,0,12,2,0,78.29819654631378,8.48381125131244,77.10358998095948,6.614449615898008,0.49914381782190986,0.07960176986155289,0.5585838703522547,0.09962375485433457,123.03794561238355,9.60384319256774,124.32724898367428,7.016715871953506,87.80042269134397,75.6100490732268,0.5075433638901593,0.5742127491071892,128.953554307626,111.95684240340007,-16.3163048169734,-0.09186802342177852,-0.7501141815014591
2025-01-01 13:00:00,EQ_004,78.1620386952776,0.4377350638265548,118.23225836884218,0,13,2,0,79.14885975366404,8.202792973801905,77.03568784060602,6.5982335615964285,0.45365125606169837,0.047957557415965905,0.5198325940458847,0.10183342107782176,125.12975093419759,5.98516671348188,122.72827820964218,7.37721321089131,71.48411787437057,87.80042269134397,0.4156753404683808,0.5075433638901593,128.20344012612455,128.953554307626,6.677920820907033,0.02205972335817402,-9.971181757282366
2025-01-01 13:50:00,EQ_004,76.90098925502981,0.3495279625968998,107.96799144610856,0,13,2,0,75.51571527489266,3.5479423082414683,77.99152351784974,6.0301449430977625,0.4009794556306119,0.04590315839033749,0.45693889597783677,0.0864906723190934,118.13456331369177,10.118078081495582,119.06281733042026,9.42944235229347,78.1620386952776,71.48411787437057,0.4377350638265548,0.4156753404683808,118.23225836884218,128.20344012612455,-1.2610494402477883,-0.08820710122965503,-10.264266922733626
2025-01-01 14:05:00,EQ_004,80.4039036277731,0.3542448500535069,116.48078682183493,0,14,2,0,78.4889771926935,1.7741952715280855,78.95029442875901,5.937224543197832,0.38050262549232056,0.04962082481258306,0.4129453161671003,0.06526538268967813,114.2270122122619,5.490757585101444,119.96760621410724,8.771207436329844,76.90098925502981,78.1620386952776,0.3495279625968998,0.4377350638265548,107.96799144610856,118.23225836884218,3.502914372743291,0.004716887456607144,8.51279537572637
2025-01-01 14:25:00,EQ_004,66.69519533242004,0.6340450446023145,121.81426620113972,0,14,2,0,74.66669607174099,7.122234221326806,74.72924895697423,5.562802808115518,0.4459392857509072,0.16292143702293288,0.4382456523095314,0.11594615662779831,115.42101482302773,6.983707372524001,118.53974859280997,7.419658391720626,80.4039036277731,76.90098925502981,0.3542448500535069,0.3495279625968998,116.48078682183493,107.96799144610856,-13.708708295353063,0.27980019454880756,5.333479379304791
2025-01-01 14:30:00,EQ_004,77.14809109566293,0.3124827530354255,125.95029465835565,0,14,2,0,74.74906335195203,7.162309080742848,75.8620436012327,5.307610181292142,0.43359088256374906,0.17484971116869066,0.4176071348229403,0.129374640853639,121.41511589377677,4.747355621015026,118.08911949925621,6.721592977822558,66.69519533242004,80.4039036277731,0.6340450446023145,0.3542448500535069,121.81426620113972,116.48078682183493,10.452895763242893,-0.321562291566889,4.136028457215929
2025-01-01 15:25:00,EQ_004,72.41977635891313,0.4939339186185379,146.93033663980498,0,15,2,0,72.08768759566537,5.23435475195479,74.7135911339598,5.306774310567904,0.48015390541875935,0.16122342699582098,0.42884690578133694,0.13392178027364662,131.5649658331001,13.46653808038196,123.82873515344878,14.558490879561429,77.14809109566293,66.69519533242004,0.3124827530354255,0.6340450446023145,125.95029465835565,121.81426620113972,-4.728314736749809,0.18145116558311242,20.980041981449332
2025-01-01 16:00:00,EQ_004,81.2787806278676,0.3418809297967866,129.15390275560162,0,16,2,0,76.94888269414788,4.43286049292826,75.58914940852736,6.064886755398896,0.38276586715025007,0.0973900146301715,0.4273174992213143,0.1350926198350337,134.0115113512541,11.302115347901038,128.06591741534737,11.56313407125681,72.41977635891313,77.14809109566293,0.4939339186185379,0.3124827530354255,146.93033663980498,125.95029465835565,8.859004268954479,-0.15205298882175133,-17.776433884203357
2025-01-01 16:10:00,EQ_004,74.0656417791932,0.451693894831656,118.83234084204751,0,16,2,0,75.92139958865796,4.712044879336421,74.32149703881137,5.4368168553831655,0.4291695810823269,0.07848908449469649,0.44680730817694414,0.1287977067696543,131.63886007915139,14.212867467108651,128.5362282193899,11.008655712707375,81.2787806278676,72.41977635891313,0.3418809297967866,0.4939339186185379,129.15390275560162,146.93033663980498,-7.213138848674404,0.10981296503486943,-10.321561913554106
2025-01-01 16:35:00,EQ_004,67.57219813481514,0.4108807774584712,128.14151762118266,0,16,2,0,74.30554018062531,6.856439625780297,74.4968975992904,5.135042387152457,0.401485200695638,0.05550612100901225,0.4021744547481754,0.07521250680286946,125.37592040627726,5.689468872412578,129.80167850339848,10.389011061919605,74.0656417791932,81.2787806278676,0.451693894831656,0.3418809297967866,118.83234084204751,129.15390275560162,-6.493443644378061,-0.040813117373184826,9.309176779135143
2025-01-01 17:00:00,EQ_004,72.41355774949814,0.4868743032907695,117.21116605849244,0,17,2,0,71.35046588783548,3.374733444352031,73.54999093005743,4.957392410449893,0.4498163251936323,0.03803153879236682,0.4370527647992442,0.06259925148355137,121.39500817390753,5.898609515075404,128.05385278342584,11.833634012268147,67.57219813481514,74.0656417791932,0.4108807774584712,0.451693894831656,128.14151762118266,118.83234084204751,4.841359614683,0.07599352583229829,-10.93035156269022
2025-01-01 17:20:00,EQ_004,72.77248739299614,0.5168654671966728,119.4759554942253,0,17,2,0,70.9194144257698,2.9043244130209107,73.62053313687404,4.939767297235467,0.4715401826486379,0.054630944130834296,0.4416390745148712,0.06838145904653486,121.60954639130011,5.769081721388731,122.5629765543099,5.62693624568056,72.41355774949814,67.57219813481514,0.4868743032907695,0.4108807774584712,117.21116605849244,128.14151762118266,0.3589296434980014,0.02999116390590334,2.2647894357328653
2025-01-01 17:25:00,EQ_004,82.2669223855885,0.5441940649569409,137.04105516255493,0,17,2,0,75.81765584269426,5.5881112039951955,73.81816148841821,5.3273166646927725,0.5159779451481278,0.028670185575030815,0.48210170154690213,0.052639845793476754,124.57605890509087,10.854234960189311,124.14040703570056,8.372315441820174,72.77248739299614,72.41355774949814,0.5168654671966728,0.4868743032907695,119.4759554942253,117.21116605849244,9.49443499259236,0.02732859776026808,17.565099668329623
2025-01-01 17:35:00,EQ_004,72.38569986423366,0.641093237974627,119.37995990633968,0,17,2,0,75.80836988093942,5.596612947987654,73.48217310542631,5.360677900848111,0.5673842567094137,0.0652799624942629,0.5199815701754963,0.08405811259251388,125.29899018770664,10.169039836355854,124.249930848559,8.288681684331424,82.2669223855885,72.77248739299614,0.5441940649569409,0.5168654671966728,137.04105516255493,119.4759554942253,-9.881222521354843,0.09689917301768614,-17.661095256215248
2025-01-01 18:00:00,EQ_004,69.97929616623966,0.5953136633913245,135.62888768508196,0,18,2,0,74.87730613868727,6.511721423462431,73.96359271171123,4.773127610325922,0.5935336554409641,0.048474103953610466,0.5568681473620669,0.06170880930741089,130.68330091799217,9.814412502304275,125.74740486133888,9.720250064176899,72.38569986423366,82.2669223855885,0.641093237974627,0.5441940649569409,119.37995990633968,137.04105516255493,-2.4064036979939942,-0.04577957458330251,16.248927778742285
2025-01-01 18:05:00,EQ_004,71.16101217447935,0.5287124165201824,117.26006918170695,0,18,2,0,71.17533606831756,1.2032657935304083,73.71308359670746,4.905839987655293,0.5883731059620447,0.05651097911703395,0.5652357700079496,0.051902384367670626,124.08963892437619,10.049337323534473,125.75718548598176,9.70953218462357,69.97929616623966,72.38569986423366,0.5953136633913245,0.641093237974627,135.62888768508196,119.37995990633968,1.1817160082396896,-0.0666012468711421,-18.36881850337501
2025-01-01 18:35:00,EQ_004,73.93005577887246,0.479188314272746,118.40954789599948,1,18,2,0,71.69012137319716,2.027829575513695,73.94459727388274,4.877587178454936,0.5344047980614177,0.058271576112940676,0.5577003394231642,0.06236183706032546,123.76616825426281,10.289480528646903,125.5439039663366,9.891998583302474,71.16101217447935,69.97929616623966,0.5287124165201824,0.5953136633913245,117.26006918170695,135.62888768508196,2.7690436043931044,-0.04952410224743642,1.1494787142925276
2025-01-01 19:05:00,EQ_004,77.46225632004075,0.3972324859074042,109.02697472367156,0,19,2,0,74.18444142446418,3.1583149760600286,72.98366406077318,2.900831494309679,0.4683777389001109,0.06640327133056667,0.5283080236132568,0.09592179927525116,114.89886393379265,5.117581215829063,119.94108787855991,9.683404221908262,73.93005577887246,71.16101217447935,0.479188314272746,0.5287124165201824,118.40954789599948,117.26006918170695,3.5322005411682937,-0.08195582836534182,-9.382573172327923
2025-01-01 19:20:00,EQ_004,71.81130007874341,0.5969457200526737,113.92124739324184,0,19,2,0,74.40120405921887,2.854787581733386,72.86878410367513,2.9415209729330067,0.4911221734109413,0.10039002300347664,0.5194785200288662,0.08426860986013981,113.78592333763761,4.692750183372434,118.84934537594036,10.062770191488262,77.46225632004075,73.93005577887246,0.3972324859074042,0.479188314272746,109.02697472367156,118.40954789599948,-5.650956241297337,0.19971323414526948,4.8942726695702845
2025-01-01 19:25:00,EQ_004,72.34501522499092,0.5427194361871684,114.6087729685102,0,19,2,0,73.87285720792504,3.119944303008647,73.34192791542537,2.5207166888369406,0.5122992140490822,0.10327335769398005,0.5089596745880349,0.07523419285649645,112.51899836180786,3.04365646404788,114.64532243262602,3.6434099894753094,71.81130007874341,77.46225632004075,0.5969457200526737,0.3972324859074042,113.92124739324184,109.02697472367156,0.533715146247502,-0.05422628386550521,0.6875255752683529
2025-01-01 19:45:00,EQ_004,80.94508265553776,0.5919154173610002,122.20541427013868,0,19,2,0,75.03379931975736,5.12627213199217,75.29874201163707,3.851039210357636,0.5771935245336142,0.029961192596113746,0.5216002747561985,0.08416248523123802,116.91181154396357,4.597264971816299,115.63439145031234,4.9629765722471335,72.34501522499092,71.81130007874341,0.5427194361871684,0.5969457200526737,114.6087729685102,113.92124739324184,8.600067430546844,0.049195981173831727,7.59664130162848
2025-01-01 20:30:00,EQ_004,82.73752600665031,0.5793488720552213,108.97707850163576,0,20,2,0,78.67587462905966,5.555452176673031,77.06023605719263,4.9312754677901305,0.5713279085344634,0.025559988903852277,0.5416323863126935,0.08346106024980875,115.26375524676155,6.638446214264438,113.74789757143961,5.4163773052232775,80.94508265553776,72.34501522499092,0.5919154173610002,0.5427194361871684,122.20541427013868,114.6087729685102,1.7924433511125528,-0.012566545305778831,-13.228335768502916
2025-01-01 20:40:00,EQ_004,71.93605654757806,0.6304340242878153,124.08607307701767,0,20,2,0,78.53955506992205,5.788597225812677,75.9549961027001,5.414280412180718,0.6005661045680123,0.02661858348075746,0.5882726939887758,0.03170489899643923,118.4228552829307,8.234151057547546,116.75971724210883,6.256677314209161,82.73752600665031,80.94508265553776,0.5793488720552213,0.5919154173610002,108.97707850163576,122.20541427013868,-10.801469459072251,0.05108515223259391,15.108994575381914
2025-01-01 20:55:00,EQ_004,76.67228394993512,0.6126705136827584,111.13319077716542,0,20,2,0,77.11528883472117,5.414344430748359,76.92719287693845,4.895819180804541,0.6074844700085984,0.025934426567780618,0.5914176527147927,0.03350888270022937,114.73211411860628,8.172185520587927,116.20210591889354,6.682631987013987,71.93605654757806,82.73752600665031,0.6304340242878153,0.5793488720552213,124.08607307701767,108.97707850163576,4.736227402357059,-0.017763510605056876,-12.952882299852249
2025-01-01 21:00:00,EQ_004,78.29272136336415,0.3909033569784801,125.3481733634591,0,21,2,0,75.63368728695912,3.303151399243112,78.11673410461309,4.173411558787329,0.5446692983163512,0.13346107714946434,0.561054436873055,0.09710332512286765,120.18914573921406,7.8680343472337,118.34998599788332,7.69212546596534,76.67228394993512,71.93605654757806,0.6126705136827584,0.6304340242878153,111.13319077716542,124.08607307701767,1.6204374134290305,-0.22176715670427827,14.214982586293672
2025-01-01 22:00:00,EQ_004,87.63466212936811,0.5964851633097458,97.61768766675029,0,22,2,0,80.86655581422247,5.91708557252183,79.45464999937916,5.985623605933629,0.5333530113236614,0.12363017192000739,0.5619683860628042,0.09748715651717464,111.36635060245828,13.866713088253556,113.43244067720563,11.518764948559031,78.29272136336415,76.67228394993512,0.3909033569784801,0.6126705136827584,125.3481733634591,111.13319077716542,9.341940766003958,0.20558180633126566,-27.73048569670881
2025-01-01 22:10:00,EQ_004,72.5528027874089,0.3765651128120078,113.93134822142824,1,22,2,0,79.49339542671372,7.612281783897713,77.41770535553087,6.313146253164772,0.4546512110334113,0.12304084210207832,0.5214116342141615,0.1263556731803439,112.29906975054587,13.93711623682331,114.42329462116413,11.249638690770274,87.63466212936811,78.29272136336415,0.5964851633097458,0.3909033569784801,97.61768766675029,125.3481733634591,-15.081859341959216,-0.219920050497738,16.313660554677952
2025-01-01 22:25:00,EQ_004,84.23353662868017,0.5280161158819607,115.00269823848367,0,22,2,0,81.47366718181907,7.910643452049194,79.87720137175128,6.032925108864739,0.5003554640012381,0.11253906388264417,0.5009280525329907,0.11171713904736592,108.85057804222073,9.74270585388194,112.60661965345734,9.958443202440005,72.5528027874089,87.63466212936811,0.3765651128120078,0.5964851633097458,113.93134822142824,97.61768766675029,11.680733841271277,0.15145100306995296,1.0713500170554369
2025-01-01 22:45:00,EQ_004,80.54351790291454,0.4985547729121721,123.82988984740928,0,22,2,0,79.10995243966786,5.9708641100526885,80.65144816234718,5.76107483573992,0.46771200053538026,0.0802982505328649,0.4781049043788733,0.09332423452906181,117.58797876910705,5.432130166595394,115.1459594675061,11.047985470231538,84.23353662868017,72.5528027874089,0.5280161158819607,0.3765651128120078,115.00269823848367,113.93134822142824,-3.6900187257656256,-0.02946134296978864,8.827191608925602
2025-01-01 23:35:00,EQ_004,70.91532164506381,0.4704519681970839,122.87328904403007,0,23,2,0,78.56412539221951,6.876205975754548,79.1759682186871,7.264697088997842,0.4990076189970723,0.028784745558265754,0.4940146266225941,0.08066367251675174,120.56862570997434,4.843906763933168,114.6509826036203,10.519426972610283,80.54351790291454,84.23353662868017,0.4985547729121721,0.5280161158819607,123.82988984740928,115.00269823848367,-9.628196257850732,-0.028102804715088192,-0.9566008033792031
2025-01-01 23:50:00,EQ_004,75.14372411467409,0.6173124637586641,114.3016707176124,0,23,2,0,75.53418788755081,4.825959724590499,76.67778061574829,5.581399432981505,0.5287730682893067,0.0779542193904416,0.4981800867123777,0.08752414341231955,120.33494986968391,5.246819443183866,117.98777921379273,4.923190013277433,70.91532164506381,80.54351790291454,0.4704519681970839,0.4985547729121721,122.87328904403007,123.82988984740928,4.228402469610273,0.1468604955615802,-8.571618326417678
2025-01-02 00:05:00,EQ_004,75.23218274078074,0.5447716925810278,127.50579167521764,0,0,3,0,73.76374283350621,2.4672015892928036,77.21365660642267,5.202080695905675,0.5441787081789252,0.07343204349617496,0.5318214026661817,0.05559628558940477,121.56025047895336,6.6992727419326314,120.70266790455062,5.793013581706415,75.14372411467409,70.91532164506381,0.6173124637586641,0.4704519681970839,114.3016707176124,122.87328904403007,0.08845862610665733,-0.07254077117763635,13.204120957605241
2025-01-02 00:25:00,EQ_004,85.8162736165273,0.5142943094763707,132.57149216862572,0,0,3,0,78.73072682399403,6.136422919259793,77.5302040039921,5.7548211720254505,0.5587928219386876,0.05292097012792582,0.5290770413850637,0.05616682534940507,124.7929848538186,9.432183448207965,124.21642669057901,6.724634871440944,75.23218274078074,75.14372411467409,0.5447716925810278,0.6173124637586641,127.50579167521764,114.3016707176124,10.584090875746554,-0.030477383104657085,5.065700493408087
2025-01-02 00:30:00,EQ_004,73.461108825235,0.6732514999485092,114.64664912983775,0,0,3,0,78.16985506084768,6.680940296849148,76.11372218845618,5.699062162750883,0.5774391673353026,0.08436361793341278,0.5640163867923311,0.0811937888960909,124.90797765789371,9.2404803848474,122.37977854706472,7.991365753617517,85.8162736165273,75.23218274078074,0.5142943094763707,0.5447716925810278,132.57149216862572,127.50579167521764,-12.355164791292296,0.15895719047213852,-17.92484303878797
2025-01-02 00:50:00,EQ_004,74.52352233806523,0.3198942265847261,126.85507738790204,0,0,3,0,77.93363492660917,6.847201994603826,76.83536232705647,5.069979858097098,0.5024800120032021,0.17697464190770468,0.5339048384698596,0.1347938494393292,124.69107289545518,9.156264853846995,123.17613621583912,8.247143836709018,73.461108825235,85.8162736165273,0.6732514999485092,0.5142943094763707,114.64664912983775,132.57149216862572,1.0624135128302328,-0.3533572733637831,12.208428258064288
2025-01-02 01:25:00,EQ_004,69.8674235029447,0.5747910256117534,127.4500531287728,0,1,3,0,72.61735155541497,2.4400325486319736,75.7801022047106,5.977906093105379,0.5226455840483296,0.18235871508281484,0.5254005508404774,0.1294514978562997,122.98392654883753,7.226419936875984,125.8058126980712,6.65198770569546,74.52352233806523,73.461108825235,0.3198942265847261,0.6732514999485092,126.85507738790204,114.64664912983775,-4.656098835120531,0.25489679902702733,0.5949757408707512
2025-01-02 01:35:00,EQ_004,71.49939592530413,0.523924686411115,119.35811822891502,0,1,3,0,71.96344725543803,2.362482130800598,75.03354484161528,6.2884603851336935,0.4728699795358649,0.1349000810197851,0.5212311496064949,0.12900656833974572,124.55441624852995,4.50994832171572,124.17627800881067,7.1133972311797535,69.8674235029447,74.52352233806523,0.5747910256117534,0.3198942265847261,127.4500531287728,126.85507738790204,1.631972422359425,-0.05086633920063843,-8.091934899857776
2025-01-02 03:50:00,EQ_004,73.79381971071835,0.3226967531793118,132.05994516546815,0,3,3,0,71.7202130463224,1.9724900369345566,72.62905406045348,1.9066157875267227,0.47380415506739343,0.13331140721987508,0.4829116383470831,0.1570005101879482,126.28937217438532,6.429967891828435,124.07396860817917,6.964587777728412,71.49939592530413,69.8674235029447,0.523924686411115,0.5747910256117534,119.35811822891502,127.4500531287728,2.2944237854142244,-0.2012279332318032,12.701826936553132
2025-01-02 04:05:00,EQ_004,82.2188230203663,0.434623366135118,135.2100622715938,0,4,3,0,75.83734621879626,5.644336077299187,74.38059689947974,4.755853683440425,0.427081601908515,0.10082573547424858,0.43518601158440495,0.11544528776266559,128.876041888659,8.391898625466789,128.18665123653037,6.012265986727874,73.79381971071835,71.49939592530413,0.3226967531793118,0.523924686411115,132.05994516546815,119.35811822891502,8.425003309647948,0.11192661295580619,3.1501171061256628
2025-01-02 04:15:00,EQ_004,80.58647915794064,0.6374438093170818,137.47363197915558,0,4,3,0,78.86637396300843,4.468136256104924,75.59318826345482,5.513919542352013,0.4649213095438372,0.15954592244224455,0.498695928130876,0.12324663425726902,134.91454647207252,2.7189149343069396,130.31036215478107,7.185289682029454,82.2188230203663,73.79381971071835,0.434623366135118,0.3226967531793118,135.2100622715938,132.05994516546815,-1.6323438624256568,0.2028204431819638,2.2635697075617713
2025-01-02 04:25:00,EQ_004,77.28376609576893,0.8137748533659994,117.63444712781056,0,4,3,0,80.02968942469195,2.5142012285301405,77.07645678201968,4.491282631434764,0.6286140096060665,0.18972990431017933,0.5464926936817252,0.1889580262280899,130.10604712618664,10.859859200048033,128.3472409545886,9.216042820432763,80.58647915794064,82.2188230203663,0.6374438093170818,0.434623366135118,137.47363197915558,135.2100622715938,-3.302713062171719,0.17633104404891764,-19.839184851345024
2025-01-02 04:35:00,EQ_004,77.23854280008658,0.522323891412916,108.93706487588366,0,4,3,0,78.36959601793205,1.9200102679305868,78.22428615697616,3.2795419424589416,0.657847518031999,0.14679287892413853,0.5461725346820854,0.18900717330704628,121.3483813276166,14.626308349691374,126.26303028398236,12.389236442412043,77.28376609576893,80.58647915794064,0.8137748533659994,0.6374438093170818,117.63444712781056,137.47363197915558,-0.04522329568234795,-0.2914509619530834,-8.697382251926896
2025-01-02 05:25:00,EQ_004,67.84612448940976,0.6133770096867065,122.70057358391422,0,5,3,0,74.12281112842176,5.435817110599101,77.03474711271444,5.568298043096342,0.6498252514885406,0.14910490117255748,0.6043085859835644,0.1419250334541175,116.42402852920281,6.961133375887848,124.39115596767155,11.995207655771425,77.23854280008658,77.28376609576893,0.522323891412916,0.8137748533659994,108.93706487588366,117.63444712781056,-9.392418310676817,0.09105311827379048,13.763508708030557
2025-01-02 05:40:00,EQ_004,79.20321774494361,0.5655900776529761,106.3168496116719,0,5,3,0,74.76262834481332,6.069885179811605,76.43162605762991,5.000815413962873,0.5670969929175329,0.04554525971005311,0.630501928287136,0.11163159681624567,112.65149602382326,8.800815409054158,118.61251343568719,12.431897440611095,67.84612448940976,77.23854280008658,0.6133770096867065,0.522323891412916,122.70057358391422,108.93706487588366,11.357093255533854,-0.04778693203373041,-16.383723972242322
2025-01-02 06:00:00,EQ_004,72.73846840375461,0.6124112719986013,132.63706677654667,0,6,3,0,73.262603546036,5.696659550934566,74.8620239067927,4.585056538085615,0.597126119779428,0.02731528193285943,0.6254954208234398,0.1118036338617568,120.55149665737758,13.291063036065655,117.6452003951654,10.659222849292506,79.20321774494361,67.84612448940976,0.5655900776529761,0.6133770096867065,106.3168496116719,122.70057358391422,-6.464749341189005,0.04682119434562526,26.320217164874776
2025-01-02 06:05:00,EQ_004,62.88060336685522,0.5947526462122859,111.53684022534264,0,6,3,0,71.60742983851782,8.219876593415762,71.98139136100995,6.713612243710929,0.5909179986212878,0.02364496672863162,0.5816909793926971,0.03841236196110044,116.83025220452039,13.93569573747644,116.42567901467183,11.003998288663421,72.73846840375461,79.20321774494361,0.6124112719986013,0.5655900776529761,132.63706677654667,106.3168496116719,-9.85786503689939,-0.017658625786315496,-21.10022655120403
2025-01-02 06:10:00,EQ_004,67.08048588257138,0.422712233217639,125.43479378670094,0,6,3,0,67.56651921772706,4.9468724537421505,69.9497799775069,6.245685843502884,0.5432920504761755,0.10479778630172426,0.5617686477536418,0.08010513765707292,123.20290026286341,10.725712174692367,119.72522479683528,10.665384530815162,62.88060336685522,72.73846840375461,0.5947526462122859,0.6124112719986013,111.53684022534264,132.63706677654667,4.199882515716162,-0.17204041299464684,13.897953561358293
2025-01-02 06:20:00,EQ_004,78.92900079325416,0.4028343265458713,122.6402008133367,0,6,3,0,69.63003001422692,8.322433324957105,72.1663552382758,7.2053691306381635,0.47343306865859874,0.10553488862346325,0.5196601111254747,0.09924513019257755,119.87061160846008,7.351275166339804,119.71315024271978,10.661207302157745,67.08048588257138,62.88060336685522,0.422712233217639,0.5947526462122859,125.43479378670094,111.53684022534264,11.84851491068278,-0.019877906671767698,-2.7945929733642316
2025-01-02 06:30:00,EQ_004,70.16511928435393,0.4373282775410034,127.32492102779804,0,6,3,0,72.05820198672649,6.146921830126426,70.35873554615786,6.037786098477508,0.4209582791015046,0.01731373530162922,0.4940077511030802,0.10096674525597243,125.13330520927855,2.3568670717038187,123.914764525945,7.823933402075911,78.92900079325416,67.08048588257138,0.4028343265458713,0.422712233217639,122.6402008133367,125.43479378670094,-8.763881508900226,0.03449395099513208,4.684720214461336
2025-01-02 06:40:00,EQ_004,74.98198730454716,0.5953125045376086,103.45112563771704,0,6,3,0,74.69203579405176,4.389129604413607,70.80743932631637,6.334905224629538,0.47849170287482784,0.10262934736061032,0.4905879976108817,0.09612741587155976,117.80541582628392,12.649936204785236,118.07757629817907,10.212417239390115,70.16511928435393,78.92900079325416,0.4373282775410034,0.4028343265458713,127.32492102779804,122.6402008133367,4.816868020193226,0.15798422699660525,-23.873795390081
2025-01-02 06:55:00,EQ_004,79.38681145287836,0.5516178287114959,120.93372374276652,0,6,3,0,74.84463934725983,4.612380075274005,74.108680943521,5.40379527513205,0.5280862035967027,0.081578532901347,0.48196103411072366,0.0858256431643909,117.23659013609385,12.358848015128855,119.95695300166385,9.551046138621214,74.98198730454716,70.16511928435393,0.5953125045376086,0.4373282775410034,103.45112563771704,127.32492102779804,4.404824148331201,-0.04369467582611275,17.482598105049476
2025-01-02 07:20:00,EQ_004,73.76411308739702,0.6188913371474642,120.72036861283743,0,7,3,0,76.04430394827419,2.958052013733265,75.44540638448613,3.827304540151532,0.588607223465523,0.03413432041234832,0.5211968548966887,0.09618524239332234,115.0350726644403,10.032559575767072,119.01406796689116,9.096988954503846,79.38681145287836,74.98198730454716,0.5516178287114959,0.5953125045376086,120.93372374276652,103.45112563771704,-5.622698365481341,0.06727350843596835,-0.21335512992908434
2025-01-02 07:55:00,EQ_004,77.86291390678079,0.4255097355193551,118.44740951175253,0,7,3,0,77.00461281568539,2.907953713443275,75.23218900719145,3.608138181178328,0.5320063004594384,0.09817112606234668,0.5257319366913855,0.08951243667748043,120.03383395578548,1.3780192271283878,118.1755097065743,8.869571505411633,73.76411308739702,79.38681145287836,0.6188913371474642,0.5516178287114959,120.72036861283743,120.93372374276652,4.098800819383769,-0.19338160162810913,-2.2729591010849077
2025-01-02 09:10:00,EQ_004,83.67981901582624,0.5829474841931749,114.16400673653996,0,9,3,0,78.43561533666802,4.982599342774622,77.93512895348591,3.9125592633922675,0.5424495189533314,0.10285511583528015,0.5548557780218198,0.07626815609300962,117.77726162037663,3.3291581384005178,115.5433268483227,7.287243825955843,77.86291390678079,73.76411308739702,0.4255097355193551,0.6188913371474642,118.44740951175253,120.72036861283743,5.81690510904545,0.15743774867381977,-4.283402775212565
2025-01-02 09:40:00,EQ_004,77.6141774401775,0.5059932630266328,132.0026174973883,0,9,3,0,79.71897012092818,3.4324496257944443,78.46156698061199,3.578713429830718,0.504816827579721,0.07872546714463395,0.5369919297196246,0.07487078837198974,121.53801124856024,9.312243166441277,121.25362522025694,6.5966861261129335,83.67981901582624,77.86291390678079,0.5829474841931749,0.4255097355193551,114.16400673653996,118.44740951175253,-6.0656415756487405,-0.07695422116654205,17.838610760848326
2025-01-02 09:55:00,EQ_004,85.71135179305932,0.3691179600880888,131.53900734255748,0,9,3,0,82.33511608302102,4.2127458513852565,79.72647504864817,4.871655253654049,0.48601956910263217,0.10830502149706274,0.5004919559949431,0.10455746285510951,125.9018771921619,10.167936650010986,123.37468194021514,8.01962299278847,77.6141774401775,83.67981901582624,0.5059932630266328,0.5829474841931749,132.0026174973883,114.16400673653996,8.097174352881822,-0.13687530293854405,-0.46361015483080337
2025-01-02 10:05:00,EQ_004,77.18161834837016,0.5183849544753695,116.1147922481699,0,10,3,0,80.16904919386899,4.80464519165783,80.4099761008428,3.985058552519643,0.46449872586336366,0.08283421010759172,0.48039067946052416,0.08368167586237912,126.55213902937187,9.041979289249406,122.45356666728165,8.641119200607895,85.71135179305932,77.6141774401775,0.3691179600880888,0.5059932630266328,131.53900734255748,132.0026174973883,-8.529733444689157,0.1492669943872807,-15.424215094387577
2025-01-02 10:25:00,EQ_004,69.88603717400797,0.4508363814367953,120.34441011705842,0,10,3,0,77.59300243847916,7.920673793951283,78.81460075428825,6.226203074535049,0.4461130986667512,0.07474550791484104,0.48545600864401217,0.08022428283515735,122.66606990259527,7.969892153556226,122.83296678834282,8.461017788890773,77.18161834837016,85.71135179305932,0.5183849544753695,0.3691179600880888,116.1147922481699,131.53900734255748,-7.295581174362198,-0.0675485730385742,4.229617868888511
2025-01-02 10:55:00,EQ_004,82.86993381645016,0.7759660038911078,124.46872500802698,0,10,3,0,76.64586311294276,6.5085073757061735,78.65262371441302,6.076730486183048,0.5817291132677576,0.1715712088001872,0.5240597125835988,0.15263025746071732,120.30930912441842,4.177076992205934,124.8939104426402,6.939788918588841,69.88603717400797,77.18161834837016,0.4508363814367953,0.5183849544753695,120.34441011705842,116.1147922481699,12.98389664244219,0.32512962245431254,4.124314890968563
2025-01-02 11:05:00,EQ_004,67.6781255989509,0.4491036374292501,121.70463770996572,0,11,3,0,73.47803219646967,8.208202020562226,76.6654133461677,7.8632503869316865,0.558635340919051,0.18821586915389002,0.5126817874641223,0.1563879092776415,122.17259094501702,2.1016014138299366,122.83431448515572,5.724306682275912,82.86993381645016,69.88603717400797,0.7759660038911078,0.4508363814367953,124.46872500802698,120.34441011705842,-15.191808217499258,-0.32686236646185773,-2.7640872980612556
2025-01-02 11:45:00,EQ_004,79.41829968743336,0.6121030667324472,99.50058721422522,0,11,3,0,76.65545303427814,7.96384018240937,75.40680292504251,6.425568193795698,0.6123909026842683,0.16343137333270144,0.5612788087929939,0.13719910577626576,115.22464997740597,13.687390437302561,116.42663045948925,9.930632227098437,67.6781255989509,82.86993381645016,0.4491036374292501,0.7759660038911078,121.70463770996572,124.46872500802698,11.740174088482462,0.1629994293031971,-22.204050495740503
2025-01-02 12:00:00,EQ_004,82.38270174862947,0.4672105283487082,124.2548993324023,0,12,3,0,76.49304234500458,7.77650228733969,76.44701960509437,7.163355487395997,0.5094724108368017,0.08934065995877874,0.5510439235676617,0.14298563981469647,115.15337475219773,13.615552756586833,118.05465187633573,10.516678509961842,79.41829968743336,67.6781255989509,0.6121030667324472,0.4491036374292501,99.50058721422522,121.70463770996572,2.964402061196111,-0.144892538383739,24.754312118177083
2025-01-02 12:10:00,EQ_004,71.87218649245236,0.5825098264667634,106.28326302769534,0,12,3,0,77.89106264283839,5.419139459394893,76.84424946878325,6.751820070908571,0.5539411405159729,0.07655448571140057,0.5773786125736553,0.13158699127668994,110.0129165247743,12.791666369837728,115.24242245846312,11.577797055774106,82.38270174862947,79.41829968743336,0.4672105283487082,0.6121030667324472,124.2548993324023,99.50058721422522,-10.510515256177115,0.11529929811805523,-17.971636304706962
2025-01-02 12:15:00,EQ_004,76.97901766718705,0.4132869784289099,112.90558997572454,0,12,3,0,77.07796863608962,5.255956260117508,75.66606623893063,5.897393684369149,0.48766911108146044,0.08644656314790859,0.5048428074812158,0.08723881360522245,114.48125077860739,9.088837004340627,112.92979545200262,10.36552516301037,71.87218649245236,82.38270174862947,0.5825098264667634,0.4672105283487082,106.28326302769534,124.2548993324023,5.106831174734694,-0.16922284803785353,6.6223269480291975
2025-01-02 12:30:00,EQ_004,72.2484742307729,0.3654129076526785,137.3493657583681,1,12,3,0,73.6998927968041,2.8460311052719987,76.58013596529503,4.550058549536832,0.4537365708494505,0.11406092751193696,0.4881046615259015,0.10650757794048508,118.84607292059599,16.36284473836715,116.0587410616831,15.00118746777823,76.97901766718705,71.87218649245236,0.4132869784289099,0.5825098264667634,112.90558997572454,106.28326302769534,-4.730543436414152,-0.0478740707762314,24.443775782643556
2025-01-02 13:05:00,EQ_004,60.75728689684962,0.4862628211600603,116.67139595617488,0,13,3,0,69.99492626493652,8.342361543476276,72.84793340717827,7.991758737473378,0.42165423574721617,0.06085789714538769,0.4629366124114241,0.08190862444824863,122.30878389675583,13.160913749527165,119.49290281007302,11.9098494363578,72.2484742307729,76.97901766718705,0.3654129076526785,0.4132869784289099,137.3493657583681,112.90558997572454,-11.491187333923278,0.12084991350738183,-20.677969802193218
2025-01-02 13:35:00,EQ_004,80.8041339368926,0.4865720837813695,120.18401630783438,0,13,3,0,71.26996502150503,10.059181341748761,72.5322198448309,7.539293321468604,0.44608260419803597,0.06986217765273561,0.46680892349795633,0.08261580693139638,124.73492600745912,11.064704835905337,118.67872620515945,11.638993337645404,60.75728689684962,72.2484742307729,0.4862628211600603,0.3654129076526785,116.67139595617488,137.3493657583681,20.046847040042977,0.0003092626213092031,3.512620351659507
2025-01-02 13:50:00,EQ_004,74.76539710560408,0.5965397484591171,107.306695034533,0,13,3,0,72.10893931311544,10.284045656461041,73.11086196746126,7.586848460822451,0.5231248844668489,0.06357932527240842,0.469614907896427,0.08761493376529303,114.72070243284742,6.656594828470395,118.88341260652699,11.372453194037815,80.8041339368926,60.75728689684962,0.4865720837813695,0.4862628211600603,120.18401630783438,116.67139595617488,-6.038736831288517,0.10996766467774755,-12.877321273301376
2025-01-02 15:05:00,EQ_004,77.15020823595535,0.3779287574085841,123.09998983165556,0,15,3,0,77.57324642615067,3.0415138684811565,73.1451000812149,7.6090227162764625,0.48701352988302343,0.10930616408976956,0.4625432636923619,0.0944576363631127,116.86356705800766,8.403932267261,120.9222925777132,10.938358754949759,74.76539710560408,80.8041339368926,0.5965397484591171,0.4865720837813695,107.306695034533,120.18401630783438,2.3848111303512667,-0.21861099105053294,15.793294797122556
2025-01-02 15:40:00,EQ_004,78.6381477181849,0.5622207144043402,119.05541285557996,0,15,3,0,76.85125101991478,1.953607148220585,74.42303477869731,7.949732004263391,0.5122297400906803,0.11756706378338219,0.5019048250426942,0.08432616116245781,116.48736590725618,8.203852082028343,117.26350199715554,6.026888356780256,77.15020823595535,74.76539710560408,0.3779287574085841,0.5965397484591171,123.09998983165556,107.306695034533,1.4879394822295495,0.18429195699575607,-4.044576976075604
2025-01-02 16:05:00,EQ_004,65.00899657733946,0.3928142766959844,125.83544303011888,0,16,3,0,73.59911751049323,7.476371058899471,75.27337671479528,6.145099649383335,0.44432124950296953,0.10237483840835182,0.483215116149879,0.09791980798875419,122.66361523911814,3.4110144210590896,119.09631141194436,7.099738812352857,78.6381477181849,77.15020823595535,0.5622207144043402,0.3779287574085841,119.05541285557996,123.09998983165556,-13.629151140845437,-0.16940643770835578,6.780030174538922
2025-01-02 16:40:00,EQ_004,80.54091408368758,0.3810588107132672,112.70397530192592,0,16,3,0,74.72935279307065,8.471665933035261,75.22073274415428,6.086723592132217,0.4453646006045305,0.10137090926105652,0.46211246153625857,0.10787861991178874,119.19827706254159,6.56689948227974,117.60030321076268,7.584751497699255,65.00899657733946,78.6381477181849,0.3928142766959844,0.5622207144043402,125.83544303011888,119.05541285557996,15.531917506348123,-0.011755465982717206,-13.131467728192959
2025-01-02 17:00:00,EQ_004,71.88115519652098,0.4671381524251015,124.5060341286254,0,17,3,0,72.47702195251601,7.783084751509266,74.64388436233764,6.274442081232718,0.41367041327811765,0.04667597982083788,0.43623214232945545,0.07930446712595769,121.01515082022338,7.228316600620263,121.04017102958115,5.307568141269533,80.54091408368758,65.00899657733946,0.3810588107132672,0.3928142766959844,112.70397530192592,125.83544303011888,-8.659758887166603,0.08607934171183429,11.80205882669948
2025-01-02 17:40:00,EQ_004,87.01707792619138,0.4771400084659981,118.0573086802148,0,17,3,0,79.81304906879998,7.594167487589495,76.61725830038486,8.438271888178313,0.44177899053478886,0.052822480623634725,0.45607439254093823,0.07325023613591097,118.42243937025536,5.909495617463939,120.03163479929299,5.297405165638755,71.88115519652098,80.54091408368758,0.4671381524251015,0.3810588107132672,124.5060341286254,112.70397530192592,15.135922729670398,0.010001856040896595,-6.448725448410599
2025-01-02 18:10:00,EQ_004,78.19365111014592,0.4980739620265605,124.91207665411996,0,18,3,0,79.03062807761943,7.602594100219952,76.52835897877706,8.413965097385121,0.48078404097255323,0.015786554678147265,0.4432450420653824,0.05276445157393469,122.49180648765339,3.845750347625287,121.202967559001,5.662499607083444,87.01707792619138,71.88115519652098,0.4771400084659981,0.4671381524251015,118.0573086802148,124.5060341286254,-8.823426816045455,0.020933953560562435,6.854767973905155
2025-01-02 18:15:00,EQ_004,69.28497543634758,0.4737109170791732,116.41970620253014,0,18,3,0,78.16523482422829,8.866085398390899,77.38355475057868,7.0585644894448505,0.48297496252391053,0.013188044071075995,0.4594243701420201,0.04531115635014071,119.79636384562163,4.505366092006795,119.31982019348325,5.290183064256712,78.19365111014592,87.01707792619138,0.4980739620265605,0.4771400084659981,124.91207665411996,118.0573086802148,-8.908675673798342,-0.024363044947387336,-8.49237045158982
2025-01-02 18:35:00,EQ_004,71.22862074990321,0.6114321694668872,133.1830232485267,0,18,3,0,72.90241576546556,4.684262789471044,75.5210960838218,7.243339419322061,0.5277390161908736,0.07349692115142561,0.5054990418927441,0.06033911837578965,124.8382687017256,8.38190224868593,123.41562978280339,6.642380254279834,69.28497543634758,78.19365111014592,0.4737109170791732,0.4980739620265605,116.41970620253014,124.91207665411996,1.9436453135556349,0.137721252387714,16.76331704599656
2025-01-02 18:45:00,EQ_004,76.6438120515174,0.5718185725707935,115.8850685543782,0,18,3,0,72.38580274592273,3.813452728319213,76.4736274548211,6.9523126582347565,0.5523205530389511,0.07090074339566696,0.5264351259218825,0.06184327178784782,121.82926600181167,9.836275314706532,121.69143666795397,7.367852859907462,71.22862074990321,69.28497543634758,0.6114321694668872,0.4737109170791732,133.1830232485267,116.41970620253014,5.415191301614186,-0.03961359689609367,-17.2979546941485
2025-01-02 18:50:00,EQ_004,76.60678607725137,0.5438475738809727,119.1076584577855,0,18,3,0,74.82640629289067,3.115828676402167,74.3915690850331,3.8896385851346333,0.5756994386395511,0.03395902282473169,0.5397766390048774,0.05541111337972366,122.72525008689679,9.198914938538397,121.9015066234681,7.252403045508611,76.6438120515174,71.22862074990321,0.5718185725707935,0.6114321694668872,115.8850685543782,133.1830232485267,-0.03702597426602949,-0.02797099868982078,3.222589903407311
2025-01-02 19:20:00,EQ_004,80.9473524446232,0.5101856295261986,129.51549770574042,0,19,3,0,78.065983524464,2.4954073557713015,74.94230935192856,4.677687644984561,0.5419505919926548,0.030860230431707138,0.542198972504805,0.053359024590052734,121.5027415726347,7.123866019083492,122.82219083379218,7.985305738570289,76.60678607725137,76.6438120515174,0.5438475738809727,0.5718185725707935,119.1076584577855,115.8850685543782,4.340566367371835,-0.0336619443547741,10.407839247954911
2025-01-02 19:30:00,EQ_004,77.98700034924929,0.3760892924346099,124.73471899035228,0,19,3,0,78.51371295704128,2.2177012255476356,76.6827143345089,3.522879345648802,0.476707498613927,0.08874851652559464,0.5226746475758924,0.08997854991357224,124.45262505129273,5.209650870802913,124.48519339135662,7.139651565684698,80.9473524446232,76.60678607725137,0.5101856295261986,0.5438475738809727,129.51549770574042,119.1076584577855,-2.9603520953739206,-0.1340963370915887,-4.780778715388138
2025-01-02 19:45:00,EQ_004,81.8785340665581,0.5050887701856018,98.72772579648505,1,19,3,0,80.27096228681019,2.032027657889473,78.81269699783988,2.4600808250877813,0.4637878973821367,0.07599196323356396,0.5014059677196353,0.07509017821162275,117.6593141641926,16.568576881392556,117.59413390094828,11.771362347795305,77.98700034924929,80.9473524446232,0.3760892924346099,0.5101856295261986,124.73471899035228,129.51549770574042,3.8915337173088176,0.1289994777509919,-26.00699319386723
2025-01-02 20:55:00,EQ_004,80.04908544671318,0.4383638591960522,103.68724184539056,0,20,3,0,79.97153995417352,1.9469254340621212,79.49375167687904,2.1629498243588454,0.43984730727208793,0.06451253195041251,0.4747150250446871,0.0670978387807688,109.04989554407597,13.807949332376683,115.15456855915076,13.369585194518546,81.8785340665581,77.98700034924929,0.5050887701856018,0.3760892924346099,98.72772579648505,124.73471899035228,-1.829448619844925,-0.06672491098954964,4.959516048905513
2025-01-02 21:15:00,EQ_004,73.37584308245688,0.5557691060725125,123.1318447386498,0,21,3,0,78.43448753190938,4.475391973072966,78.84756307792013,3.380822549318593,0.49974057848472214,0.0588850606213726,0.47709933148299505,0.07030382285641594,108.51560412684181,12.89864593965337,115.9594058153236,13.78182166430344,80.04908544671318,81.8785340665581,0.4383638591960522,0.5050887701856018,103.68724184539056,98.72772579648505,-6.673242364256296,0.11740524687646031,19.444602893259244
2025-01-02 22:35:00,EQ_004,73.59662461566613,0.7089538721694774,112.47564762646964,0,22,3,0,75.67385104827873,3.790671860275578,77.37741751212872,3.8103951194955616,0.5676956124793473,0.13568868761449426,0.5168529800116508,0.12701434180333895,113.09824473683666,9.737241179641893,112.55143579946949,11.511429963071791,73.37584308245688,80.04908544671318,0.5557691060725125,0.4383638591960522,123.1318447386498,103.68724184539056,0.22078153320924798,0.15318476609696485,-10.656197112180166
2025-01-02 22:55:00,EQ_004,69.48205341392115,0.5006799844559998,125.15628088443955,0,22,3,0,72.15150703734805,2.314448769593428,75.67642812506308,5.137479985365046,0.5884676542326632,0.10791848481450163,0.5417711184159287,0.10231465441497638,120.25459108318633,6.812382579112155,112.63574817828692,11.623965186195777,73.59662461566613,73.37584308245688,0.7089538721694774,0.5557691060725125,112.47564762646964,123.1318447386498,-4.11457120174498,-0.20827388771347755,12.680633257969916
2025-01-02 23:00:00,EQ_004,75.8994707557674,0.4809960964998505,129.78422112028036,0,23,3,0,72.99271626178489,3.251052185027729,74.48061546290495,3.873260664182076,0.5635433177084426,0.12631324504091698,0.5369525836787784,0.10500603704593298,122.47204987706318,8.961054690904493,118.84704724304598,10.585392339325098,69.48205341392115,73.59662461566613,0.5006799844559998,0.7089538721694774,125.15628088443955,112.47564762646964,6.417417341846246,-0.019683887956149337,4.627940235840811
2025-01-02 23:05:00,EQ_004,81.96001143172299,0.4642554577189572,125.22142545933936,0,23,3,0,75.78051186713718,6.2398295238247465,74.86280065990691,4.588348590848394,0.4819771795582692,0.018232071467062693,0.5421309033833595,0.09941847390857537,126.72064248801975,2.653336857796498,123.15388396583576,6.447303875952664,75.8994707557674,69.48205341392115,0.4809960964998505,0.5006799844559998,129.78422112028036,125.15628088443955,6.060540675955593,-0.01674063878089327,-4.562795660941006
2025-01-02 23:20:00,EQ_004,70.05185931714831,0.2788138088670493,112.19800870882536,0,23,3,0,75.9704471682129,5.9543933305002295,74.1980039068452,5.072871753663862,0.40802178769528563,0.112210020013173,0.4867398439422669,0.15276221406087975,122.40121842948169,9.126000904758156,120.96711675987085,8.099257248811679,81.96001143172299,75.8994707557674,0.4642554577189572,0.4809960964998505,125.22142545933936,129.78422112028036,-11.908152114574676,-0.1854416488519079,-13.023416750514002
2025-01-03 00:05:00,EQ_004,76.59890967071269,0.3636825995407189,113.82358323066305,0,0,4,0,76.20359347319466,5.963910451036129,74.7984609178545,5.160815333870332,0.3689172887089085,0.09283158277356039,0.4176855894165151,0.09389720030082188,117.08100579960926,7.0965095158748195,121.23670388070954,7.761338626334289,70.05185931714831,81.96001143172299,0.2788138088670493,0.4642554577189572,112.19800870882536,125.22142545933936,6.547050353564373,0.08486879067366959,1.6255745218376916
2025-01-03 00:15:00,EQ_004,77.20237368980199,0.4338017822203391,101.19989966092236,0,0,4,0,74.61771422588767,3.965641876333371,76.34252497303069,4.246469076658348,0.3587660635427024,0.0776108704738261,0.404309948969383,0.08328244138621882,109.07383053347026,6.867293038072537,116.44542763600609,11.31682716443883,76.59890967071269,70.05185931714831,0.3636825995407189,0.2788138088670493,113.82358323066305,112.19800870882536,0.6034640190893015,0.0701191826796202,-12.623683569740692
2025-01-03 00:20:00,EQ_004,74.9018110053666,0.5425887206193036,127.12712028861333,0,0,4,0,76.23436478862709,1.1928188858941777,76.1429930229505,4.295645853004414,0.4466910341267872,0.09014682274421712,0.4166284737932736,0.10028133346959205,114.05020106006624,12.965095799865637,115.9140074696727,10.571724287241866,77.20237368980199,76.59890967071269,0.4338017822203391,0.3636825995407189,101.19989966092236,113.82358323066305,-2.3005626844353912,0.10878693839896453,25.92722062769097
2025-01-03 00:50:00,EQ_004,75.61148751516141,0.5719757942148181,122.22289855800854,0,0,4,0,75.90522407011001,1.17807386824406,74.8732882396382,2.8370026846443754,0.5161220990181535,0.07278994396135015,0.43817254109244586,0.12223860842129465,116.84997283584808,13.773396112837634,115.31430208940654,9.980246264951948,74.9018110053666,77.20237368980199,0.5425887206193036,0.4338017822203391,127.12712028861333,101.19989966092236,0.7096765097948179,0.029387073595514512,-4.904221730604789
2025-01-03 01:00:00,EQ_004,75.24430035162852,0.4043563623181991,110.47683619261204,0,1,4,0,75.25253295738551,0.35490987445740907,75.91177644653425,0.9609268031474006,0.5063069590507736,0.08950610679849234,0.46328105178267587,0.08995172513645526,119.94228501307798,8.556219300916633,114.97006758616388,10.142960205716953,75.61148751516141,74.9018110053666,0.5719757942148181,0.5425887206193036,122.22289855800854,127.12712028861333,-0.3671871635328898,-0.16761943189661904,-11.746062365396497
2025-01-03 01:30:00,EQ_004,68.78068382304357,0.3749592266030283,131.83493666889927,0,1,4,0,73.21215722994451,3.8421574694849534,74.34813127700042,3.234537066568762,0.4504304610453485,0.10628263690990243,0.46553637719513763,0.08692052702122202,121.51155713983997,10.696804146505446,118.5723382738111,12.547372027679941,75.24430035162852,75.61148751516141,0.4043563623181991,0.5719757942148181,110.47683619261204,122.22289855800854,-6.46361652858495,-0.02939713571517083,21.358100476287234
2025-01-03 02:05:00,EQ_004,76.39497081111901,0.4933867385374177,114.75551863737348,0,2,4,0,73.47331832859705,4.104463981888478,74.18665070126382,3.0725149546309516,0.4242341091528817,0.06166532664439868,0.4774533684585534,0.08555582501414989,119.02243049962827,11.300310465601497,121.28346206910132,8.743021600333428,68.78068382304357,75.24430035162852,0.3749592266030283,0.4043563623181991,131.83493666889927,110.47683619261204,7.614286988075435,0.11842751193438944,-17.07941803152579
2025-01-03 02:15:00,EQ_004,85.72574563886694,0.4752974299254003,127.21479323757345,0,2,4,0,76.96713342434317,8.48700816115419,76.35143762796389,6.061541431725912,0.4478811316886154,0.06379662179534916,0.4639951103197727,0.07767819382653486,124.6017495146154,8.834456870542118,121.30099665889335,8.757746821386343,76.39497081111901,68.78068382304357,0.4933867385374177,0.3749592266030283,114.75551863737348,131.83493666889927,9.33077482774793,-0.018089308612017407,12.459274600199961
2025-01-03 02:30:00,EQ_004,78.16888440466049,0.5744191971499937,133.7053614399671,0,2,4,0,80.09653361821547,4.955069458587164,76.86291700586371,6.091319006601194,0.5143677885376039,0.052786688935416194,0.46448379090680786,0.0785303508187704,125.22522443830468,9.63031274497454,123.59748923528507,10.409628827355625,85.72574563886694,76.39497081111901,0.4752974299254003,0.4933867385374177,127.21479323757345,114.75551863737348,-7.556861234206451,0.09912176722459337,6.490568202393661
2025-01-03 03:20:00,EQ_004,74.55858975824373,0.3029896182288164,109.2914758131556,0,3,4,0,79.48440660059039,5.698621903716973,76.72577488718676,6.144359880164576,0.45090208176807006,0.13734938600925736,0.44421044208893135,0.1061579963753212,123.40387683023205,12.645226994702986,123.36041715939379,10.789705246383694,78.16888440466049,85.72574563886694,0.5744191971499937,0.4752974299254003,133.7053614399671,127.21479323757345,-3.6102946464167616,-0.27142957892117725,-24.413885626811506
2025-01-03 03:30:00,EQ_004,70.98162716015135,0.3788828070719219,107.19544428997531,0,3,4,0,74.56970044101853,3.593641504121056,77.16596355460831,5.475275429732978,0.41876387415024396,0.14004063236008044,0.44499515818270996,0.10553076675973727,116.73076051436601,14.737745569594551,118.43251868360899,11.551395015637587,74.55858975824373,78.16888440466049,0.3029896182288164,0.5744191971499937,109.2914758131556,133.7053614399671,-3.576962598092379,0.07589318884310547,-2.0960315231802866
2025-01-03 03:35:00,EQ_004,83.19558402722033,0.5730764119066525,121.8947982122108,0,3,4,0,76.24526698187181,6.279239255688944,78.52608619782856,6.0503468771628555,0.4183162790691302,0.13929453709715092,0.46093309285655704,0.11972880253882517,112.79390610511389,7.95097571970288,119.86037459857644,11.42379200237175,70.98162716015135,74.55858975824373,0.3788828070719219,0.3029896182288164,107.19544428997531,109.2914758131556,12.213956867068987,0.19419360483473058,14.699353922235488
2025-01-03 03:50:00,EQ_004,77.84491539592638,0.4592963687073219,121.84710474781085,0,3,4,0,77.34070886109936,6.122569212346844,76.94992014924046,4.545167484999838,0.4704185292286321,0.09757338715384072,0.45773288061294126,0.1194624235105085,116.97911574999898,8.472941584532329,118.78683690062394,10.794782328484374,83.19558402722033,70.98162716015135,0.5730764119066525,0.3788828070719219,121.8947982122108,107.19544428997531,-5.350668631293956,-0.1137800431993306,-0.04769346439995559
2025-01-03 03:55:00,EQ_004,83.14198311564269,0.56863184569567,129.37915537510656,0,3,4,0,81.39416084626315,3.0738535610017,77.9445398914369,5.351252601794805,0.5336682087698815,0.06444622943135772,0.45657541032207655,0.11806911940266208,124.3736861117094,4.334929131686703,117.92159568765183,9.380843865668313,77.84491539592638,83.19558402722033,0.4592963687073219,0.5730764119066525,121.84710474781085,121.8947982122108,5.29706771971631,0.10933547698834817,7.5320506272957175
2025-01-03 04:10:00,EQ_004,72.09159543025677,0.6976440584515485,103.31400741121804,0,4,4,0,77.69283131394195,5.526763444849739,77.4511410258395,5.833496078493304,0.5751907576181802,0.11930913542477788,0.535506298366623,0.12158982273059858,118.18008917804515,13.413919523633934,116.7261020072643,10.997244734870913,83.14198311564269,77.84491539592638,0.56863184569567,0.4592963687073219,129.37915537510656,121.84710474781085,-11.050387685385914,0.12901221275587849,-26.06514796388852
2025-01-03 04:20:00,EQ_004,71.75361227466996,0.6617212574968624,118.27198262603537,0,4,4,0,75.66239694018981,6.47971567048933,77.60553804874323,5.625982980774372,0.642665720548027,0.06658357812815661,0.5920739884516111,0.09291948132897614,116.98838180411998,13.079897090473073,118.94140967447632,9.627771511309316,72.09159543025677,83.14198311564269,0.6976440584515485,0.56863184569567,103.31400741121804,129.37915537510656,-0.33798315558681225,-0.03592280095468614,14.957975214817324
2025-01-03 04:25:00,EQ_004,68.88029866618872,0.5104355937523213,127.71920154836675,0,4,4,0,70.90850212370516,1.7645863827472605,74.7424809765369,5.711883385707614,0.6232669699002441,0.09935190732785672,0.5795458248207448,0.10006905765079246,116.43506386187339,12.305855440706928,120.10629034170752,10.396133038033772,71.75361227466996,72.09159543025677,0.6617212574968624,0.6976440584515485,118.27198262603537,103.31400741121804,-2.87331360848124,-0.1512856637445411,9.447218922331388
2025-01-03 04:40:00,EQ_004,76.16892955895374,0.4810879609222966,122.2899639245934,0,4,4,0,72.26761349993747,3.671400688759695,74.40728380914238,5.53060389501478,0.5510816040571601,0.09693384637537378,0.5839041432637397,0.09380073262785459,122.76038269966517,4.741145084214166,120.19486217706404,10.416538523521071,68.88029866618872,71.75361227466996,0.5104355937523213,0.6617212574968624,127.71920154836675,118.27198262603537,7.288630892765013,-0.029347632830024672,-5.429237623773361
2025-01-03 05:10:00,EQ_004,81.13834496236646,0.3747606555586881,123.67619840209711,0,5,4,0,75.39585772916963,6.165480905031975,74.00655617848713,4.7581408364460795,0.45542807007776864,0.07138448509358582,0.5451299052363434,0.13340245262877354,124.56178795835244,2.82087875323621,119.05427078246211,9.424447145123558,76.16892955895374,68.88029866618872,0.4810879609222966,0.5104355937523213,122.2899639245934,127.71920154836675,4.969415403412725,-0.10632730536360852,1.38623447750372
2025-01-03 05:20:00,EQ_004,83.36286193418852,0.5886887390097301,111.18931663338708,0,5,4,0,80.22337881850291,3.683210289703165,76.26080947927348,6.103783865034059,0.4815124518302383,0.10696467345183266,0.5233388413479798,0.10891213225727135,119.05182632002588,6.844319209097474,120.62933262689594,6.264549657933937,81.13834496236646,76.16892955895374,0.3747606555586881,0.4810879609222966,123.67619840209711,122.2899639245934,2.224516971822055,0.21392808345104197,-12.486881768710035
2025-01-03 08:05:00,EQ_004,64.23554703523759,0.6422369861698508,117.11961126077924,0,8,4,0,76.24558464393085,10.460299778742069,74.757196431387,8.093401001774263,0.535228793579423,0.1415251609550809,0.5194419870825774,0.10290597478809559,117.32837543208781,6.246058031739022,120.3988583538447,6.392843318027722,83.36286193418852,81.13834496236646,0.5886887390097301,0.3747606555586881,111.18931663338708,123.67619840209711,-19.127314898950928,0.05354824716012074,5.930294627392158
2025-01-03 09:40:00,EQ_004,80.42947782915789,0.553450564848055,137.61188124867374,0,9,4,0,76.00929559952799,10.30131312106664,77.06703226398083,7.631721629935727,0.5947920966758787,0.04470677111896506,0.5280449813017241,0.10375929992233288,121.97360304761337,13.86394270805526,122.37739429390611,9.831092171233566,64.23554703523759,83.36286193418852,0.6422369861698508,0.5886887390097301,117.11961126077924,111.18931663338708,16.193930793920302,-0.08878642132179582,20.492269987894502
2025-01-03 10:00:00,EQ_004,81.95103774508657,0.5230070759191402,140.86047049537115,1,10,4,0,75.53868753649402,9.818325979401887,78.2234539012074,7.895141958869079,0.5728982089790153,0.0619483738388786,0.5364288043010929,0.1006639776295332,131.86398766827472,12.871900005743923,126.09149560806165,12.83788545728803,80.42947782915789,64.23554703523759,0.553450564848055,0.6422369861698508,137.61188124867374,117.11961126077924,1.5215599159286768,-0.030443488928914797,3.2485892466974065
2025-01-03 10:35:00,EQ_004,74.06514348507277,0.3899845767028305,143.2004072201726,0,10,4,0,78.81521968643908,4.183444045703273,76.80881360574867,7.875944165520907,0.4888140724900086,0.0869318896188397,0.5394735885299212,0.09459904002268121,140.5575863214058,2.8065476569367727,129.99633737167676,14.746927324203137,81.95103774508657,80.42947782915789,0.5230070759191402,0.553450564848055,140.86047049537115,137.61188124867374,-7.885894260013799,-0.1330224992163097,2.339936724801447
2025-01-03 10:45:00,EQ_004,77.64846377178365,0.5778936503512114,110.95931710264,0,10,4,0,77.88821500064766,3.948410130525459,75.6659339732677,7.059401172049041,0.49696176765772737,0.09662413545109824,0.5373145707982175,0.09330940040883322,131.6733982727279,17.97703243056987,129.95033746552735,14.820433476603728,74.06514348507277,81.95103774508657,0.3899845767028305,0.5230070759191402,143.2004072201726,140.86047049537115,3.5833202867108866,0.18790907364838094,-32.24109011753259
2025-01-03 11:35:00,EQ_004,81.09380925848659,0.4928400748141933,104.54270213309266,0,11,4,0,77.602472171781,3.514558586656781,79.0375864179175,3.21358301405712,0.4869061006227451,0.09409497344240418,0.507435188527086,0.07302731841529819,119.56747548530176,20.716655948913502,127.43495563999002,18.219945549735453,77.64846377178365,74.06514348507277,0.5778936503512114,0.3899845767028305,110.95931710264,143.2004072201726,3.4453454867029336,-0.08505357553701814,-6.416614969547339
2025-01-03 12:15:00,EQ_004,75.85208111187744,0.4339678860526553,137.96360822926962,0,12,4,0,78.19811804738255,2.6637414209625914,78.12210707446141,3.3663048497423804,0.5015672037393534,0.0723586794495875,0.4835386527680061,0.0737508720426438,117.82187582166743,17.73584718025738,127.5053010361092,18.269671805129565,81.09380925848659,77.64846377178365,0.4928400748141933,0.5778936503512114,104.54270213309266,110.95931710264,-5.241728146609148,-0.05887218876153799,33.420906096176964
2025-01-03 12:30:00,EQ_004,77.18469084873175,0.5492018847992799,109.73630792334107,0,12,4,0,78.04352707303191,2.72435831635017,77.16883769519043,2.59819456152369,0.4920032818887095,0.05762155658765545,0.4887776145440341,0.07805996816631455,117.41420609523446,17.984766646410563,121.28046852170318,17.879859460175737,75.85208111187744,81.09380925848659,0.4339678860526553,0.4928400748141933,137.96360822926962,104.54270213309266,1.3326097368543088,0.1152339987466246,-28.22730030592855
2025-01-03 13:00:00,EQ_004,68.16560650792289,0.5693478911913994,126.7893129005928,0,13,4,0,73.73412615617735,4.868292357946163,75.98893029976047,4.781914017175612,0.5175058873477782,0.0730439158224406,0.5246502774417479,0.0605613324588769,124.82974301773451,14.21531062744047,117.99824965778723,13.917222673323488,77.18469084873175,75.85208111187744,0.5492018847992799,0.4339678860526553,109.73630792334107,137.96360822926962,-9.01908434080886,0.020146006392119498,17.05300497725173
2025-01-03 13:25:00,EQ_004,78.79577580151323,0.3634044288799465,120.77156496217717,0,13,4,0,74.71535771938927,5.729164806527134,76.21839270570638,4.907338179142395,0.4939847349568753,0.11353359698673397,0.48175243314749483,0.08460931043766397,119.09906192870369,8.648652755561184,119.96069922969465,13.357067533760299,68.16560650792289,77.18469084873175,0.5693478911913994,0.5492018847992799,126.7893129005928,109.73630792334107,10.630169293590342,-0.20594346231145289,-6.0177479384156385
2025-01-03 13:30:00,EQ_004,72.11744799636641,0.6211943985386401,114.06188591931294,0,13,4,0,73.02627676860084,5.373044026018105,74.42312045328234,4.2796296762160395,0.517982239536662,0.13635519697317885,0.5074232978923842,0.10566586615555196,120.54092126069429,6.366847475692146,121.86453598693872,11.097335315453856,78.79577580151323,68.16560650792289,0.3634044288799465,0.5693478911913994,120.77156496217717,126.7893129005928,-6.678327805146822,0.2577899696586936,-6.709679042864224
2025-01-03 14:30:00,EQ_004,74.86347730245033,0.4464198536947702,114.74120324104796,1,14,4,0,75.25890036677667,3.356677690529788,74.22539969139692,4.219521262968994,0.47700622703778556,0.13158860813104717,0.5099136914208072,0.10362892146670159,116.52488470751268,3.6933843416194416,117.22005498929438,6.6390723763181905,72.11744799636641,78.79577580151323,0.6211943985386401,0.3634044288799465,114.06188591931294,120.77156496217717,2.7460293060839263,-0.1747745448438699,0.679317321735013
2025-01-03 14:35:00,EQ_004,70.33366020463401,0.3292642042407053,121.77750106268032,0,14,4,0,72.43819516781691,2.2818785673020754,72.85519356257737,4.129719925620435,0.46562615215803854,0.14690973763233875,0.4659261553090922,0.12685816082440246,116.86019674101374,4.272034567956163,119.62829361716224,5.2932718188482,74.86347730245033,72.11744799636641,0.4464198536947702,0.6211943985386401,114.74120324104796,114.06188591931294,-4.52981709781632,-0.11715564945406493,7.03629782163236
2025-01-03 15:45:00,EQ_004,72.56044295927148,0.4042849085104957,131.90548594343596,0,15,4,0,72.58586015545194,2.2650155099499214,73.7341608528471,3.2576863087324637,0.39332298881532374,0.05934209561772751,0.4329135587729116,0.11404648402589239,122.8080634157214,8.628423624539002,120.65152822573086,7.181384182569513,70.33366020463401,74.86347730245033,0.3292642042407053,0.4464198536947702,121.77750106268032,114.74120324104796,2.226782754637469,0.0750207042697904,10.127984880755648
2025-01-03 16:20:00,EQ_004,75.16002074532884,0.5890198411124787,128.61636124497943,0,16,4,0,72.68470796974476,2.415578680526707,73.00700984161021,2.013670027780437,0.4408563179545599,0.1336837638354382,0.478036641219418,0.12387856097273732,127.43311608369856,5.166630552882047,122.2204874822913,8.021924731218222,72.56044295927148,70.33366020463401,0.4042849085104957,0.3292642042407053,131.90548594343596,121.77750106268032,2.5995777860573526,0.18473493260198304,-3.2891246984565328
2025-01-03 17:35:00,EQ_004,78.59476655332533,0.4728344889673946,119.01154798760696,0,17,4,0,75.43841008597522,3.0267789443859674,74.302473553002,3.092735099320021,0.48871307953012305,0.09338547028076095,0.4483646593051689,0.09554367826875211,126.51113172534077,6.699806153909234,123.21041989595012,7.004280617457685,75.16002074532884,72.56044295927148,0.5890198411124787,0.4042849085104957,128.61636124497943,131.90548594343596,3.4347458079964923,-0.11618535214508413,-9.60481325737247
2025-01-03 18:00:00,EQ_004,73.38660080578933,0.5811396554491592,117.77525103221734,0,18,4,0,75.7137960348145,2.6478761143387897,74.0070982536698,3.0962843225056833,0.5476646618430109,0.06492449777216651,0.4753086196560467,0.11237204964282395,121.80105342160124,5.9345111918359414,123.817229454184,6.168713976635903,78.59476655332533,75.16002074532884,0.4728344889673946,0.5890198411124787,119.01154798760696,128.61636124497943,-5.208165747536,0.10830516648176464,-1.2362969553896193
2025-01-03 18:10:00,EQ_004,81.6409707092453,0.5818777643754861,113.25065981209448,0,18,4,0,77.87411268945331,4.174106146159401,76.26856035459205,3.7933729654994996,0.5452839695973467,0.06274417609514946,0.5258313316830028,0.08332946559163092,116.67915294397294,3.0328256473097075,122.11186120406683,7.828834942851545,73.38660080578933,78.59476655332533,0.5811396554491592,0.4728344889673946,117.77525103221734,119.01154798760696,8.254369903455967,0.0007381089263268636,-4.524591220122858
2025-01-03 18:50:00,EQ_004,82.64234213206265,0.5390695920928145,107.07374652847736,0,18,4,0,79.22330454903242,5.079470358354342,78.28494018915029,4.003271635949827,0.56736233730582,0.024505015302235724,0.5527882683994665,0.048845510822689016,112.69988579092973,5.371970185852142,117.14551332107513,7.938346446769655,81.6409707092453,73.38660080578933,0.5818777643754861,0.5811396554491592,113.25065981209448,117.77525103221734,1.001371422817357,-0.04280817228267164,-6.176913283617125
2025-01-03 19:30:00,EQ_004,85.28103564970161,0.5572057441714144,122.52568845996625,0,19,4,0,83.18811616366985,1.8804042551717992,80.30914317002484,4.549669680006117,0.559384366879905,0.02148708219431344,0.5464254490112538,0.0448550320148702,114.2833649335127,7.777563067206759,115.92737876407247,5.958524370025317,82.64234213206265,81.6409707092453,0.5390695920928145,0.5818777643754861,107.07374652847736,113.25065981209448,2.6386935176389557,0.018136152078599976,15.45194193148889
2025-01-03 19:55:00,EQ_004,79.07868606269648,0.3980335661307884,133.46225756202747,0,19,4,0,82.33402128148691,3.112648616537253,80.40592707189907,4.509048643545739,0.4981029674650057,0.08713577804550804,0.5314652644439326,0.07670296845854713,121.02056418349036,13.258485130574927,118.81752067895658,9.977616497584368,85.28103564970161,82.64234213206265,0.5572057441714144,0.5390695920928145,122.52568845996625,107.07374652847736,-6.202349587005131,-0.15917217804062606,10.936569102061227
2025-01-03 20:15:00,EQ_004,76.4128997524415,0.4630473071166641,128.89037122279893,0,20,4,0,80.25754048827986,4.5500804268284245,81.0111868612295,3.3973411500900745,0.47276220580628897,0.08002955708962452,0.5078467947774336,0.07575898081674994,128.2927724149309,5.492720562928109,121.0405447170729,10.884371095558649,79.07868606269648,85.28103564970161,0.3980335661307884,0.5572057441714144,133.46225756202747,122.52568845996625,-2.6657863102549726,0.0650137409858757,-4.571886339228541
2025-01-03 20:25:00,EQ_004,83.03672788009996,0.5826047171441506,107.23695583461664,0,20,4,0,79.50943789841266,3.33285690124405,81.29033829540045,3.5172527869165218,0.48122853013053435,0.09361914921269807,0.5079921853311664,0.07593706193695125,123.196528206481,14.0091576796854,119.83780392157732,12.211694893427383,76.4128997524415,79.07868606269648,0.4630473071166641,0.3980335661307884,128.89037122279893,133.46225756202747,6.623828127658456,0.11955741002748654,-21.653415388182296
2025-01-03 20:55:00,EQ_004,68.51584026022077,0.5689707805245194,135.88626928043595,0,20,4,0,75.9884892975874,7.269741225995099,78.46503792103206,6.537058652745081,0.5382076015951114,0.06544672227470379,0.5139724230175075,0.08006172173589836,124.00453211261716,14.936510907408623,125.60030847196904,11.457549415716677,83.03672788009996,76.4128997524415,0.5826047171441506,0.4630473071166641,107.23695583461664,128.89037122279893,-14.52088761987919,-0.013633936619631193,28.649313445819317
2025-01-03 21:10:00,EQ_004,72.35691659125122,0.5294224129013494,118.88491172857056,0,21,4,0,74.63649491052398,7.524054910921661,75.88021410934199,5.665185208190728,0.5603326368566731,0.02762340521483943,0.5084157567634943,0.07722486092474888,120.66937894787436,14.407776812255884,124.87215312568992,11.812006271330686,68.51584026022077,83.03672788009996,0.5689707805245194,0.5826047171441506,135.88626928043595,107.23695583461664,3.8410763310304503,-0.039548367623170044,-17.001357551865397
2025-01-03 21:35:00,EQ_004,83.5110747231762,0.4168177791769555,107.44864628026605,0,21,4,0,74.79461052488273,7.789160926267972,76.76669184143793,6.565970811621717,0.5050703242009414,0.07894556430112054,0.5121725993727277,0.07069319050747297,120.7399424297575,14.309278620940605,119.66943086933763,12.772441728164624,72.35691659125122,68.51584026022077,0.5294224129013494,0.5689707805245194,118.88491172857056,135.88626928043595,11.154158131924973,-0.11260463372439389,-11.43626544830451
2025-01-03 22:30:00,EQ_004,73.95488371356987,0.5482248952680657,121.56693728246525,0,22,4,0,76.60762500933242,6.031715195090069,76.27508863366361,6.689929340667799,0.49815502911545684,0.07106472054723327,0.5292081170030081,0.06600291306436169,115.96683176376727,7.497861576238597,118.20474408127089,11.836271831192505,83.5110747231762,72.35691659125122,0.4168177791769555,0.5294224129013494,107.44864628026605,118.88491172857056,-9.556191009606323,0.13140711609111022,14.1182910021992
2025-01-03 23:00:00,EQ_004,69.02058468982408,0.568332899281107,115.45452281256556,0,23,4,0,75.49551437552338,7.367070820827167,73.47185999560843,6.054713587748848,0.5111251912420428,0.08228911795710141,0.5263537534303994,0.06337261407062826,114.82336879176562,7.080275542249365,119.84825747686068,10.418192982032727,73.95488371356987,83.5110747231762,0.5482248952680657,0.4168177791769555,121.56693728246525,107.44864628026605,-4.934299023745794,0.020108004013041247,-6.11241446989969
2025-01-03 23:10:00,EQ_004,80.98315743322826,0.6072978047766012,119.08600442490884,0,23,4,0,74.65287527887408,6.0117535569279825,75.96532343020992,6.070603030157949,0.5746185331085913,0.030033881765612842,0.5340191582808157,0.07160008580471602,118.70248817331321,3.0742017174200864,116.48820450575525,5.501554491775863,69.02058468982408,73.95488371356987,0.568332899281107,0.5482248952680657,115.45452281256556,121.56693728246525,11.96257274340418,0.03896490549549425,3.631481612343279
2025-01-03 23:15:00,EQ_004,71.95108547840309,0.7363872494619361,119.1912150213454,0,23,4,0,73.98494253381848,6.235239975470598,75.8841572076403,6.13329950432275,0.6373393178398814,0.08796269399025702,0.5754121255929331,0.11496859864183252,117.91058075293994,2.1276589887146162,116.5494651643102,5.536508450683962,80.98315743322826,69.02058468982408,0.6072978047766012,0.568332899281107,119.08600442490884,115.45452281256556,-9.03207195482517,0.1290894446853349,0.10521059643656372
2025-01-03 23:25:00,EQ_004,75.07344097364599,0.3618955396846225,109.39394933603398,0,23,4,0,76.00256129509245,4.5871591838608285,74.19663045773424,4.436161308043637,0.5685268646410533,0.19023248808294968,0.5644276776944664,0.13481931423142454,115.89038959409606,5.626328228723308,116.93852577546379,4.749509577597489,71.95108547840309,80.98315743322826,0.7363872494619361,0.6072978047766012,119.1912150213454,119.08600442490884,3.1223554952429,-0.3744917097773136,-9.797265685311416
2025-01-04 00:10:00,EQ_004,83.63481925616702,0.6992515353168118,116.38689438032708,0,0,5,1,76.88644856940537,6.049186404313123,76.13261756625369,6.103254142027734,0.5991781081544568,0.20632990159208212,0.5946330057042157,0.14667832422026159,114.99068624590215,5.04565670583342,115.90251719503617,3.9920827939534993,75.07344097364599,71.95108547840309,0.3618955396846225,0.7363872494619361,109.39394933603398,119.1912150213454,8.561378282521034,0.3373559956321893,6.992945044293094
2025-01-04 00:25:00,EQ_004,79.66295415936546,0.5859587886979802,114.84781606191756,0,0,5,1,79.45707146305949,4.28440080846609,78.26109146016196,4.696517425942294,0.5490352878998048,0.17168219369125348,0.5981581835875904,0.14609888366403928,113.54288659275953,3.674568109007468,115.78117584490658,4.01823894984912,83.63481925616702,75.07344097364599,0.6992515353168118,0.3618955396846225,116.38689438032708,109.39394933603398,-3.971865096801565,-0.1132927466188316,-1.5390783184095227
2025-01-04 00:35:00,EQ_004,66.19595594009613,0.4954588782067762,126.6492716230174,0,0,5,1,76.49790978520953,9.140110385380092,75.30365116153554,6.757490105150892,0.5935564007405228,0.10210854300475482,0.5757903982736254,0.1527592556790578,119.29466068842066,6.415599505659381,117.29382928452829,6.331231886239318,79.66295415936546,83.63481925616702,0.5859587886979802,0.6992515353168118,114.84781606191756,116.38689438032708,-13.466998219269328,-0.09049991049120404,11.801455561099843
2025-01-04 00:45:00,EQ_004,81.31292051713591,0.3080326843802343,104.02400830404568,0,0,5,1,75.72394353886584,8.29261768123767,77.1760181692821,6.8919794064332605,0.4631501170949968,0.14175197317407331,0.490119485257285,0.16011470797136917,115.17369866299354,11.316151495339113,114.26038794106834,8.467839646096996,66.19595594009613,79.66295415936546,0.4954588782067762,0.5859587886979802,126.6492716230174,114.84781606191756,15.11696457703978,-0.1874261938265419,-22.62526331897172
2025-01-04 00:55:00,EQ_004,87.79099642834126,0.4310272225935826,117.8654322064956,1,0,5,1,78.43329096185776,11.081770761207821,79.71952926022115,8.15333075777686,0.41150626172686433,0.09522576052700303,0.503945821839077,0.1488636592717957,116.17957071118622,11.40645570715231,115.95468451516066,8.089779789065139,81.31292051713591,66.19595594009613,0.3080326843802343,0.4954588782067762,104.02400830404568,126.6492716230174,6.478075911205352,0.12299453821334833,13.841423902449918
2025-01-04 01:20:00,EQ_004,85.30751788318199,0.4721037069668191,128.15501022444263,0,1,5,1,84.80381160955305,3.2682804171927455,80.05406898562414,8.385161697031597,0.4037212046468787,0.08537586939663486,0.4585162561690785,0.1014789726800888,116.68148357832797,12.108988982824116,118.30830768398377,9.781891178130964,87.79099642834126,81.31292051713591,0.4310272225935826,0.3080326843802343,117.8654322064956,104.02400830404568,-2.4834785451592722,0.041076484373236466,10.289578017947036
2025-01-04 02:05:00,EQ_004,72.73385975336362,0.4174589470021045,106.27534452115898,0,2,5,1,81.94412468829562,8.072400606374526,78.66825010442378,9.014901126478852,0.4401966255208354,0.02845295960760673,0.4248162878299033,0.07238368565010053,117.43192898403238,10.9462727265849,116.59381337583204,11.189965668303765,85.30751788318199,87.79099642834126,0.4721037069668191,0.4310272225935826,128.15501022444263,117.8654322064956,-12.57365812981837,-0.05464475996471457,-21.87966570328365
2025-01-04 02:25:00,EQ_004,82.3876504052763,0.367754204325643,114.66399693560834,0,2,5,1,80.14300934727397,6.580503764974211,81.9065889974598,5.7209132187630285,0.4191056194315222,0.05219423649151898,0.3992753530536767,0.0631696146213621,116.36478389373663,11.038543836465326,114.19675843835026,9.679151766771776,72.73385975336362,85.30751788318199,0.4174589470021045,0.4721037069668191,106.27534452115898,128.15501022444263,9.653790651912686,-0.04970474267646152,8.388652414449354
2025-01-04 03:15:00,EQ_004,84.27046283167094,0.4148593565739686,97.83181160645935,0,3,5,1,79.79732433010362,6.189155397014408,82.49809746036682,5.796581711611489,0.4000241693005721,0.027976819819467244,0.42064068749242356,0.03740604846250432,106.25705102107554,8.416107575822444,112.95831909883297,11.526077988892245,82.3876504052763,72.73385975336362,0.367754204325643,0.4174589470021045,114.66399693560834,106.27534452115898,1.8828124263946364,0.04710515224832562,-16.832185329148984
2025-01-04 03:20:00,EQ_004,81.10516847762676,0.5175211418908512,125.02744807490816,0,3,5,1,82.58776057152467,1.5921071402118352,81.16093187022392,4.984647699336846,0.43337823426348754,0.07658162651755847,0.4379394713518773,0.05783284655858322,112.5077522056586,13.725440037848832,114.39072227251549,12.676031675508428,84.27046283167094,82.3876504052763,0.4148593565739686,0.367754204325643,97.83181160645935,114.66399693560834,-3.1652943540441782,0.10266178531688258,27.19563646844881
2025-01-04 03:50:00,EQ_004,84.42293152967305,0.5420094490451841,118.02062271015318,0,3,5,1,83.26618761299025,1.873049506426238,80.98401459952213,4.813439995420125,0.4914633158366679,0.0674614277040017,0.4519206197675503,0.0742707130555194,113.62662746384022,14.120235706229273,112.36384476965759,10.558249244780209,81.10516847762676,84.27046283167094,0.5175211418908512,0.4148593565739686,125.02744807490816,97.83181160645935,3.3177630520462884,0.024488307154332922,-7.006825364754988
2025-01-04 04:10:00,EQ_004,75.70443123455603,0.5473632076811454,134.97431683179627,0,4,5,1,80.41084374728528,4.400525760902011,81.57812889576061,3.5609305277939547,0.5356312662057269,0.01591062962010729,0.47790147190335847,0.08156471752608337,126.00746253895254,8.519228683094449,118.10363923178507,13.74176041960287,84.42293152967305,81.10516847762676,0.5420094490451841,0.5175211418908512,118.02062271015318,125.02744807490816,-8.718500295117025,0.005353758635961325,16.953694121643096
2025-01-04 04:35:00,EQ_004,67.02648466366603,0.4704910085762093,135.94442391749195,0,4,5,1,75.71794914263171,8.698231311067259,78.50589574743857,7.325005923034102,0.5199545551008463,0.04292024591005105,0.49844883275347174,0.055728665879422636,129.64645448648045,10.079942971466782,122.35972462816179,15.582322213721165,75.70443123455603,84.42293152967305,0.5473632076811454,0.5420094490451841,134.97431683179627,118.02062271015318,-8.67794657089,-0.07687219910493615,0.9701070856956733
2025-01-04 05:15:00,EQ_004,72.71451871706864,0.469151721154418,109.22623923015242,0,5,5,1,71.81514487176356,4.408326684471085,76.1947069245181,6.859750222370658,0.4956686458039243,0.04477381174814104,0.5093073056695616,0.03776349047869397,126.71499332648018,15.153470454677828,124.6386101529004,11.359339633250316,67.02648466366603,75.70443123455603,0.4704910085762093,0.5473632076811454,135.94442391749195,134.97431683179627,5.6880340534026175,-0.001339287421791291,-26.71818468733953
2025-01-04 06:55:00,EQ_004,79.42022698180524,0.5255383755674317,131.94592220513732,0,6,5,1,73.05374345417998,6.203830851079859,75.8577186253538,6.5944718109146585,0.48839370176601965,0.032175200334412304,0.5109107524048777,0.03836486077757883,125.7055284509272,14.410837376862684,126.02230497894622,11.830162142328959,72.71451871706864,67.02648466366603,0.469151721154418,0.4704910085762093,109.22623923015242,135.94442391749195,6.7057082647366,0.05638665441301366,22.719682974984906
2025-01-04 07:10:00,EQ_004,75.33495358612436,0.400418460520977,122.29074688205702,0,7,5,1,75.82323309499941,3.379414667073282,74.04012303664406,4.591850836787662,0.46503618574760885,0.0626614036634322,0.4825925547000362,0.057269682635559996,121.15430277244889,11.402395692645085,126.87632981332699,11.247908248494708,79.42022698180524,72.71451871706864,0.5255383755674317,0.469151721154418,131.94592220513732,109.22623923015242,-4.085273395680886,-0.12511991504645464,-9.6551753230803
2025-01-04 07:20:00,EQ_004,67.18727071556728,0.5858451116656666,122.24339656778082,0,7,5,1,73.98081709449896,6.2278863975980405,72.33669093284632,5.339092500716684,0.5039339825846917,0.09458236138835892,0.4902889354969405,0.06944232830593615,125.49335521832502,5.588137082475551,124.33014576052389,10.362591017921915,75.33495358612436,79.42022698180524,0.400418460520977,0.5255383755674317,122.29074688205702,131.94592220513732,-8.147682870557077,0.18542665114468954,-0.04735031427620129
2025-01-04 08:00:00,EQ_004,66.92434092047245,0.6464177238752438,111.68045082505547,0,8,5,1,69.81552174072137,4.781775710060447,72.31626218420759,5.364624644166254,0.5442270986872958,0.12817157893195882,0.5254742785567474,0.09628492439257347,118.73819809163108,6.112234278249425,119.47735114203661,9.17753258269552,67.18727071556728,75.33495358612436,0.5858451116656666,0.400418460520977,122.24339656778082,122.29074688205702,-0.26292979509483416,0.060572612209577215,-10.562945742725347
2025-01-04 08:40:00,EQ_004,77.14408250165286,0.6096469233810884,120.71253749910892,0,8,5,1,70.41856471256419,5.8259527261898185,73.20217494112444,5.795296023034855,0.6139699196406662,0.030516824211705745,0.5535733190020815,0.09623950586398701,118.21212829731503,5.708151217623045,121.7746107958279,7.193083440844261,66.92434092047245,67.18727071556728,0.6464177238752438,0.5858451116656666,111.68045082505547,122.24339656778082,10.219741581180415,-0.036770800494155376,9.032086674053446
2025-01-04 08:50:00,EQ_004,75.88220777638612,0.3680752805401233,113.04305122802936,0,8,5,1,73.31687706617048,5.571935995334916,72.49457110004062,5.008909881808057,0.5413799759321518,0.15120817116127716,0.5220806999966198,0.12817254865659808,115.1453465173979,4.869228022456959,117.99403660040632,5.202947434224539,77.14408250165286,66.92434092047245,0.6096469233810884,0.6464177238752438,120.71253749910892,111.68045082505547,-1.2618747252667362,-0.2415716428409651,-7.669486271079563
2025-01-04 09:10:00,EQ_004,69.63930494007197,0.6237438134684139,130.68379333694017,0,9,5,1,74.22186507270365,4.0184543026462265,71.35544137083014,4.84647816185766,0.5338220057965418,0.14371382423919268,0.5667457705861072,0.11321622497376706,121.47979402135945,8.84536361414703,119.67264589138294,7.693539644442203,75.88220777638612,77.14408250165286,0.3680752805401233,0.6096469233810884,113.04305122802936,120.71253749910892,-6.242902836314158,0.2556685329282906,17.640742108910814
2025-01-04 09:15:00,EQ_004,60.39324758252697,0.4542698344913209,126.04120889588518,0,9,5,1,68.63825343299503,7.792852498386233,69.99663674422207,6.8468550858754424,0.48202964283328603,0.1300751894167874,0.540430715151238,0.12257170865177926,123.25601782028487,9.144228372803056,120.43220835700382,8.182716068773109,69.63930494007197,75.88220777638612,0.6237438134684139,0.3680752805401233,130.68379333694017,113.04305122802936,-9.246057357544998,-0.169473978977093,-4.642584441054993
2025-01-04 09:45:00,EQ_004,85.2874773485585,0.5211283692279473,130.0713333647316,0,9,5,1,71.77334329038581,12.583570982493423,73.66926402983928,9.27964906571374,0.5330473390625606,0.08536336315434664,0.5153728442217788,0.10734889974932146,128.9321118658523,2.522254307303482,124.11038486493904,7.357002241871199,60.39324758252697,69.63930494007197,0.4542698344913209,0.6237438134684139,126.04120889588518,130.68379333694017,24.89422976603153,0.06685853473662634,4.030124468846424
2025-01-04 09:50:00,EQ_004,75.10396853837705,0.6200078956426861,123.36144963026229,0,9,5,1,73.59489782315417,12.515535934535533,73.26124123718412,9.132348380199623,0.5318020331206514,0.08338298120254661,0.5174450386740983,0.10969795707400216,126.49133063029298,3.377512711206613,124.6401672911697,7.143425615839704,85.2874773485585,60.39324758252697,0.5211283692279473,0.4542698344913209,130.0713333647316,126.04120889588518,-10.18350881018145,0.09887952641473885,-6.709883734469315
2025-01-04 10:15:00,EQ_004,71.00403996674873,0.3810333340909638,120.00682818957485,0,10,5,1,77.13182861789477,7.35447538826505,72.28560767525664,9.042473880100246,0.5073898663205324,0.12007818333824129,0.5200366493842663,0.10535394323036437,124.4798703948562,5.124618508747216,126.03292268347882,4.510820614104789,75.10396853837705,85.2874773485585,0.6200078956426861,0.5211283692279473,123.36144963026229,130.0713333647316,-4.099928571628311,-0.2389745615517223,-3.3546214406874384
2025-01-04 10:40:00,EQ_004,76.61539636558014,0.5897066196887132,106.50423788448468,0,10,5,1,74.24113495690197,2.9034792061710175,73.68082596035828,9.070230387239047,0.5302492831407877,0.13010992052583636,0.5132292106283263,0.09780699896289914,116.62417190144056,8.923181586924999,121.19701159298772,9.002760163112292,71.00403996674873,75.10396853837705,0.3810333340909638,0.6200078956426861,120.00682818957485,123.36144963026229,5.611356398831404,0.2086732855977494,-13.502590305090166
2025-01-04 11:10:00,EQ_004,74.09760043204687,0.559879438956191,126.92855755817811,0,11,5,1,73.90567892145857,2.8105970110185736,76.42169653026227,5.364895654129507,0.5102064642452894,0.11285693750502183,0.5343511315213002,0.09318555982828815,117.8132078774125,10.38735703096578,121.3744813254463,9.129973388927313,76.61539636558014,71.00403996674873,0.5897066196887132,0.3810333340909638,106.50423788448468,120.00682818957485,-2.5177959335332645,-0.029827180732522218,20.424319673693432
2025-01-01 00:20:00,EQ_005,71.04762772277344,0.5113270410537765,127.04506539824725,0,0,2,0,75.26529365455418,3.8621001842046483,75.26529365455418,3.8621001842046483,0.5169975023213111,0.09513866170832333,0.5169975023213111,0.09513866170832333,127.47441472795016,6.879190009827566,127.47441472795016,6.879190009827566,76.11942012139566,78.62883311949346,0.6148445709196755,0.4248208949904816,134.55822322146767,120.8199555641356,-5.071792398622222,-0.10351752986589902,-7.513157823220425
2025-01-01 00:45:00,EQ_005,72.44392161784407,0.6080048065714648,111.3891208982643,0,0,2,0,73.20365648733772,2.619860175204787,74.55995064537666,3.4545496953445096,0.5780588061816389,0.0578925034170654,0.5397493283838496,0.09002680521833781,124.33080317265974,11.820627740848009,123.4530912705287,9.809842312241326,71.04762772277344,76.11942012139566,0.5113270410537765,0.6148445709196755,127.04506539824725,134.55822322146767,1.3962938950706274,0.09667776551768836,-15.655944499982951
2025-01-01 01:00:00,EQ_005,75.27862456144348,0.5067855510527404,115.56955978871518,0,1,2,0,72.92339130068699,2.155864546947049,74.70368542859003,3.008942278896456,0.5420391328926606,0.057173060621076174,0.5331565729176277,0.07934696822533543,118.00124869507557,8.10629278706511,121.87638497416599,9.198085038105983,72.44392161784407,71.04762772277344,0.6080048065714648,0.5113270410537765,111.3891208982643,127.04506539824725,2.83470294359941,-0.10121925551872446,4.180438890450887
2025-01-01 01:25:00,EQ_005,72.8655946502629,0.6029960817581161,123.11308673442883,0,1,2,0,73.52938027651682,1.5294913248622386,73.55103773474391,2.0942626586847433,0.5725954797941071,0.05704806632806935,0.5687916102711547,0.054716140016953824,116.69058914046944,5.9418325319306415,122.33501120822464,9.189406557356445,75.27862456144348,72.44392161784407,0.5067855510527404,0.6080048065714648,115.56955978871518,111.3891208982643,-2.4130299111805726,0.09621053070537577,7.543526945713651
2025-01-01 01:45:00,EQ_005,75.36658983594202,0.5423599065593461,129.41310580767484,0,1,2,0,74.5036030158828,1.4192385376532073,73.40047167765319,1.879496940314605,0.5507138464567342,0.04864625153605776,0.5542946773990888,0.048740071749404236,122.69858411027296,6.931075018627158,121.3059877254661,7.635097185093279,72.8655946502629,75.27862456144348,0.6029960817581161,0.5067855510527404,123.11308673442883,115.56955978871518,2.500995185679116,-0.06063617519877007,6.3000190732460055
2025-01-01 02:55:00,EQ_005,80.63282514773879,0.5325796316582166,135.19283923641768,0,2,2,0,76.2883365446479,3.9648051839261167,75.31751116264624,3.2605940831288875,0.5593118733252264,0.038146375897214,0.5585451955199768,0.04482568820858601,129.23967725950712,6.041743392706772,122.93554249310019,9.744347396730651,75.36658983594202,72.8655946502629,0.5423599065593461,0.6029960817581161,129.41310580767484,123.11308673442883,5.266235311796763,-0.009780274901129427,5.779733428742844
2025-01-01 03:05:00,EQ_005,69.46737045629165,0.4646833707189312,130.30580585624057,0,3,2,0,75.15559514665749,5.58571693570928,74.72220093033577,4.084132501169111,0.5132076363121646,0.04230681632795613,0.5298809083494701,0.0507270921898368,131.63725030011105,3.1114125179999528,126.71887948469544,7.570369231239285,80.63282514773879,75.36658983594202,0.5325796316582166,0.5423599065593461,135.19283923641768,129.41310580767484,-11.165454691447138,-0.06789626093928547,-4.887033380177115
2025-01-01 03:55:00,EQ_005,72.28287614433117,0.4392178012905567,110.516519957758,0,3,2,0,74.1276905827872,5.806836475305785,74.1230512469133,4.200188971554096,0.47882693455590153,0.04826114525068556,0.5163673583970334,0.06531897660609852,125.33838835013876,13.066622011657527,125.70827151850399,9.517673605449717,69.46737045629165,80.63282514773879,0.4646833707189312,0.5325796316582166,130.30580585624057,135.19283923641768,2.815505688039522,-0.025465569428374468,-19.78928589848256
2025-01-01 04:25:00,EQ_005,80.45753425961232,0.554673356820138,126.25630933646,0,4,2,0,74.06926028674503,5.708703997770064,75.6414391687832,4.939213452726291,0.4861915096098753,0.06065844009348709,0.5067028134094377,0.05138596956953757,122.35954505015286,10.454307151612182,126.33691603891023,9.40656466464681,72.28287614433117,69.46737045629165,0.4392178012905567,0.4646833707189312,110.516519957758,130.30580585624057,8.174658115281147,0.11545555552958126,15.739789378702
2025-01-01 05:10:00,EQ_005,79.6783919657373,0.599831089814796,120.95344199441308,0,5,2,0,77.47293412322693,4.511573123285358,76.50379959474223,5.246104181536532,0.5312407493084969,0.08283098715902525,0.5181970500605277,0.06577030421812917,119.2420904295437,8.008232361477237,124.64498327625788,9.475488141625846,80.45753425961232,72.28287614433117,0.554673356820138,0.4392178012905567,126.25630933646,110.516519957758,-0.7791422938750117,0.045157732994658084,-5.302867342046923
2025-01-01 05:55:00,EQ_005,73.12589596225202,0.5201159655872839,104.64427876792894,0,5,2,0,77.75394072920055,4.026892654663874,75.00241375764489,4.8264122313590825,0.5582068040740725,0.03997485703256719,0.5157043168463412,0.06532359194192429,117.28467669960067,11.263429558313755,118.53527118256011,10.738569600070067,79.6783919657373,80.45753425961232,0.599831089814796,0.554673356820138,120.95344199441308,126.25630933646,-6.552496003485288,-0.07971512422751215,-16.309163226484145
2025-01-01 06:00:00,EQ_005,78.55479984101746,0.5283287871546142,127.56788679986984,0,6,2,0,77.11969592300227,3.504060988417516,76.81989963459004,3.82895181743836,0.5494252808522314,0.04384543069012021,0.5284334001334778,0.058768144340608175,117.72186918740395,11.798527382930791,117.98768737128599,10.035075067682628,73.12589596225202,79.6783919657373,0.5201159655872839,0.599831089814796,104.64427876792894,120.95344199441308,5.428903878765439,0.008212821567330275,22.9236080319409
2025-01-01 06:10:00,EQ_005,73.1951691709046,0.5586693801475274,109.83316871423504,0,6,2,0,74.95862165805802,3.1145742625685444,77.00235823990474,3.5718035063186075,0.5357047109631418,0.02030750187948813,0.552323715904872,0.03128831502805233,114.0151114273446,12.020375823671856,117.85101712258138,10.166063209017132,78.55479984101746,73.12589596225202,0.5283287871546142,0.5201159655872839,127.56788679986984,104.64427876792894,-5.35963067011285,0.03034059299291325,-17.734718085634796
2025-01-01 06:40:00,EQ_005,76.63066511121059,0.3999668675394425,130.8176672767283,0,6,2,0,76.12687804104422,2.7150987623019733,76.23698441022438,3.012559132612921,0.49565501161386133,0.08424549592171371,0.5213824180487328,0.07472633989344521,122.73957426361106,11.29476632961771,118.76328871063504,11.255212641776547,73.1951691709046,78.55479984101746,0.5586693801475274,0.5283287871546142,109.83316871423504,127.56788679986984,3.4354959403059837,-0.15870251260808493,20.984498562493243
2025-01-01 06:50:00,EQ_005,79.6201350960345,0.5513907849658914,126.22069990306048,0,6,2,0,76.48198979271656,3.2150622151860544,76.22533303628383,2.995988732336148,0.5033423442176205,0.08959972863120144,0.5116943570789518,0.06444594411576098,122.29051196467462,11.030506692944618,119.81674029236451,11.74719812931634,76.63066511121059,73.1951691709046,0.3999668675394425,0.5586693801475274,130.8176672767283,109.83316871423504,2.989469984823913,0.15142391742644895,-4.596967373667809
2025-01-01 06:55:00,EQ_005,74.07548931778506,0.5179581781939598,133.2893331953541,0,6,2,0,76.77542984167671,2.775156179741072,76.41525170739044,2.772127624544542,0.4897719435664312,0.07954966096126116,0.511262799600287,0.06438264441542728,130.10923345838094,3.5871720075101114,125.54575117784955,9.208501476174483,79.6201350960345,76.63066511121059,0.5513907849658914,0.3999668675394425,126.22069990306048,130.8176672767283,-5.544645778249446,-0.033432606771931606,7.068633292293612
2025-01-01 08:00:00,EQ_005,72.27540456595526,0.2827330453985963,124.99864123740372,0,8,2,0,75.32367632659161,3.8281516096655137,75.15937265237801,2.9754526294876364,0.45069400285281586,0.146415836645478,0.46214365124908346,0.11879777623995798,128.16955811193944,4.475760217453797,125.03190206535632,9.138874246971989,74.07548931778506,79.6201350960345,0.5179581781939598,0.5513907849658914,133.2893331953541,126.22069990306048,-1.8000847518298002,-0.23522513279536356,-8.290691957950372
2025-01-01 08:45:00,EQ_005,66.44915803671687,0.4740453322416083,114.94253295738064,1,8,2,0,70.9333506401524,3.98635971244092,73.81017042554046,4.9578544626437795,0.4249121852780548,0.12507304015076848,0.44521884166789966,0.10705586664507438,124.41016913004614,9.187545608533291,126.05377491398545,7.064857446058842,72.27540456595526,74.07548931778506,0.2827330453985963,0.5179581781939598,124.99864123740372,133.2893331953541,-5.826246529238389,0.191312286843012,-10.056108280023082
2025-01-01 09:20:00,EQ_005,72.30120159845319,0.5367287313401341,112.57515767461616,0,9,2,0,70.3419214003751,3.371256638970308,72.94427772298897,4.714186814250033,0.4311690363267795,0.13231490725825296,0.47257121442803796,0.11003339447613839,117.50544395646683,6.5963717717121835,122.40527299356302,8.545019951081512,66.44915803671687,72.27540456595526,0.4740453322416083,0.2827330453985963,114.94253295738064,124.99864123740372,5.852043561736323,0.06268339909852583,-2.3673752827644705
2025-01-01 09:35:00,EQ_005,70.10813611192484,0.4650683203881802,136.8501427870851,1,9,2,0,69.61949858236495,2.956463840229708,71.04187792616705,2.927252633298754,0.49194746132330747,0.03904059801916613,0.45530672151249574,0.10097381682992576,121.45594447302729,13.384211696314669,124.53116157036796,10.765328995235885,72.30120159845319,66.44915803671687,0.5367287313401341,0.4740453322416083,112.57515767461616,114.94253295738064,-2.1930654865283543,-0.07166041095195391,24.27498511246894
2025-01-01 10:10:00,EQ_005,83.32737222231289,0.5950307591973576,135.54160420714774,0,10,2,0,75.24556997756363,7.084421620674193,72.89225450707261,6.302506177824752,0.5322759369752239,0.06509554061953433,0.47072123771317537,0.11746532666595687,128.322301556283,13.653112232243393,124.98161577272667,11.259206959258485,70.10813611192484,72.30120159845319,0.4650683203881802,0.5367287313401341,136.8501427870851,112.57515767461616,13.219236110388053,0.1299624388091774,-1.3085385799373626
2025-01-01 10:30:00,EQ_005,71.8759071115216,0.5070052163113181,120.43514668643466,0,10,2,0,75.10380514858645,7.176457701318396,72.81235501618588,6.314801561043777,0.5223680986322853,0.06632927325256345,0.5155756718957196,0.05270146392413131,130.94229789355583,9.122951176608202,124.06891686253286,11.44097854412457,83.32737222231289,70.10813611192484,0.5950307591973576,0.4650683203881802,135.54160420714774,136.8501427870851,-11.45146511079129,-0.08802554288603948,-15.106457520713079
2025-01-01 10:40:00,EQ_005,77.58829510234561,0.4072646865809426,94.70439922305695,0,10,2,0,77.5971914787267,5.72573773893391,75.04018242931163,5.408560991962991,0.5031002206965394,0.09394392609164154,0.5022195427635865,0.07110616481727691,116.89371670554645,20.64765416361657,120.02129011566812,17.468912114050422,71.8759071115216,83.32737222231289,0.5070052163113181,0.5950307591973576,120.43514668643466,135.54160420714774,5.712387990824013,-0.0997405297303755,-25.73074746337771
2025-01-01 10:45:00,EQ_005,71.37128093423267,0.5238368982734785,117.033925409302,0,10,2,0,73.61182771603329,3.4529525844565865,74.85419829646753,5.540667823366795,0.47936893372191297,0.06300867576170335,0.4996411761502554,0.06976305037617091,110.72449043959789,13.977645312559744,120.91304366260529,17.103763470435762,77.58829510234561,71.8759071115216,0.4072646865809426,0.5070052163113181,94.70439922305695,120.43514668643466,-6.217014168112939,0.11657221169253584,22.329526186245047
2025-01-01 10:55:00,EQ_005,71.22308533823339,0.5501094169939845,108.48985916380494,0,10,2,0,73.39422045827057,3.6329309205823535,75.07718814172924,5.319944840316229,0.4937370006161352,0.07603063284578516,0.5166493954714163,0.06959327580140995,106.74272793205462,11.266822337343775,115.24098693794926,15.080103999638148,71.37128093423267,77.58829510234561,0.5238368982734785,0.4072646865809426,117.033925409302,94.70439922305695,-0.14819559599928311,0.026272518720506066,-8.544066245497064
2025-01-01 11:05:00,EQ_005,67.96669451575889,0.6001046092567142,117.95528779013878,1,11,2,0,70.18702026274165,1.924285659850008,72.00505260041844,3.482482976862668,0.5580169748413923,0.038743877425835974,0.5176641654832876,0.07104379262928419,114.49302412108189,5.219264247709024,111.72372365454746,10.524196039858516,71.22308533823339,71.37128093423267,0.5501094169939845,0.5238368982734785,108.48985916380494,117.033925409302,-3.2563908224745006,0.04999519226272964,9.465428626333846
2025-01-01 11:35:00,EQ_005,88.16191032418695,0.6373658545162958,115.48340523840378,0,11,2,0,75.78389672605975,10.842621259351471,75.2622532429515,8.007673562851444,0.5958599602556648,0.04378280776889339,0.5437362931242831,0.08804116060950333,113.97618406411584,4.909416617198138,110.73337536494128,9.700221322724534,67.96669451575889,71.22308533823339,0.6001046092567142,0.5501094169939845,117.95528779013878,108.48985916380494,20.19521580842806,0.03726124525958163,-2.471882551735007
2025-01-01 11:45:00,EQ_005,75.92418061847437,0.5952874547202939,112.4171793111241,0,11,2,0,77.35092848614006,10.172924480977041,74.92943034617726,7.920940052678198,0.6109193061644346,0.02302968050695616,0.5813408467521534,0.04463041128954058,115.2852907798889,2.7743645011673808,114.27593138255472,3.8579715758996036,88.16191032418695,67.96669451575889,0.6373658545162958,0.6001046092567142,115.48340523840378,117.95528779013878,-12.237729705712582,-0.04207839979600192,-3.0662259272796746
2025-01-01 13:05:00,EQ_005,79.86277224813365,0.5194607455237242,104.51381701136252,0,13,2,0,81.31628773026499,6.24700228350498,76.62772860895745,7.877523649751123,0.5840380182534378,0.05975212169667244,0.5804656162022026,0.046060034580748276,110.8048005202968,5.659751804765171,111.77190970296681,5.382320638145528,75.92418061847437,88.16191032418695,0.5952874547202939,0.6373658545162958,112.4171793111241,115.48340523840378,3.9385916296592853,-0.07582670919656964,-7.903362299761582
2025-01-01 13:30:00,EQ_005,74.62783285449977,0.457069777548274,119.38235800139871,0,13,2,0,76.80492857370261,2.7263410157634294,77.30867811221073,7.42786087013892,0.523939325930764,0.06921759048503454,0.5618576883130604,0.07256008959376141,112.10445144129511,7.4392020293524945,113.95040947048558,5.901170714005092,79.86277224813365,75.92418061847437,0.5194607455237242,0.5952874547202939,104.51381701136252,112.4171793111241,-5.23493939363388,-0.06239096797545024,14.868540990036195
2025-01-01 14:50:00,EQ_005,69.59471729795868,0.521319662823769,119.68560829625224,0,14,2,0,74.69510746686403,5.134358043617027,77.63428266865068,6.935324626795276,0.49928339529858895,0.0365698788083774,0.5461006990264714,0.07070883501980266,114.52726110300449,8.67322241832075,114.29647357170828,6.235982612796423,74.62783285449977,79.86277224813365,0.457069777548274,0.5194607455237242,119.38235800139871,104.51381701136252,-5.033115556541091,0.06424988527549497,0.3032502948535267
2025-01-01 15:30:00,EQ_005,75.48060388470492,0.4291593233089537,123.49800024567908,0,15,2,0,73.23438467905446,3.1807528340392843,75.09802138075428,3.675567723649252,0.46918292122699884,0.04725916029943399,0.5044593927850028,0.06456570726801454,120.85532218111001,2.2936435424991046,115.89939257316333,7.516023821021672,69.59471729795868,74.62783285449977,0.521319662823769,0.457069777548274,119.68560829625224,119.38235800139871,5.885886586746238,-0.09216033951481528,3.8123919494268392
2025-01-01 15:55:00,EQ_005,72.60625689168262,0.5508725023229933,111.6694394299924,0,15,2,0,72.56052602478206,2.9432097635321024,74.43443663539593,3.786945338135188,0.5004504961519053,0.06348358901802462,0.4955764023055428,0.05045994580568176,118.28434932397458,6.037495985351953,115.74984459693698,7.609489597170654,75.48060388470492,69.59471729795868,0.4291593233089537,0.521319662823769,123.49800024567908,119.68560829625224,-2.8743469930223,0.12171317901403966,-11.828560815686686
2025-01-01 16:30:00,EQ_005,80.15922269734317,0.4731469352094167,138.325570434792,0,16,2,0,76.08202782457691,3.8122311291365327,74.49372672523783,3.8939886791334133,0.4843929202804545,0.06163098751106817,0.48631364024268137,0.049214961802626064,124.49767003682116,13.356153443441379,122.51219528162287,9.828345168524562,72.60625689168262,75.48060388470492,0.5508725023229933,0.4291593233089537,111.6694394299924,123.49800024567908,7.552965805660548,-0.07772556711357664,26.65613100479962
2025-01-01 17:10:00,EQ_005,86.49449061809625,0.4775144018191921,119.51102816525896,0,17,2,0,79.75332340237402,6.953008319289935,76.86705827795713,6.642466175966585,0.5005112797838672,0.04366873301200098,0.490402565096865,0.046976261079836955,123.16867934334779,13.699311630213046,122.53792931439493,9.818264694742268,80.15922269734317,72.60625689168262,0.4731469352094167,0.5508725023229933,138.325570434792,111.6694394299924,6.335267920753083,0.004367466609775383,-18.81454226953305
2025-01-01 19:50:00,EQ_005,82.10252123994927,0.6000582318042978,132.1795915230556,0,19,2,0,82.91874485179623,3.2455462784148117,79.36861906635525,5.470912282293794,0.5169065229443022,0.07204459525807613,0.5061502788929707,0.06829279295859182,130.0053967077022,9.593857020215744,125.03672595975561,10.47854090564543,86.49449061809625,80.15922269734317,0.4775144018191921,0.4731469352094167,119.51102816525896,138.325570434792,-4.391969378146982,0.12254382998510577,12.668563357796629
2025-01-01 19:55:00,EQ_005,72.14626853125262,0.4329379790923355,114.86803635486604,0,19,2,0,80.24776012976605,7.351732676398966,78.7017519956648,6.215819566869476,0.5035035375719418,0.08653826378838844,0.5069060100496471,0.06724061316048603,122.1862186810602,8.960466997159905,123.310733181593,11.460133006985776,82.10252123994927,86.49449061809625,0.6000582318042978,0.4775144018191921,132.1795915230556,119.51102816525896,-9.956252708696653,-0.16712025271196235,-17.311555168189557
2025-01-01 21:25:00,EQ_005,71.3453498002904,0.577966053226934,114.153822693428,1,21,2,0,75.19804652383077,5.992845403691068,78.44957057738634,6.541965815225641,0.5369874213745224,0.09078397941266493,0.5123247202304352,0.07255147384135499,120.4004835237832,10.207255470127013,123.8076098342801,10.867767153243838,72.14626853125262,82.10252123994927,0.4329379790923355,0.6000582318042978,114.86803635486604,132.1795915230556,-0.8009187309622092,0.14502807413459845,-0.7142136614380377
2025-01-01 21:50:00,EQ_005,74.91788551963624,0.3316561807779049,122.92192728326371,0,21,2,0,72.80316795039307,1.8746707715358675,77.40130314184496,6.619003565569809,0.4475200710323913,0.12380071231812617,0.4840265693441329,0.10972369960160046,117.31459544385258,4.869204560962838,120.72688120397444,7.331307194214011,71.3453498002904,72.14626853125262,0.577966053226934,0.4329379790923355,114.153822693428,114.86803635486604,3.5725357193458365,-0.24630987244902908,8.768104589835716
2025-01-01 22:20:00,EQ_005,78.40945744813156,0.4973594243041073,92.52495157274764,0,22,2,0,74.89089758935275,3.5321311522022576,75.78429650785202,4.486134114113405,0.4689938861029819,0.12558101422804277,0.48799557384111586,0.1097881513746753,109.86690051647979,15.645360635020019,115.3296658854722,14.690244475886656,74.91788551963624,71.3453498002904,0.3316561807779049,0.577966053226934,122.92192728326371,114.153822693428,3.4915719284953184,0.16570324352620242,-30.396975710516074
2025-01-01 23:00:00,EQ_005,80.33337344794577,0.4563614109473431,127.68207216631735,0,23,2,0,77.88690547190453,2.7453001295505635,75.43046694945133,3.893897713694642,0.42845900534311837,0.08630353067895309,0.4592562096697249,0.09017577060443127,114.37631700744289,19.072922517206468,114.43016201412453,13.489158071460569,78.40945744813156,74.91788551963624,0.4973594243041073,0.3316561807779049,92.52495157274764,122.92192728326371,1.9239159998142128,-0.040998013356764174,35.157120593569715
2025-01-01 23:25:00,EQ_005,75.73356843216662,0.6598647170504717,137.24696649761108,0,23,2,0,78.15879977608132,2.3101241302611104,76.14792692963411,3.4417264839674293,0.5378618507673073,0.1076277557639345,0.5046415572613522,0.12427656004769594,119.15133007889203,23.549837051592398,118.90594804267357,16.941672526199994,80.33337344794577,78.40945744813156,0.4563614109473431,0.4973594243041073,127.68207216631735,92.52495157274764,-4.599805015779154,0.20350330610312856,9.56489433129373
2025-01-01 23:45:00,EQ_005,73.0333059383632,0.466618051024399,115.75763666601956,0,23,2,0,76.3667492728252,3.690993754241309,76.48551815724868,2.8917210451965194,0.5276147263407379,0.11464660788030796,0.48237195682084516,0.11765233030862607,126.89555844331598,10.76623318668528,119.22671083719187,16.844107258012293,75.73356843216662,80.33337344794577,0.6598647170504717,0.4563614109473431,137.24696649761108,127.68207216631735,-2.7002624938034216,-0.19324666602607266,-21.48932983159152
2025-01-01 23:55:00,EQ_005,81.39225931303649,0.5369642192198094,123.29508735573008,0,23,2,0,76.71971122785544,4.2658391425494395,77.78039291592873,3.416260232073604,0.5544823290982267,0.09780711432627165,0.5234335645092261,0.08246677383049372,125.43323017312025,10.903053021213799,119.30134285168515,16.86538622818216,73.0333059383632,75.73356843216662,0.466618051024399,0.6598647170504717,115.75763666601956,137.24696649761108,8.358953374673291,0.0703461681954104,7.537450689710511
2025-01-02 00:35:00,EQ_005,76.0957516383197,0.7231300146192632,123.5845361820962,0,0,3,0,76.84043896323979,4.228941331930807,77.31765175396636,3.4660850763746254,0.5755707616211571,0.13254224120620398,0.5685876825722573,0.11854051485979665,120.87908673461527,4.437666420497353,125.51325977355486,7.84531813352536,81.39225931303649,73.0333059383632,0.5369642192198094,0.466618051024399,123.29508735573008,115.75763666601956,-5.296507674716793,0.18616579539945377,0.2894488263661259
2025-01-02 00:40:00,EQ_005,76.24691841855378,0.5638051101440757,112.69043724284526,0,0,3,0,77.91164312330332,3.015249516049328,76.50036074808796,3.0317920700983367,0.6079664479943827,0.1006334619533908,0.5900764224116039,0.10164487432931485,119.85668692689052,6.207841497358763,122.51493278886043,9.499569376927395,76.0957516383197,81.39225931303649,0.7231300146192632,0.5369642192198094,123.5845361820962,123.29508735573008,0.15116678023407815,-0.15932490447518743,-10.894098939250938
2025-01-02 01:00:00,EQ_005,78.0394825485827,0.4212216248091761,118.24436054500784,0,1,3,0,76.7940508684854,1.0812205608495506,76.96154357137118,3.061230557463346,0.5693855831908382,0.15103153716690804,0.5423478039633447,0.11573477590977872,118.17311132331643,5.447398944747868,118.71441159833978,4.742162926462022,76.24691841855378,76.0957516383197,0.5638051101440757,0.7231300146192632,112.69043724284526,123.5845361820962,1.7925641300289215,-0.14258348533489967,5.553923302162573
2025-01-02 01:05:00,EQ_005,75.9330456157818,0.4379152401748883,126.68654804757908,0,1,3,0,76.73981552763942,1.1364329316221875,77.5414915068549,2.3146052151339784,0.47431399170937993,0.07794975566038768,0.5366072417934425,0.12102122546133229,119.20711527847739,7.047549355783863,120.9001938746517,5.4971960500817945,78.0394825485827,76.24691841855378,0.4212216248091761,0.5638051101440757,118.24436054500784,112.69043724284526,-2.1064369328009036,0.016693615365712233,8.442187502571244
2025-01-02 01:15:00,EQ_005,75.97044996449154,0.4527909422302872,132.9587178186301,0,1,3,0,76.64765937628535,1.2054993067327968,76.45712963714591,0.8930488110980562,0.43730926907145046,0.015793379984739682,0.5197725863955381,0.12668125806171687,125.96320880373901,7.383799309312829,122.83291996723169,7.776117151722165,75.9330456157818,78.0394825485827,0.4379152401748883,0.4212216248091761,126.68654804757908,118.24436054500784,0.03740434870974241,0.014875702055398898,6.272169771051026
2025-01-02 01:40:00,EQ_005,80.97523314462421,0.7074082669749974,120.91752484448372,0,1,3,0,77.62624290829918,2.900370919998945,77.43302593840681,2.162807319676973,0.5327048164600575,0.15148033979457454,0.5166282368666849,0.12041182969225718,126.85426357023096,6.022348249027196,122.29951769970918,7.803095755468457,75.97044996449154,75.9330456157818,0.4527909422302872,0.4379152401748883,132.9587178186301,126.68654804757908,5.0047831801326765,0.25461732474471016,-12.041192974146384
2025-01-02 01:45:00,EQ_005,67.38406547608113,0.4080615408413576,122.52240396426676,0,1,3,0,74.7765828617323,6.873787067032316,75.66045534991227,5.063982249103638,0.5227535833488806,0.16147196033971017,0.4854795230061414,0.12520572386790407,125.46621554246019,6.538126797186372,124.2659110439935,5.7431470165375185,80.97523314462421,75.97044996449154,0.7074082669749974,0.4527909422302872,120.91752484448372,132.9587178186301,-13.59116766854308,-0.2993467261336398,1.6048791197830354
2025-01-02 03:15:00,EQ_005,74.50412068110309,0.4656807724502589,118.09496894002189,0,3,3,0,74.28780643393615,6.798165453911686,74.95338297641635,4.892679419919563,0.5270501934222045,0.15882937380899045,0.4943713525343578,0.12100979613055253,120.51163258292412,2.241451899879307,124.23603272299631,5.7825587563522065,67.38406547608113,80.97523314462421,0.4080615408413576,0.7074082669749974,122.52240396426676,120.91752484448372,7.120055205021956,0.05761923160890131,-4.427435024244872
2025-01-02 03:45:00,EQ_005,76.21669724661346,0.4948606276411513,103.6952675628486,0,3,3,0,72.7016278012659,4.6840774368975175,75.0101133025827,4.908497225047556,0.45620098031092254,0.04416922244700872,0.5057604300276104,0.11698063341305692,114.77088015571242,9.843903745663114,119.63777662605021,10.535062356548686,74.50412068110309,67.38406547608113,0.4656807724502589,0.4080615408413576,118.09496894002189,122.52240396426676,1.7125765655103748,0.02917985519089239,-14.399701377173287
2025-01-02 04:10:00,EQ_005,74.58924410803715,0.4404338705956507,110.51083479175162,0,4,3,0,75.1033540119179,0.9651224627657369,74.7338721312918,4.879721264691475,0.4669917568956869,0.027237051616954455,0.5032890157006832,0.11850013466311961,110.76702376487405,7.203268322810431,115.14820002067452,7.890219546031211,76.21669724661346,74.50412068110309,0.4948606276411513,0.4656807724502589,103.6952675628486,118.09496894002189,-1.627453138576314,-0.054426757045500596,6.815567228903021
2025-01-02 05:05:00,EQ_005,82.20058607724737,0.5089580681255249,117.41145599630168,0,5,3,0,77.66884247729932,4.008076343000172,74.97894271781644,5.285443462340991,0.48141752212077554,0.036186036344179835,0.46359897593078864,0.040804720286505836,110.5391861169673,6.858138168171425,114.44698625103811,7.38919773847683,74.58924410803715,76.21669724661346,0.4404338705956507,0.4948606276411513,110.51083479175162,103.6952675628486,7.6113419692102156,0.06852419752987421,6.900621204550063
2025-01-02 05:45:00,EQ_005,71.73688010348805,0.5194736194718775,139.8727599923081,0,5,3,0,76.17557009625752,5.409215126245114,75.84950564329782,3.898174605392112,0.48962185273101766,0.04292129302504019,0.4858813916568927,0.03246205335548043,122.59835026012047,15.352803227710409,117.91705745664638,13.596429688638972,82.20058607724737,74.58924410803715,0.5089580681255249,0.4404338705956507,117.41145599630168,110.51083479175162,-10.463705973759318,0.010515551346352625,22.461303996006407
2025-01-02 05:55:00,EQ_005,65.55229634527234,0.4611481546911114,121.0575379127148,0,5,3,0,73.16325417533592,8.415301242057609,74.05914077613167,6.102837206157154,0.4965266140961712,0.03108650426529292,0.4849748681050632,0.03322159953230802,126.1139179671082,12.054160225461718,118.50957125118495,13.670471856595253,71.73688010348805,82.20058607724737,0.5194736194718775,0.5089580681255249,139.8727599923081,117.41145599630168,-6.184583758215709,-0.05832546478076611,-18.815222079593283
2025-01-02 06:15:00,EQ_005,78.80207328072149,0.5407052287124535,121.99810433718712,0,6,3,0,72.03041657649395,6.629763944178472,74.57621598295327,6.431990610061029,0.5071090009584808,0.04119459733928375,0.49414378831932365,0.04184046505563489,127.64280074740333,10.601891041164967,122.17013860605266,10.876979195209843,65.55229634527234,71.73688010348805,0.4611481546911114,0.5194736194718775,121.0575379127148,139.8727599923081,13.249776935449148,0.0795570740213421,0.9405664244723084
2025-01-02 06:25:00,EQ_005,77.12728780892482,0.3620381835211069,132.7235350010677,0,6,3,0,73.82721914497289,7.215052813381778,75.0838247231308,6.532638773791041,0.4546305223082239,0.08951166353196979,0.47846465090441487,0.07130998680256538,125.2597257503232,6.480933782900041,126.61267864791589,9.353992537553985,78.80207328072149,65.55229634527234,0.5407052287124535,0.4611481546911114,121.99810433718712,121.0575379127148,-1.6747854717966675,-0.17866704519134663,10.725430663880573
2025-01-02 06:45:00,EQ_005,69.20817655403728,0.5513085420097293,110.39953704720536,0,6,3,0,75.04584588122786,5.1244525536247885,72.48534281848879,5.495813988553412,0.48468398474776325,0.10634661246187609,0.4869347456812557,0.07803545399532681,121.70705879515339,11.16484445891055,125.2102948580966,11.383746817072522,77.12728780892482,78.80207328072149,0.3620381835211069,0.5407052287124535,132.7235350010677,121.99810433718712,-7.9191112548875395,0.18927035848862245,-22.32399795386233
2025-01-02 07:35:00,EQ_005,73.59449853557022,0.6070150238316427,120.77480518518864,0,7,3,0,73.30998763284411,3.9672144644762253,72.85686650490523,5.495356364883523,0.506787249787493,0.12841348125483865,0.5044430265532088,0.09511299033082095,121.29929241115389,11.171237008436574,121.39070389667272,7.907244710459915,69.20817655403728,77.12728780892482,0.5513085420097293,0.3620381835211069,110.39953704720536,132.7235350010677,4.386321981532944,0.0557064818219134,10.375268137983284
2025-01-02 07:45:00,EQ_005,78.20421430633505,0.4118125348772282,107.58239424518376,0,7,3,0,73.66896313198085,4.498481137259639,75.38725009711777,4.000591955636969,0.5233787002395335,0.10055376656038671,0.4945759025904321,0.10296247508288864,112.91891215919259,6.9476877318044465,118.69567516316651,10.054111001610247,73.59449853557022,69.20817655403728,0.6070150238316427,0.5513085420097293,120.77480518518864,110.39953704720536,4.609715770764822,-0.19520248895441455,-13.192410940004876
2025-01-02 08:00:00,EQ_005,81.99677718293,0.4324821725025618,100.9219244212261,1,8,3,0,77.93183000827842,4.207756708905572,76.02619087755947,4.847745566247262,0.4837699104038109,0.10723258351718497,0.4729312913484538,0.10221344787924129,109.75970795053281,10.10394674796214,114.48043917997431,12.454915667599014,78.20421430633505,73.59449853557022,0.4118125348772282,0.6070150238316427,107.58239424518376,120.77480518518864,3.792562876594957,0.020669637625333637,-6.660469823957669
2025-01-02 08:35:00,EQ_005,78.17585900840984,0.4182911368931809,104.52696011061634,0,8,3,0,79.45895016589164,2.197868395067536,76.23590511745648,4.929282569723855,0.4208619480909903,0.010571910071118835,0.48418188202286866,0.08922687637719062,104.34375959234205,3.3340120562747426,108.84112420188403,7.545719489949238,81.99677718293,78.20421430633505,0.4324821725025618,0.4118125348772282,100.9219244212261,107.58239424518376,-3.820918174520159,-0.014191035609380898,3.605035689390249
2025-01-02 08:40:00,EQ_005,80.24776357659667,0.5659245668432406,130.82691053887072,0,8,3,0,80.14013325597884,1.9127315908226505,78.44382252196836,3.1433600580461025,0.47223262541299443,0.0814492559182908,0.4871050869895709,0.09216682466645214,112.0919316902377,16.32478621374532,112.92659890021712,12.50242139736908,78.17585900840984,81.99677718293,0.4182911368931809,0.4324821725025618,104.52696011061634,100.9219244212261,2.071904568186824,0.14763342995005962,26.299950428254377
2025-01-02 08:50:00,EQ_005,81.58697032817163,0.3392440135631026,119.06363811260827,0,8,3,0,80.00353097105938,1.7186207502403015,80.04231688048864,1.8104118145850776,0.4411532390998414,0.11505661691892508,0.4335508849358628,0.08234551531458321,118.13916958736509,13.1743246382038,112.58436548570106,12.254850601317752,80.24776357659667,78.17585900840984,0.5659245668432406,0.4182911368931809,130.82691053887072,104.52696011061634,1.339206751574963,-0.22668055328013798,-11.763272426262446
2025-01-02 08:55:00,EQ_005,75.987998023462,0.4237275221433785,133.2579664754219,0,8,3,0,79.27424397607676,2.9236839820118985,79.59907362391402,2.509328652866855,0.4429653675165739,0.11455823553895925,0.4359338823890929,0.08172925543932777,127.71617170896695,7.591262178896691,117.71947993174868,14.75852730427111,81.58697032817163,80.24776357659667,0.3392440135631026,0.5659245668432406,119.06363811260827,130.82691053887072,-5.598972304709633,0.08448350858027592,14.194328362813636
2025-01-02 09:00:00,EQ_005,85.37630436312632,0.4230857650212701,107.1283643141575,1,9,3,0,80.98375757158665,4.723131715728923,80.27497905995328,3.554226111871572,0.39535243357591704,0.0485923765656902,0.4340546008928346,0.08193623451000362,119.8166563007292,13.081066644972786,118.96076791033495,13.167824349819963,75.987998023462,81.58697032817163,0.4237275221433785,0.3392440135631026,133.2579664754219,119.06363811260827,9.388306339664325,-0.0006417571221083995,-26.129602161264415
2025-01-02 09:25:00,EQ_005,72.58057082972839,0.2996137635593247,91.67844401889433,0,9,3,0,77.98162440543891,6.626734397696676,79.155921424217,4.976601653721673,0.3821423502413244,0.07147257290630657,0.41031912622606326,0.10230246118751916,110.68825826949124,21.017107452219427,116.39106469199055,17.29551899045857,85.37630436312632,75.987998023462,0.4230857650212701,0.4237275221433785,107.1283643141575,133.2579664754219,-12.795733533397936,-0.12347200146194542,-15.44992029526317
2025-01-02 09:35:00,EQ_005,77.12082973200958,0.3760741605146527,125.5174079991092,0,9,3,0,78.35923497495476,6.487136103377677,78.53053465529959,5.001504572016175,0.3662578963650825,0.062318561180802146,0.37234904496034565,0.05388460687056036,108.10807211072033,16.94074205395251,115.32916418403825,16.323282773371652,72.58057082972839,85.37630436312632,0.2996137635593247,0.4230857650212701,91.67844401889433,107.1283643141575,4.540258902281195,0.07646039695532802,33.83896398021487
2025-01-02 09:45:00,EQ_005,72.13149998030711,0.5277376937958191,115.36838637914602,0,9,3,0,73.9443001806817,2.760103467226335,76.63944058572667,5.333499174675961,0.40114187262326545,0.11610953677199198,0.410047781006889,0.08300289003394126,110.85474613238317,17.365154246981753,114.5901138373458,16.195080331542783,77.12082973200958,72.58057082972839,0.3760741605146527,0.2996137635593247,125.5174079991092,91.67844401889433,-4.989329751702471,0.15166353328116644,-10.149021619963179
2025-01-02 10:00:00,EQ_005,83.63771585050355,0.1980487844179174,101.3025830030458,0,10,3,0,77.63001518760676,5.769982953530579,78.169384151135,6.1366256299383135,0.3672868795761297,0.16502001839600275,0.3649120334617968,0.12462762506848574,114.06279246043364,12.160093297665465,108.19903714287057,12.970764768920924,72.13149998030711,77.12082973200958,0.5277376937958191,0.3760741605146527,115.36838637914602,125.5174079991092,11.506215870196442,-0.32968890937790174,-14.06580337610022
2025-01-02 10:20:00,EQ_005,78.06758986365209,0.5209659415274626,114.90193306809115,0,10,3,0,77.94560189815425,5.754077833213968,76.70764125124015,4.690946015892024,0.415584139913733,0.1884215680998708,0.3844880687630353,0.14246114655343847,110.52430081676097,7.989646691168084,109.7537508936573,13.272714059363373,83.63771585050355,72.13149998030711,0.1980487844179174,0.5277376937958191,101.3025830030458,115.36838637914602,-5.570125986851465,0.32291715710954516,13.599350065045357
2025-01-02 10:35:00,EQ_005,66.65707963061206,0.4026453800295531,113.41751587666153,0,10,3,0,76.12079511492257,8.656096634935015,75.52294301141687,6.422293732086227,0.37388670199164437,0.16336819996802882,0.4050943920570809,0.13433507600344372,109.87401064926614,7.4600872997805165,114.10156526521072,8.614649734505894,78.06758986365209,83.63771585050355,0.5209659415274626,0.1980487844179174,114.90193306809115,101.3025830030458,-11.410510233040029,-0.11832056149790948,-1.4844171914296282
2025-01-02 10:50:00,EQ_005,72.58406768850313,0.606020990749888,120.58984221589596,0,10,3,0,72.4362457275891,5.706691199256795,74.61559060271559,6.460470790675413,0.5098774374356346,0.10214022690014542,0.45108375810412804,0.15901090045641655,116.30309705354954,3.7858964149496495,113.11605210856808,7.137381378121143,66.65707963061206,78.06758986365209,0.4026453800295531,0.5209659415274626,113.41751587666153,114.90193306809115,5.926988057891066,0.20337561072033494,7.172326339234431
2025-01-02 11:35:00,EQ_005,74.80745765249647,0.5152354872033722,122.24216404290792,0,11,3,0,71.34953499053722,4.213100842807513,75.15078213715347,6.312382438518458,0.5079672859942711,0.10188243136370131,0.4485833167856386,0.15759617961050207,118.74984071182178,4.691248017932506,114.49080764132047,8.254271579680962,72.58406768850313,66.65707963061206,0.606020990749888,0.4026453800295531,120.58984221589596,113.41751587666153,2.223389963993341,-0.09078550354651582,1.65232182701196
2025-01-02 11:40:00,EQ_005,74.1368635002959,0.4177580067617799,127.14609790636618,0,11,3,0,73.84279628043184,1.1404921658415792,73.25061166711193,4.193191990350071,0.5130048282383467,0.09415131260152654,0.49252516125441115,0.08347820473642756,123.32603472172333,3.409868605386861,119.65951062198455,5.594230226667747,74.80745765249647,72.58406768850313,0.5152354872033722,0.606020990749888,122.24216404290792,120.58984221589596,-0.6705941522005645,-0.09747748044159232,4.903933863458263
2025-01-02 12:45:00,EQ_005,80.86364509629682,0.5874389180712728,122.04389031602976,0,12,3,0,76.60265541636306,3.705327100084133,73.80982271364087,5.087308972995632,0.5068108040121416,0.0851535928828577,0.5058197565631731,0.09379559503582673,123.81071742176793,2.8902249653741183,121.08790207157226,4.950526714240632,74.1368635002959,74.80745765249647,0.4177580067617799,0.5152354872033722,127.14609790636618,122.24216404290792,6.726781596000919,0.16968091130949292,-5.10220759033642
2025-01-02 13:00:00,EQ_005,78.85849355324173,0.5850897962167972,123.17453261250176,0,13,3,0,77.95300071661148,3.453597489280626,76.2501054981668,3.466817475705896,0.5300955736832833,0.09729427680883518,0.5423086398006219,0.07773681368326107,124.1215069449659,2.679682978167625,123.03930541874031,2.475388177246631,80.86364509629682,74.1368635002959,0.5874389180712728,0.4177580067617799,122.04389031602976,127.14609790636618,-2.005151543055092,-0.0023491218544755554,1.1306422964720042
2025-01-02 13:40:00,EQ_005,72.66149399344054,0.642274813609994,122.25264117247548,0,13,3,0,77.46121088099302,4.275876498233586,76.26559075915429,3.4464617357106233,0.6049345092993547,0.032358976156240046,0.5495594043726432,0.0863758547203918,122.49035470033566,0.6016384226751061,123.37186521005621,2.155004471716477,78.85849355324173,80.86364509629682,0.5850897962167972,0.5874389180712728,123.17453261250176,122.04389031602976,-6.196999559801185,0.05718501739319681,-0.9218914400262861
2025-01-02 13:45:00,EQ_005,76.73251940865357,0.5926215402241592,126.9272275511686,1,13,3,0,76.08416898511194,3.1489632563470926,76.65060311038572,3.3489958060909064,0.6066620500169836,0.031070621010800603,0.5650366149768007,0.08561782689448665,124.11813377871526,2.4760304569260976,124.30887791170835,2.527379558293958,72.66149399344054,78.85849355324173,0.642274813609994,0.5850897962167972,122.25264117247548,123.17453261250176,4.071025415213029,-0.049653273385834806,4.674586378693121
2025-01-02 14:00:00,EQ_005,75.38410945530127,0.5088657590961437,122.02328796422802,0,14,3,0,74.92604095246513,2.0738085851389014,76.9000523013868,3.155831368016882,0.5812540376434323,0.06742706461623527,0.5832581654436734,0.04776426811452545,123.73438556262401,2.7674592492742347,123.28431592328073,2.0902187383149555,76.73251940865357,72.66149399344054,0.5926215402241592,0.642274813609994,126.9272275511686,122.25264117247548,-1.3484099533523022,-0.08375578112801552,-4.903939586940581
2025-01-02 14:30:00,EQ_005,82.50379895317155,0.4860553724319,122.34024454353148,0,14,3,0,78.20680927237547,3.781883471000353,77.22808307276173,3.7077949731652966,0.5291808905840677,0.05611252493882906,0.5629814563157989,0.06422787721375246,123.76358668630935,2.7443729720368975,123.34358676878108,2.05006752409024,75.38410945530127,76.73251940865357,0.5088657590961437,0.5926215402241592,122.02328796422802,126.9272275511686,7.119689497870283,-0.02281038666424373,0.316956579303465
2025-01-02 15:15:00,EQ_005,76.19394579513256,0.4852219681182528,132.18970789793664,0,15,3,0,78.02728473453512,3.8978639517777123,76.69517352113989,3.604934565120204,0.4933810332154322,0.0134166386396928,0.54300789069609,0.07082358988938929,125.5177468018987,5.78026072237003,125.14662182586804,4.437953076921606,82.50379895317155,75.38410945530127,0.4860553724319,0.5088657590961437,122.34024454353148,122.02328796422802,-6.30985315803899,-0.0008334043136472014,9.84946335440516
2025-01-02 15:25:00,EQ_005,74.0182507545751,0.6452467534470745,121.4358793650516,0,15,3,0,77.57199850095974,4.407426006492212,76.96652487336681,3.2599616584934243,0.5388413646657425,0.09215071194498349,0.5436022786635061,0.07186970871970726,125.32194393550657,5.964822334047483,124.98326946438326,4.583742348510499,76.19394579513256,82.50379895317155,0.4852219681182528,0.4860553724319,132.18970789793664,122.34024454353148,-2.175695040557457,0.1600247853288217,-10.753828532885038
2025-01-02 15:35:00,EQ_005,74.81388881745079,0.5300474359610828,127.59712295484168,0,15,3,0,75.00869512238616,1.1008516474569674,76.58279875512626,3.404124513806851,0.5535053858421367,0.08255113287744992,0.5310874578108907,0.06644313767743946,127.07423673927663,5.395948899359023,125.1172485451179,4.66385786463699,74.0182507545751,76.19394579513256,0.6452467534470745,0.4852219681182528,121.4358793650516,132.18970789793664,0.7956380628756818,-0.11519931748599166,6.161243589790075
2025-01-02 15:50:00,EQ_005,78.66320038607789,0.6039111787420268,111.36117039410234,0,15,3,0,75.83177998603459,2.4841429292837036,77.23861694128158,3.4312163391461525,0.5930684560500613,0.058360039100746906,0.5500965417400673,0.07187058900386038,120.13139090466518,8.196206835854408,122.98482503109275,7.8090848460472,74.81388881745079,74.0182507545751,0.5300474359610828,0.6452467534470745,127.59712295484168,121.4358793650516,3.849311568627101,0.07386374278094399,-16.235952560739335
2025-01-02 15:55:00,EQ_005,74.59641709945708,0.492423571346454,132.7946493165775,0,15,3,0,76.02450210099526,2.2877652779088513,75.65714057053869,1.8605592636228103,0.5421273953498545,0.0567169790699675,0.5513701815229781,0.07049524028476932,123.91764755517382,11.180447624876997,125.07570598570196,8.914671575645112,78.66320038607789,74.81388881745079,0.6039111787420268,0.5300474359610828,111.36117039410234,127.59712295484168,-4.0667832866208045,-0.11148760739557284,21.43347892247516
2025-01-02 16:15:00,EQ_005,76.73244237948997,0.5817889658025028,125.79857285295132,0,16,3,0,76.66401995500831,2.034254850360074,75.76483988741018,1.9142127305187613,0.5593745719636612,0.059026904366308836,0.5706835810598282,0.0603386172017693,123.31813085454371,10.929910752638625,123.79747897670488,8.056513965020795,74.59641709945708,78.66320038607789,0.492423571346454,0.6039111787420268,132.7946493165775,111.36117039410234,2.1360252800328823,0.08936539445604885,-6.996076463626181
2025-01-02 16:55:00,EQ_005,69.73292218413172,0.5638391925608383,125.72390311175675,0,16,3,0,73.68726055435958,3.587233608078458,74.90777417332149,3.32856917081404,0.5460172432365984,0.04727324655508796,0.5544020688825809,0.04394523775926199,128.10570842709515,4.060913553790149,124.65508372604593,7.970040727094623,76.73244237948997,74.59641709945708,0.5817889658025028,0.492423571346454,125.79857285295132,132.7946493165775,-6.999520195358244,-0.01794977324166458,-0.07466974119456893
2025-01-02 17:10:00,EQ_005,74.04658799618326,0.4455885997885807,108.38216156087636,0,17,3,0,73.50398418660164,3.5311662254751996,74.754314009068,3.351587980389222,0.5304055860506406,0.07399992877557819,0.5375103016480806,0.06622933563927617,119.96821250852811,10.03388390972062,120.81209144725285,10.44504247791467,69.73292218413172,76.73244237948997,0.5638391925608383,0.5817889658025028,125.72390311175675,125.79857285295132,4.313665812051539,-0.11825059277225758,-17.3417415508804
2025-01-02 17:50:00,EQ_005,76.00549523357483,0.2437666341204689,130.48707126416565,0,17,3,0,73.2616684712966,3.2091069101171574,74.22277297856738,2.729741305225385,0.4177314754899626,0.1618444475330632,0.465481392723769,0.13553666176211554,121.53104531226624,11.633649498016732,124.63727162126551,9.585418070541513,74.04658799618326,69.73292218413172,0.4455885997885807,0.5638391925608383,108.38216156087636,125.72390311175675,1.9589072373915712,-0.20182196566811178,22.104909703289294
2025-01-02 18:20:00,EQ_005,83.16715766150548,0.5022465892812047,118.60602799336766,0,18,3,0,77.73974696375453,4.8012414595313,75.93692109097705,4.87280307022378,0.3972006077300847,0.1358639765963143,0.4674459963107191,0.1360948631278688,119.15842027280321,11.062803043100292,121.79954735662355,8.6181589126195,76.00549523357483,74.04658799618326,0.2437666341204689,0.4455885997885807,130.48707126416565,108.38216156087636,7.161662427930651,0.2584799551607358,-11.881043270797988
2025-01-02 19:05:00,EQ_005,77.2676715075699,0.5591814133741378,134.94938227453235,0,19,3,0,78.81344146755008,3.822879249962115,76.04396691659305,4.900448641492046,0.43506487892527046,0.1680971665367138,0.4629244858250461,0.1316492488256328,128.01416051068853,8.447648962043376,123.62970924093975,10.45549069875018,83.16715766150548,76.00549523357483,0.5022465892812047,0.2437666341204689,118.60602799336766,130.48707126416565,-5.899486153935584,0.056934824092933156,16.343354281164693
2025-01-02 19:10:00,EQ_005,73.77921682354676,0.4645959289058976,120.4132563227062,0,19,3,0,78.07134866420738,4.745290404530448,76.85322584447606,3.810606738389534,0.5086746438537467,0.047619254322318325,0.44307583309405796,0.11955675375699014,124.65622219686873,8.959820134740262,122.56757988312965,10.459307703543784,77.2676715075699,83.16715766150548,0.5591814133741378,0.5022465892812047,134.94938227453235,118.60602799336766,-3.4884546840231394,-0.09458548446824022,-14.53612595182615
2025-01-02 19:40:00,EQ_005,73.51218248320004,0.5164760841236516,128.46770775216493,0,19,3,0,74.85302360477223,2.095404544615463,76.7463447418794,3.915071255374365,0.513417808801229,0.04736684762556773,0.4572533299610721,0.12404791941354112,127.94344878313449,7.282230085749456,126.58468912138736,6.900870475577891,73.77921682354676,77.2676715075699,0.4645959289058976,0.5591814133741378,120.4132563227062,134.94938227453235,-0.2670343403467257,0.05188015521775402,8.054451429458723
2025-01-02 19:50:00,EQ_005,74.24972206483737,0.5173341664370408,119.00905699758732,1,19,3,0,73.84704045719472,0.37341825421588776,76.39519010813191,4.073660842908626,0.4994687264888633,0.03020377600170275,0.5119668364243865,0.03397368064572809,122.6300070241528,5.104116601189802,124.2890862680717,7.181585943733671,73.51218248320004,73.77921682354676,0.5164760841236516,0.4645959289058976,128.46770775216493,120.4132563227062,0.7375395816373356,0.0008580823133891302,-9.458650754577604
2025-01-02 20:00:00,EQ_005,74.13464087858065,0.4776797745365195,124.32262950634156,0,20,3,0,73.96551514220602,0.39679187825472667,74.58868675154694,1.5257880783962237,0.5038300083657373,0.022650830521334837,0.5070534734754494,0.037340519672032,123.93313141869793,4.741339483149947,125.43240657066647,6.470486339767214,74.24972206483737,73.51218248320004,0.5173341664370408,0.5164760841236516,119.00905699758732,128.46770775216493,-0.1150811862567167,-0.03965439190052128,5.313572508754234
2025-01-02 20:05:00,EQ_005,75.07789523790734,0.6489863438602083,124.70044187368202,0,20,3,0,74.48741939377511,0.5145942204645574,74.15073149761443,0.5948652449488531,0.5480000949445895,0.08967599763473796,0.5250144595726635,0.07312983335678315,122.67737612587028,3.182469083341482,123.38261849049641,3.7557810038019603,74.13464087858065,74.24972206483737,0.4776797745365195,0.5173341664370408,124.32262950634156,119.00905699758732,0.9432543593266871,0.17130656932368876,0.37781236734046786
2025-01-02 20:25:00,EQ_005,70.76519325840836,0.3356811188845833,111.03357772684792,0,20,3,0,73.32590979163211,2.2672415110088378,73.54792678458675,1.652455524698703,0.4874490790937703,0.15688091178631647,0.4992314975684007,0.1120990627824057,120.0188830356238,7.783795293118086,121.50668277132475,6.75480543355075,75.07789523790734,74.13464087858065,0.6489863438602083,0.4776797745365195,124.70044187368202,124.32262950634156,-4.312701979498982,-0.31330522497562496,-13.6668641468341
2025-01-02 20:35:00,EQ_005,64.23304943198143,0.6661470165728018,116.30792799552556,0,20,3,0,70.02537930943238,5.460143189322266,71.69210017434304,4.485187773298429,0.5502714931058644,0.18603868872712828,0.5291656840582307,0.1354141209602809,117.3473158653518,6.892462496086783,119.07472681999688,5.733862560907922,70.76519325840836,75.07789523790734,0.3356811188845833,0.6489863438602083,111.03357772684792,124.70044187368202,-6.532143826426932,0.33046589768821855,5.274350268677637
2025-01-02 21:25:00,EQ_005,86.45471286295371,0.5246504778432005,124.55904195170704,0,21,3,0,73.8176518511145,11.420976709764897,74.1330983339663,8.094266196353999,0.5088262044335284,0.16580028077608341,0.5306289463394627,0.13529378516510623,117.30018255802683,6.817108805211413,120.18472381082083,6.23341104070766,64.23304943198143,70.76519325840836,0.6661470165728018,0.3356811188845833,116.30792799552556,111.03357772684792,22.221663430972285,-0.14149653872960133,8.251113956181484
2025-01-02 21:30:00,EQ_005,68.05213766618202,0.5498221748496785,115.40909689781007,0,21,3,0,72.91329998703905,11.881656270997878,72.91659769148657,8.53884202084339,0.5802065564218936,0.07548328027291121,0.5450574264020945,0.13204307370953486,118.75868894834754,5.043316920266109,118.40201728911453,6.025275698344517,86.45471286295371,64.23304943198143,0.5246504778432005,0.6661470165728018,124.55904195170704,116.30792799552556,-18.402575196771693,0.025171697006478033,-9.149945053896971
2025-01-02 22:05:00,EQ_005,79.26707779390154,0.5466358374446334,115.8403307205264,0,22,3,0,77.92464277434574,9.274442964647884,73.75443420268542,8.997150001211473,0.5403694967125041,0.013705978701824169,0.5245873251189794,0.11921371515407267,118.60282319001448,5.162741239430716,116.6299950584834,4.909367598357006,68.05213766618202,86.45471286295371,0.5498221748496785,0.5246504778432005,115.40909689781007,124.55904195170704,11.214940127719515,-0.0031863374050451476,0.4312338227163224
2025-01-02 22:10:00,EQ_005,78.79464294893383,0.5987334516589102,110.5425393930322,0,22,3,0,75.37128613633912,6.3429685019584925,75.36032414079051,9.046664618707272,0.5650638213177407,0.02920224635191548,0.5771977916738449,0.056613661987954714,113.9306556704562,2.9421063176702393,116.53178739172024,5.052142284792147,79.26707779390154,68.05213766618202,0.5466358374446334,0.5498221748496785,115.8403307205264,115.40909689781007,-0.47243484496770805,0.05209761421427683,-5.2977913274941955
2025-01-02 22:15:00,EQ_005,76.40595711984687,0.4924048976357477,126.08246191684968,0,22,3,0,78.15589262089408,1.5337875876581217,77.7949056783636,6.614562201302719,0.5459247289130971,0.05316784372787638,0.542449367886434,0.03892631624437667,117.48844401013609,7.899968738742267,118.48669417598508,6.598362199118185,78.79464294893383,79.26707779390154,0.5987334516589102,0.5466358374446334,110.5425393930322,115.8403307205264,-2.3886858290869526,-0.10632855402316255,15.53992252381748
2025-01-02 22:25:00,EQ_005,74.6870343605024,0.515175799224874,127.76027913843475,0,22,3,0,76.6292114764277,2.0628848634226844,75.44136997787334,4.52715928166615,0.5354380495065106,0.05598535022683103,0.5405544321627688,0.040218545284515496,121.46176014943886,9.493461123458578,119.12694161333062,7.43689991670465,76.40595711984687,78.79464294893383,0.4924048976357477,0.5987334516589102,126.08246191684968,110.5425393930322,-1.7189227593444798,0.022770901589126313,1.677817221585073
2025-01-02 22:50:00,EQ_005,70.05704446424541,0.7023606219229639,129.75312458477978,0,22,3,0,73.71667864819823,3.2838035314883767,75.84235133748601,3.727162508969851,0.5699804395945285,0.11520856302713695,0.5710621215774259,0.0835342474113253,127.86528854668806,1.8375830150770367,121.99574715072455,8.354236808970153,74.6870343605024,76.40595711984687,0.515175799224874,0.4924048976357477,127.76027913843475,126.08246191684968,-4.629989896256987,0.1871848226980899,1.9928454463450294
2025-01-02 23:15:00,EQ_005,67.14749698188412,0.637284847467653,116.69210775672444,0,23,3,0,70.6305252688773,3.8023435070831026,73.41843517508252,4.745046222776262,0.6182737562051637,0.09502949886941364,0.5891919235820298,0.08668511900330923,124.73517049331298,7.036405465987524,122.16610255796418,8.204685021528322,70.05704446424541,74.6870343605024,0.7023606219229639,0.515175799224874,129.75312458477978,127.76027913843475,-2.9095474823612903,-0.06507577445531088,-13.061016828055344
2025-01-02 23:50:00,EQ_005,75.5268775307298,0.3401875648116252,115.90313407370505,0,23,3,0,70.91047299228644,4.2543812458393555,72.76488209144172,3.9833439344010655,0.5599443447340807,0.1930763989892461,0.5374827462125726,0.14017861305666454,120.78278880506974,7.7785482494283364,123.23822149409872,6.473750530595317,67.14749698188412,70.05704446424541,0.637284847467653,0.7023606219229639,116.69210775672444,129.75312458477978,8.379380548845688,-0.2970972826560278,-0.7889736830193925
2025-01-02 23:55:00,EQ_005,68.32987252540897,0.5462172666081943,127.12322159580162,0,23,3,0,70.33474901267431,4.535212441825183,71.14966517255414,3.7694618187461795,0.5078965596291575,0.15221056559230328,0.548245220007062,0.1378996912952503,119.90615447541035,6.262600357143969,123.44637342988912,6.603496607773172,75.5268775307298,67.14749698188412,0.3401875648116252,0.637284847467653,115.90313407370505,116.69210775672444,-7.1970050053208325,0.20602970179656904,11.220087522096577
2025-01-03 00:25:00,EQ_005,77.76244977208574,0.5019147777415752,101.16849791941416,1,0,4,0,73.87306660940817,4.928965033477469,71.76474825487081,4.641111747446329,0.46277320305379827,0.10844863603280101,0.5455930157104023,0.13881917355753798,114.73161786297358,13.016960396091484,118.128017186085,11.299270539656906,68.32987252540897,75.5268775307298,0.5462172666081943,0.3401875648116252,127.12322159580162,115.90313407370505,9.432577246676772,-0.04430248886661903,-25.95472367638746
2025-01-03 00:45:00,EQ_005,72.85297229437373,0.4809096208272701,124.25444864184172,0,0,4,0,72.98176486395614,4.717607340921484,72.32393382089649,4.551489037845641,0.5096805550590132,0.03333920548498009,0.5013028154912635,0.10826218387267666,117.51538938568582,14.229304621902429,117.0282819974974,10.087579142678907,77.76244977208574,68.32987252540897,0.5019147777415752,0.5462172666081943,101.16849791941416,127.12322159580162,-4.9094774777120165,-0.0210051569143051,23.085950722427555
2025-01-03 01:20:00,EQ_005,67.98697364100153,0.4686941969476845,129.00398588395063,0,1,4,0,72.86746523582035,4.887754180742279,72.49182915271996,4.322527931893151,0.4838395318388433,0.016802976848543733,0.4675846853872699,0.07708834108000495,118.14231081506883,14.8903414724467,119.49065762294262,11.402028478423915,72.85297229437373,77.76244977208574,0.4809096208272701,0.5019147777415752,124.25444864184172,101.16849791941416,-4.865998653372202,-0.01221542387958563,4.749537242108914
2025-01-03 01:35:00,EQ_005,71.53547401102047,0.5604515326355367,108.2195913262362,0,1,4,0,70.79180664879858,2.5167968894770043,71.69354844877809,3.976613728310515,0.5033517834701637,0.04982559744951286,0.5116374789520521,0.040191514043481695,120.49267528400951,10.890866282323941,117.95394907344887,12.473815155247623,67.98697364100153,72.85297229437373,0.4686941969476845,0.4809096208272701,129.00398588395063,124.25444864184172,3.5485003700189424,0.09175733568785222,-20.784394557714435
2025-01-03 01:40:00,EQ_005,71.40796367215401,0.5882333062323409,136.67224111551138,0,1,4,0,70.31013710805867,2.012928486715747,72.3091666781271,3.5399908510617397,0.5391263452718541,0.06255775231107984,0.5200406868768815,0.051912235382657844,124.63193944189938,14.721562844221912,119.86375297739082,14.751664327579695,71.53547401102047,67.98697364100153,0.5604515326355367,0.4686941969476845,108.2195913262362,129.00398588395063,-0.12751033886645757,0.027781773596804227,28.452649789275185
2025-01-03 01:45:00,EQ_005,79.47462188472221,0.4547909667166919,135.23238621712258,0,1,4,0,74.13935318929889,4.620918064725108,72.65160110065439,4.217383254122494,0.5344919351948565,0.07040696001329766,0.5106159246719048,0.05971676359197185,126.70807288629003,16.02767164404868,126.67653063693248,11.457083295031774,71.40796367215401,71.53547401102047,0.5882333062323409,0.5604515326355367,136.67224111551138,108.2195913262362,8.0666582125682,-0.13344233951564904,-1.439854898388802
2025-01-03 01:50:00,EQ_005,73.52525160853986,0.4529957852240498,127.35621997245748,0,1,4,0,74.80261238847203,4.1822818653434295,72.78605696348761,4.236083362188145,0.4986733527243608,0.07756638849019325,0.5050331575512608,0.06431591357094607,133.08694910169712,5.0149015739732485,127.29688490305566,11.376844134486308,79.47462188472221,71.40796367215401,0.4547909667166919,0.5882333062323409,135.23238621712258,136.67224111551138,-5.94937027618235,-0.0017951814926420728,-7.8761662446651
2025-01-03 01:55:00,EQ_005,81.23871036336867,0.5265878229652049,137.8179890877106,0,1,4,0,78.07952795221024,4.04154386355144,75.43640430796106,4.611725613482451,0.4781248583019822,0.04197975556276507,0.5166118827547648,0.0612778428767876,133.4688650924302,5.449280532615468,129.05968554380766,12.34881005250906,73.52525160853986,79.47462188472221,0.4529957852240498,0.4547909667166919,127.35621997245748,135.23238621712258,7.713458754828807,0.07359203774115508,10.46176911525312
2025-01-03 02:10:00,EQ_005,70.82326473370121,0.7099721789166515,112.64696539318048,0,2,4,0,75.19574223520324,5.404931185174119,75.2939624524972,4.7705975431614895,0.5631852623686354,0.13233951094431173,0.5465160120109879,0.10725542015186033,125.94039148444949,12.64509929530963,129.94516035719647,10.501428073976571,81.23871036336867,73.52525160853986,0.5265878229652049,0.4529957852240498,137.8179890877106,127.35621997245748,-10.41544562966746,0.18338435595144664,-25.17102369453012
2025-01-03 03:00:00,EQ_005,79.81939558397455,0.3133460048639384,127.79349003905332,0,3,4,0,77.29379022701481,5.648397005387262,76.9762488348613,4.534934531514218,0.5166353355819316,0.19850030098153246,0.4915385517373073,0.14450797081207334,126.08614817331478,12.67207049548441,128.1694101419049,9.807262511337703,70.82326473370121,81.23871036336867,0.7099721789166515,0.5265878229652049,112.64696539318048,137.8179890877106,8.996130850273346,-0.39662617405271317,15.146524645872844
2025-01-03 03:40:00,EQ_005,83.3885040703822,0.5014273067836434,130.074439731952,1,3,4,0,78.01038812935265,6.475005086884276,77.7590252719933,5.34027104595425,0.5082484968547445,0.19840105080722956,0.5008658197506977,0.14304075235876235,123.50496505472859,9.47221201003324,127.13782084487077,9.126228905964389,79.81939558397455,70.82326473370121,0.3133460048639384,0.7099721789166515,127.79349003905332,112.64696539318048,3.569108486407643,0.18808130191970507,2.280949692898673
2025-01-03 04:30:00,EQ_005,75.17041734129613,0.4101215951676872,124.41307151699246,0,4,4,0,79.45943899855097,4.120851117091914,78.08805841854455,5.057388577736997,0.40829830227175634,0.09405390651478097,0.4922909817394251,0.14783264371954077,127.42700042933257,2.8484221056337504,126.54919115377777,9.203210748577112,83.3885040703822,79.81939558397455,0.5014273067836434,0.3133460048639384,130.074439731952,127.79349003905332,-8.218086729086068,-0.09130571161595624,-5.661368214959538
2025-01-03 05:05:00,EQ_005,76.87028284923787,0.4987911052153945,130.5811832508715,0,5,4,0,78.47640142030541,4.338081375440224,77.21437291571839,4.744693213881995,0.47011333572224173,0.051971088989465036,0.486731638189463,0.14673906175592674,128.35623149993864,3.4242634590262333,125.10182998640997,7.375520896555312,75.17041734129613,83.3885040703822,0.4101215951676872,0.5014273067836434,124.41307151699246,130.074439731952,1.6998655079417375,0.08866951004770729,6.168111733879044
2025-01-03 05:15:00,EQ_005,68.95179490654397,0.5363631882624967,121.48089419798276,0,5,4,0,73.66416503235932,4.168598066290472,76.84007895028694,5.403052527879149,0.48175862954852616,0.06482139984052916,0.45200984005863204,0.09045488432270056,125.49171632194889,4.645042644903933,126.8686157473704,3.8721150003798175,76.87028284923787,75.17041734129613,0.4987911052153945,0.4101215951676872,130.5811832508715,124.41307151699246,-7.9184879426939005,0.037572083047102245,-9.10028905288874
2025-01-03 05:25:00,EQ_005,77.09509504683022,0.4579238206318947,112.87779236350949,0,5,4,0,74.30572426753736,4.6380011678445285,76.29521884285808,5.159366467854273,0.49769270470326193,0.03923121794357152,0.4809254032122233,0.04836091242988896,121.64662327078788,8.85285896317473,123.88547621226164,7.251986579172519,68.95179490654397,76.87028284923787,0.5363631882624967,0.4987911052153945,121.48089419798276,130.5811832508715,8.143300140286257,-0.07843936763060205,-8.603101834473279
2025-01-03 05:30:00,EQ_005,71.47494072120796,0.2395786143372865,131.8673462017733,0,5,4,0,72.50727689152738,4.168647594857275,73.91250617302322,3.5710655592751412,0.411288541077226,0.15379014209093114,0.4285556647229519,0.11561802228375118,122.07534425442184,9.508723200108454,124.24405750622591,7.666963442874514,77.09509504683022,68.95179490654397,0.4579238206318947,0.5363631882624967,112.87779236350949,121.48089419798276,-5.620154325622266,-0.21834520629460819,18.989553838263816
2025-01-03 05:40:00,EQ_005,77.7916345626086,0.543673855173351,117.61889563687946,0,5,4,0,75.4538901102156,3.463426122277417,74.43674961728573,3.9718124806543025,0.41372543004751067,0.15679158833455767,0.4552661167240847,0.12531485339825618,120.78801140072073,9.883484192710135,122.8852223302033,8.212206655624316,71.47494072120796,77.09509504683022,0.2395786143372865,0.4579238206318947,131.8673462017733,112.87779236350949,6.3166938414006495,0.3040952408360645,-14.248450564893844
2025-01-03 05:55:00,EQ_005,70.39663203460317,0.3928946320350951,131.72756845267446,0,5,4,0,73.22106910613991,3.9947764455349533,73.14201945435879,4.034848592043002,0.39204903384857753,0.15204938392511122,0.4340868220880248,0.12506819619875478,127.07127009710905,8.186294745309771,123.1144993705639,8.492022480976887,77.7916345626086,71.47494072120796,0.543673855173351,0.2395786143372865,117.61889563687946,131.8673462017733,-7.395002528005435,-0.15077922313825587,14.108672815795003
2025-01-03 06:25:00,EQ_005,81.18046587605218,0.4918477326898354,126.4648953772577,0,6,4,0,76.45624415775465,5.5145461037176355,75.58775364826042,4.535156365002034,0.47613873996609385,0.07660726383209328,0.4251837309734926,0.11731129246620749,125.27045315560387,7.129774282643192,124.11129960641888,8.544679883712014,70.39663203460317,77.7916345626086,0.3928946320350951,0.543673855173351,131.72756845267446,117.61889563687946,10.78383384144901,0.09895310065474028,-5.262673075416757
2025-01-03 06:30:00,EQ_005,80.45655060297135,0.5347676483538336,117.84332362452368,0,6,4,0,77.34454950454223,6.027950000411691,76.26004475948865,5.0359656974420455,0.47317000435958806,0.07275734561903828,0.4405524965178803,0.1272826422437066,125.34526248481859,7.00951117927503,125.10440585862173,7.074792489054836,81.18046587605218,70.39663203460317,0.4918477326898354,0.3928946320350951,126.4648953772577,131.72756845267446,-0.7239152730808343,0.04291991566399822,-8.621571752734027
2025-01-03 07:00:00,EQ_005,86.59664769990847,0.5679373282956504,131.70198709196603,0,7,4,0,82.74455472631067,3.355589149252451,79.28438615522876,5.9088648936162675,0.5315175697797732,0.03814877321641292,0.5062242393095531,0.06905792696713169,125.33673536458245,6.997870893107766,125.07133403666026,7.0355526146006735,80.45655060297135,81.18046587605218,0.5347676483538336,0.4918477326898354,117.84332362452368,126.4648953772577,6.140097096937126,0.03316967994181674,13.858663467442355
2025-01-03 07:30:00,EQ_005,78.54054338344295,0.6194109403047372,98.4761645539082,0,7,4,0,81.86458056210759,4.2085764177227745,79.43416791939562,5.8709360239983575,0.5740386389847404,0.04265021936831122,0.5213716563358304,0.08564099989049946,116.00715842346595,16.68884201545484,121.24278782006601,13.932617964887683,86.59664769990847,80.45655060297135,0.5679373282956504,0.5347676483538336,131.70198709196603,117.84332362452368,-8.056104316465522,0.051473612009086844,-33.22582253805783
2025-01-03 08:00:00,EQ_005,69.48316696913064,0.4402489805308358,113.72266093915496,0,8,4,0,78.20678601749403,8.561620825823232,79.25147490630113,6.225954556323514,0.5425324163770745,0.09224320636068124,0.5308425260349784,0.06885415626757291,114.63360419500971,16.631632031889414,117.64180631736212,12.828266814919349,78.54054338344295,86.59664769990847,0.6194109403047372,0.5679373282956504,98.4761645539082,131.70198709196603,-9.057376414312316,-0.17916195977390142,15.246496385246758
2025-01-03 08:15:00,EQ_005,87.46499758716395,0.5978858050781796,95.1219134346492,0,8,4,0,78.49623597991251,8.990997189045046,80.50838124852346,7.26105917638219,0.5525152419712508,0.09781931279142234,0.5520501405126474,0.07015869892419661,102.44024630923742,9.913748536945974,111.37320992884042,14.925480640318748,69.48316696913064,78.54054338344295,0.4402489805308358,0.6194109403047372,113.72266093915496,98.4761645539082,17.981830618033314,0.1576368245473438,-18.60074750450576
2025-01-03 08:20:00,EQ_005,74.96964544230053,0.5085318142565024,132.76965386088187,0,8,4,0,77.30593666619838,9.21576098898278,79.41100021638931,7.673747515369753,0.5155555332885059,0.0790527772132196,0.5468029736931811,0.07270912687844727,113.87140941156197,18.824310993533935,114.35847597611205,17.765600638699794,87.46499758716395,69.48316696913064,0.5978858050781796,0.4402489805308358,95.1219134346492,113.72266093915496,-12.495352144863418,-0.08935399082167717,37.64774042623267
2025-01-03 08:30:00,EQ_005,75.40914679273783,0.4169555593443435,107.92978352142784,0,8,4,0,79.28126327406744,7.090727807480274,77.1735000349552,6.612391199028708,0.5077910595596751,0.0904673974062881,0.5166066199029198,0.09083096895220727,111.94045027231961,19.141634612547644,109.60403526200442,14.916211319789126,74.96964544230053,87.46499758716395,0.5085318142565024,0.5978858050781796,132.76965386088187,95.1219134346492,0.4395013504372969,-0.09157625491215893,-24.839870339454038
2025-01-03 08:35:00,EQ_005,74.50555173404429,0.5522514105265758,109.24687606950762,0,8,4,0,74.96144798969421,0.4518533016325688,76.36650170507545,6.649958243731948,0.49257959470914053,0.06904416570678985,0.5031747139472873,0.07549967218555888,116.64877115060574,13.97661717705368,111.75817756512429,13.629653805477307,75.40914679273783,74.96964544230053,0.4169555593443435,0.5085318142565024,107.92978352142784,132.76965386088187,-0.90359505869354,0.1352958511822323,1.3170925480797848
2025-01-03 08:40:00,EQ_005,79.59538241493884,0.5418398220888684,136.76393027208204,1,8,4,0,76.50336031390698,2.715616230706438,78.38894479423709,5.465385893980645,0.5036822639865959,0.07528772321585672,0.5234928822588939,0.06758698995445656,117.9801966210058,16.28051505945012,116.36643143170973,17.736391307484414,74.50555173404429,75.40914679273783,0.5522514105265758,0.4169555593443435,109.24687606950762,107.92978352142784,5.089830680894551,-0.010411588437707398,27.517054202574414
2025-01-03 08:45:00,EQ_005,73.54862727905675,0.6401598592946429,110.54493120057268,0,8,4,0,75.88318714267996,3.250264821160669,75.60567073261566,2.3346647895244566,0.5780836973033624,0.05401099618711744,0.5319476931021866,0.08060933921931702,118.85191251405406,15.525834016366163,119.4510349848944,14.082832909796052,79.59538241493884,74.50555173404429,0.5418398220888684,0.5522514105265758,136.76393027208204,109.24687606950762,-6.046755135882094,0.09832003720577454,-26.21899907150936
2025-01-03 09:10:00,EQ_005,74.12520121652295,0.4616028728047648,122.1662497540462,0,9,4,0,75.75640363683952,3.3371286940069425,75.43678188746011,2.4211197474438593,0.5478675180627587,0.08943097447278478,0.5225619048118391,0.08653191250761828,123.15837040890028,13.137625570219802,117.33035416352728,12.25566275043068,73.54862727905675,79.59538241493884,0.6401598592946429,0.5418398220888684,110.54493120057268,136.76393027208204,0.5765739374662076,-0.1785569864898781,11.621318553473529
2025-01-03 09:30:00,EQ_005,75.14090578684564,0.5606723059136183,125.32006198821944,0,9,4,0,74.27157809414177,0.806168316369639,75.3831336862817,2.4248542042180876,0.5541450126710087,0.08945727205707148,0.551305254125694,0.06348206311461385,119.34374764761274,7.781453016862168,120.8084098568856,11.355454895176063,74.12520121652295,73.54862727905675,0.4616028728047648,0.6401598592946429,122.1662497540462,110.54493120057268,1.0157045703226828,0.09906943310885347,3.1538122341732304
2025-01-03 09:35:00,EQ_005,74.95440501677898,0.4816803381279612,123.61661061247015,0,9,4,0,74.74017067338252,0.5406812452471493,75.47290434282863,2.3923333788444405,0.5013185056154481,0.05237300221323371,0.5371910396459711,0.07065862971536047,123.70097411824524,1.5785977330957799,123.6823567654781,9.336815534557998,75.14090578684564,74.12520121652295,0.5606723059136183,0.4616028728047648,125.32006198821944,122.1662497540462,-0.1865007700666581,-0.07899196778565709,-1.7034513757492817
2025-01-03 10:50:00,EQ_005,74.64750610970454,0.5457772866151885,104.51039474946523,0,10,4,0,74.91427230444305,0.249136079885726,74.48332908178176,0.6486903698929453,0.529376643552256,0.04197223562452783,0.5379785325512352,0.07074528172684995,117.81568911671825,11.55415857156323,117.23164966095473,9.179909431721935,74.95440501677898,75.14090578684564,0.4816803381279612,0.5606723059136183,123.61661061247015,125.32006198821944,-0.3068989070744408,0.06409694848722736,-19.10621586300492
2025-01-03 11:10:00,EQ_005,70.30332303090623,0.3908299123860685,119.97596159081148,0,11,4,0,73.30174471912993,2.6012393584787814,73.83426823215166,2.0109438068163987,0.4727625123764061,0.07785767725296028,0.48811254316952024,0.06855324197809445,116.03432231758227,10.144666641695697,119.1178557390025,8.398111782628405,74.64750610970454,74.95440501677898,0.5457772866151885,0.4816803381279612,104.51039474946523,123.61661061247015,-4.344183078798309,-0.15494737422912003,15.465566841346245
2025-01-03 11:15:00,EQ_005,74.27956222139193,0.4612900297525599,114.10728348210694,0,11,4,0,73.07679712066756,2.4089343227183178,73.86514043312546,2.0177003771736297,0.46596574291793896,0.07757943616273892,0.4880499745590793,0.0685836222647737,112.8645466074612,7.807319362991503,117.50606248461466,8.440036535025394,70.30332303090623,74.64750610970454,0.3908299123860685,0.5457772866151885,119.97596159081148,104.51039474946523,3.9762391904856997,0.07046011736649138,-5.868678108704543
2025-01-03 12:50:00,EQ_005,62.230394325490224,0.4521162543991596,117.1561535039349,0,12,4,0,68.9377598592628,6.139558927782959,71.28303814085437,5.401109556396888,0.43474539884592933,0.038307531920151405,0.4663387642561876,0.055846215048357975,117.07979952561773,2.93508400789511,115.87328078775775,7.257252141043519,74.27956222139193,70.30332303090623,0.4612900297525599,0.3908299123860685,114.10728348210694,119.97596159081148,-12.049167895901704,-0.009173775353400304,3.048870021827966
2025-01-03 12:55:00,EQ_005,79.67159955619637,0.4137224235956879,135.9058207261785,0,12,4,0,72.06051870102618,8.929839056996572,72.22647704873786,6.502433790081874,0.4423762359158025,0.02523529787650643,0.4527471813497329,0.0593394024385007,122.38975257074007,11.804108432632349,118.33112281049941,11.421573853032378,62.230394325490224,74.27956222139193,0.4521162543991596,0.4612900297525599,117.1561535039349,114.10728348210694,17.441205230706146,-0.038393830803471696,18.749667222243588
2025-01-03 13:35:00,EQ_005,62.04478853927545,0.5261250531233856,118.34368589682369,1,13,4,0,67.98226080698736,10.123689676807043,69.70593353465203,7.667566138209459,0.4639879103727444,0.05713396487949746,0.44881673465137234,0.05181005754464811,123.801886708979,10.499117692243424,121.0977810399711,8.551681735507584,79.67159955619637,62.230394325490224,0.4137224235956879,0.4521162543991596,135.9058207261785,117.1561535039349,-17.626811016920918,0.11240262952769775,-17.562134829354804
2025-01-03 13:45:00,EQ_005,76.95902002701273,0.5143388467342251,98.71265905585189,0,13,4,0,72.89180270749485,9.491196405074621,71.03707293387335,8.345013644235404,0.4847287744844329,0.06177503593818225,0.4735185215210036,0.04641366311153809,117.65405522628465,18.606168643895362,116.84512053297917,13.24702459470045,62.04478853927545,79.67159955619637,0.5261250531233856,0.4137224235956879,118.34368589682369,135.9058207261785,14.914231487737275,-0.011786206389160503,-19.6310268409718
2025-01-03 13:55:00,EQ_005,75.91679959889578,0.5408652811480671,110.20278775283194,0,13,4,0,71.64020272172799,8.32619576125887,71.36452040937411,8.5340332960081,0.5271097270018926,0.013290602607227744,0.48943357180010505,0.05416760652855233,109.08637756850248,9.863015891830294,116.06422138712419,13.560148027542864,76.95902002701273,62.04478853927545,0.5143388467342251,0.5261250531233856,98.71265905585189,118.34368589682369,-1.0422204281169485,0.02652643441384195,11.490128696980051
2025-01-03 15:00:00,EQ_005,68.14049428534322,0.5160018225852787,134.50927548279213,0,15,4,0,73.67210463708392,4.8187748098256415,72.54654040134471,7.2679970764742885,0.5237353168225236,0.014858268086022568,0.5022106854373289,0.050580468056890565,114.47490743049195,18.276698055435535,119.53484578289563,15.924132586088286,75.91679959889578,76.95902002701273,0.5408652811480671,0.5143388467342251,110.20278775283194,98.71265905585189,-7.776305313552555,-0.024863458562788376,24.306487729960196
2025-01-03 15:10:00,EQ_005,82.35585163746805,0.6117398815902461,103.17341305877316,0,15,4,0,75.4710485072357,7.118154022563712,73.08339081759905,7.989214653744031,0.5562023284411973,0.04967758800770655,0.5418141770362406,0.04049019815782696,115.96182543146573,16.442595741007718,112.98836424941457,14.139638895040942,68.14049428534322,75.91679959889578,0.5160018225852787,0.5408652811480671,134.50927548279213,110.20278775283194,14.215357352124826,0.09573805900496735,-31.33586242401897
2025-01-03 15:30:00,EQ_005,71.97192230131569,0.4586534838876724,125.05965553455866,0,15,4,0,74.15608940804232,7.355068702924048,75.0688175700071,5.3615582667771395,0.5287983960210657,0.07734129239391319,0.528319863189098,0.055490752230015525,120.91411469204128,16.073991418499514,114.33155817696156,15.064306373321765,82.35585163746805,68.14049428534322,0.6117398815902461,0.5160018225852787,103.17341305877316,134.50927548279213,-10.383929336152363,-0.15308639770257365,21.886242475785494
2025-01-03 15:35:00,EQ_005,84.13004856773468,0.5260280506582886,112.71727797593388,0,15,4,0,79.48594083550614,6.567518525741704,76.50302327815147,6.768189196371608,0.5321404720454024,0.076726022715881,0.5306577039739105,0.054998523657688224,113.65011552308853,10.972900338755332,117.13248196097796,12.521614578698493,71.97192230131569,82.35585163746805,0.4586534838876724,0.6117398815902461,125.05965553455866,103.17341305877316,12.15812626641899,0.0673745667706162,-12.342377558624776
2025-01-03 15:55:00,EQ_005,71.9714253849833,0.4951347648429549,130.2698626331973,1,15,4,0,76.02446541801123,7.019640924544681,75.71394843536899,7.076582256237999,0.4932720997963053,0.03372588327515116,0.5215116007128882,0.056654167910512095,122.68226538122991,9.014560166389606,121.14589693705102,12.953724723872405,84.13004856773468,71.97192230131569,0.5260280506582886,0.4586534838876724,112.71727797593388,125.05965553455866,-12.15862318275137,-0.030893285815333738,17.552584657263424
2025-01-03 16:00:00,EQ_005,78.71047686004654,0.5032796995411587,131.0590042435731,0,16,4,0,78.27065027092151,6.091232633581743,77.82794495030964,5.691861168121177,0.5081475050141341,0.016011571587731893,0.5189671761040642,0.05724607639153159,124.68204828423472,10.369304823280354,120.4558426892072,12.129559687767562,71.9714253849833,84.13004856773468,0.4951347648429549,0.5260280506582886,130.2698626331973,112.71727797593388,6.739051475063235,0.00814493469820382,0.7891416103757933
2025-01-03 16:10:00,EQ_005,81.50870644699398,0.4769599285794232,111.83782755458036,0,16,4,0,77.39686956400794,4.902459139054776,77.65851591221482,5.533797734417442,0.491791464321179,0.013474636531416813,0.49201118550189954,0.025657162077824695,124.38889814378355,10.8767051914483,122.18872558836865,9.341818186188199,78.71047686004654,71.9714253849833,0.5032796995411587,0.4951347648429549,131.0590042435731,130.2698626331973,2.7982295869474427,-0.02631977096173549,-19.221176688992742
2025-01-03 16:45:00,EQ_005,75.68267665541369,0.4349976065593102,119.2433439567417,0,16,4,0,78.63395332081807,2.9137686373728613,78.40066678303444,4.777664799870357,0.4717457448932974,0.03443837741720749,0.4872800100362271,0.03412862319218003,120.71339191829834,9.694544294825205,121.02546327280527,9.256692257782086,81.50870644699398,78.71047686004654,0.4769599285794232,0.5032796995411587,111.83782755458036,131.0590042435731,-5.8260297915802965,-0.04196232202011302,7.405516402161339
2025-01-03 17:20:00,EQ_005,69.7654450865903,0.4278262446662746,124.914294527202,0,17,4,0,75.65227606299932,5.8716897049914305,75.52774608680556,4.7900207524984335,0.4465945932683361,0.026540484156593658,0.46763964883782433,0.03450968091917512,118.66515534617464,6.557379329698663,123.46486658305889,8.048121353284468,75.68267665541369,81.50870644699398,0.4349976065593102,0.4769599285794232,119.2433439567417,111.83782755458036,-5.917231568823382,-0.007171361893035577,5.670950570460306
2025-01-03 17:55:00,EQ_005,82.50666825977743,0.5829732417879174,121.26177903661969,0,17,4,0,75.9849300005938,6.375986966795416,77.63479466176439,5.138989796484149,0.48193236433783415,0.08757740173562106,0.4852073442268168,0.0627821809130845,121.8064725068544,2.874445742319528,121.66324986374336,7.095870960408293,69.7654450865903,75.68267665541369,0.4278262446662746,0.4349976065593102,124.914294527202,119.2433439567417,12.741223173187123,0.15514699712164282,-3.652515490582317
2025-01-03 18:20:00,EQ_005,77.27943886040804,0.3877455193755586,139.91553302204733,0,18,4,0,76.51718406892526,6.404722184653633,77.34858706183668,5.103833757971727,0.46618166860991694,0.1031107162665537,0.46210050819369686,0.07461396799566958,128.69720219528963,9.885516033883675,123.43455561943821,10.37525371341699,82.50666825977743,69.7654450865903,0.5829732417879174,0.4278262446662746,121.26177903661969,124.914294527202,-5.227229399369392,-0.1952277224123588,18.65375398542764
2025-01-03 18:55:00,EQ_005,77.53917878144811,0.3673527871688917,114.67831436872812,1,18,4,0,79.10842863387786,2.945825966163185,76.55468152872751,4.5764281389355075,0.44602384944412266,0.11903914452487599,0.4401790799115905,0.08459101615389221,125.28520880913167,13.090847630677425,124.00265298226778,9.632724749950015,77.27943886040804,82.50666825977743,0.3877455193755586,0.5829732417879174,139.91553302204733,121.26177903661969,0.2597399210400795,-0.02039273220666693,-25.237218653319204
2025-01-03 19:25:00,EQ_005,65.16821705311999,0.5514254756017835,130.63940987560855,0,19,4,0,73.32894489832539,7.0685907668558,74.45178960826877,6.902086399287123,0.43550792738207794,0.10090403545282099,0.46346465372008516,0.09780130776962602,128.4110857554613,12.765319135344114,126.28186616604114,9.573126453889296,77.53917878144811,77.27943886040804,0.3673527871688917,0.3877455193755586,114.67831436872812,139.91553302204733,-12.370961728328126,0.18407268843289176,15.961095506880426
2025-01-03 20:10:00,EQ_005,74.16439143106794,0.5225307922040942,142.7243472044688,1,20,4,0,72.29059575521201,6.394803061633936,75.3315788771643,6.418835829045866,0.48043635165825654,0.09899315683610906,0.48240556322764905,0.09834290195084384,129.34735714960178,14.067588266684043,129.84387670149448,11.954333269226215,65.16821705311999,77.53917878144811,0.5514254756017835,0.3673527871688917,130.63940987560855,114.67831436872812,8.996174377947952,-0.028894683397689302,12.084937328860264
2025-01-03 20:45:00,EQ_005,80.86736928742663,0.6381454078690487,113.85877434991684,0,20,4,0,73.39999259053819,7.877440854080519,75.00371908269415,5.988142892305722,0.5707005585583088,0.06016919025609735,0.4934399964438754,0.1142558019449802,129.07417714333135,14.496302603940258,128.3632757641539,13.62474345473713,74.16439143106794,65.16821705311999,0.5225307922040942,0.5514254756017835,142.7243472044688,130.63940987560855,6.702977856358686,0.11561461566495457,-28.86557285455197
2025-01-03 21:30:00,EQ_005,76.54416506299482,0.4083808084518757,115.22354417395997,0,21,4,0,77.19197526049646,3.3981203002100204,74.8566643232115,5.9270011176563795,0.5230190028416729,0.11488307772928745,0.4975670542591387,0.10976808855539814,123.93555524278185,16.285873532077392,123.42487799453647,12.843223628479956,80.86736928742663,74.16439143106794,0.6381454078690487,0.5225307922040942,113.85877434991684,142.7243472044688,-4.323204224431805,-0.22976459941717303,1.3647698240431225
2025-01-03 22:00:00,EQ_005,78.76670810552267,0.4419946758629957,130.8876965421667,0,22,4,0,78.72608081864804,2.161888439273775,75.1021701880264,6.0891001368726325,0.49617363072797344,0.1240945693776707,0.5124954319979594,0.09112407014287192,119.99000502201447,9.462315230399689,126.6667544292242,12.10822080251892,76.54416506299482,80.86736928742663,0.4083808084518757,0.6381454078690487,115.22354417395997,113.85877434991684,2.222543042527846,0.03361386741111999,15.664152368206743
2025-01-03 22:05:00,EQ_005,76.90579192441389,0.5239404500535377,116.23699275075003,0,22,4,0,77.40555503097713,1.1925798782404127,77.44968516228519,2.5161506123967206,0.4581053114561364,0.0594404923111131,0.5069984268883104,0.08899261128744274,120.78274448895888,8.765803528637411,123.78627100425247,12.62881682479205,78.76670810552267,76.54416506299482,0.4419946758629957,0.4083808084518757,130.8876965421667,115.22354417395997,-1.8609161811087773,0.08194577419054205,-14.650703791416674
2025-01-03 22:20:00,EQ_005,74.30772008008113,0.5075955267916087,136.95722877810866,0,22,4,0,76.66007337000589,2.2396264775054564,77.47835089208783,2.4697538680072073,0.4911768842360475,0.043369993595196214,0.5040113738058133,0.08859067273200211,128.0273060236751,10.652155683056346,122.63284731898042,10.560770865606498,76.90579192441389,78.76670810552267,0.5239404500535377,0.4419946758629957,116.23699275075003,130.8876965421667,-2.5980718443327646,-0.016344923261929045,20.720236027358624
2025-01-03 22:25:00,EQ_005,68.87850881855317,0.5742682418359722,138.97288694773113,0,22,4,0,73.36400694101606,4.096005906006861,75.08057879831314,3.811955522153722,0.5352680728937063,0.03474980593116377,0.491235940599198,0.06618394654990242,130.72236949219658,12.58512312098779,127.65566983854328,11.291460638364347,74.30772008008113,76.90579192441389,0.5075955267916087,0.5239404500535377,136.95722877810866,116.23699275075003,-5.4292112615279535,0.06667271504436356,2.015658169622469
2025-01-03 22:55:00,EQ_005,76.9733576491149,0.5037937835447602,121.31927966771956,0,22,4,0,73.38652884924973,4.125298699516556,75.16641731553716,3.8577099871618965,0.5285525173907805,0.03963658548727773,0.5103185356177748,0.04741639604810084,132.4164651311864,9.663144590252474,128.8748169372952,9.850746507319508,68.87850881855317,74.30772008008113,0.5742682418359722,0.5075955267916087,138.97288694773113,136.95722877810866,8.09484883056173,-0.07047445829121202,-17.65360728001157
2025-01-04 00:05:00,EQ_005,73.13583423954117,0.6719377906207297,93.96862912172702,0,0,5,1,72.99590023573641,4.049238266819842,74.04024254234085,3.3296971009891347,0.5833332720004875,0.0844377454566587,0.5563071585693218,0.0704824890092976,118.08693191239253,22.675578484922724,121.49100345320728,18.23414093588513,76.9733576491149,68.87850881855317,0.5037937835447602,0.5742682418359722,121.31927966771956,138.97288694773113,-3.837523409573734,0.16814400707596944,-27.350650545992536
2025-01-04 00:15:00,EQ_005,73.00181907192699,0.4233343412216652,119.3581583871118,0,0,5,1,74.37033698686103,2.2552776863124686,73.25944797184347,2.922596464342858,0.5330219717957184,0.1268528044806396,0.5361859368029471,0.09284526581112314,111.54868905885276,15.256322614379178,122.11523658047963,18.061918830147857,73.13583423954117,76.9733576491149,0.6719377906207297,0.5037937835447602,93.96862912172702,121.31927966771956,-0.1340151676141801,-0.24860344939906448,25.38952926538478
2025-01-04 01:10:00,EQ_005,82.71054976283938,0.3743493105720743,125.11499575361862,0,1,5,1,76.28273435810252,5.567054712711,74.94001390839512,5.202624858879577,0.4898738141381565,0.15956300309414037,0.5095366935590403,0.11864205067340446,112.81392775415243,16.572394351000643,119.74678997558162,16.321747558154456,73.00181907192699,73.13583423954117,0.4233343412216652,0.6719377906207297,119.3581583871118,93.96862912172702,9.70873069091239,-0.048985030649590866,5.756837366506815
2025-01-04 01:25:00,EQ_005,81.04183115296571,0.4720239831504165,119.51911492669228,0,1,5,1,78.91806666257736,5.191112078846151,77.37267837527763,4.448883831331289,0.42323587831471876,0.0488374107322429,0.4890878418219292,0.11339091361855615,121.33075635580754,3.278235442561818,115.85603557137385,12.453081500020003,82.71054976283938,73.00181907192699,0.3743493105720743,0.4233343412216652,125.11499575361862,119.3581583871118,-1.6687186098736646,0.09767467257834217,-5.595880826926333
2025-01-04 01:55:00,EQ_005,74.98312771294523,0.4387763265492249,120.51197901881083,0,1,5,1,79.57850287625011,4.066234144558648,76.9746323880437,4.580626640113461,0.4283832067572386,0.04965982400371236,0.47608435042282216,0.11499948594368851,121.71536323304055,2.9857278396706532,115.69457544159211,12.369492530480901,81.04183115296571,82.71054976283938,0.4720239831504165,0.3743493105720743,119.51911492669228,125.11499575361862,-6.05870344002048,-0.03324765660119161,0.9928640921185519
2025-01-04 02:15:00,EQ_005,79.77652604285255,0.6244679580736787,119.38996028144616,0,2,5,1,78.60049496958783,3.195975384369015,78.30277074870597,4.1298620124366,0.5117560892577734,0.09901679502159282,0.4665903839134119,0.09501049290863806,119.80701807564974,0.6139199289284357,120.77884167353594,2.4702070703200065,74.98312771294523,81.04183115296571,0.4387763265492249,0.4720239831504165,120.51197901881083,119.51911492669228,4.793398329907319,0.18569163152445384,-1.1220187373646695
2025-01-04 02:35:00,EQ_005,74.03170270360141,0.5547264797377967,111.23226218788156,0,2,5,1,76.2637854864664,3.0790927315464383,78.50874747504085,3.812900551892116,0.5393235881202335,0.09379915941622394,0.49286881161663826,0.09817342104156285,117.0447338293795,5.064913765224921,119.1536624336899,5.008005914246066,79.77652604285255,74.98312771294523,0.6244679580736787,0.4387763265492249,119.38996028144616,120.51197901881083,-5.744823339251141,-0.06974147833588207,-8.157698093564605
2025-01-04 03:10:00,EQ_005,69.87906587835397,0.4770200369424806,132.7951866976016,0,3,5,1,74.56243154160263,4.970028596655623,75.94245069814379,4.5287887103882785,0.5520714915846521,0.07375980669069031,0.5134029568907195,0.07524649213775741,121.13913638897641,10.887361532728603,120.6897006224865,7.731059365521757,74.03170270360141,79.77652604285255,0.5547264797377967,0.6244679580736787,111.23226218788156,119.38996028144616,-4.152636825247441,-0.07770644279531608,21.562924509720034
2025-01-04 03:30:00,EQ_005,73.86757950575084,0.5367481665474304,110.34335196476792,0,3,5,1,72.59278269590207,2.351579964704986,74.50760036870079,3.537200193509327,0.5228315610759026,0.040679561746202256,0.5263477935701223,0.0718384884288767,118.12360028341699,12.713737698955988,118.85454803010161,9.05420965824845,69.87906587835397,74.03170270360141,0.4770200369424806,0.5547264797377967,132.7951866976016,111.23226218788156,3.9885136273968698,0.05972812960494983,-22.451834732833674
2025-01-04 04:15:00,EQ_005,66.15780317218574,0.4073618870018461,138.57702343537733,0,4,5,1,69.96814951876352,3.8556600861127657,72.74253546054891,5.098108893347343,0.47371003016391905,0.06475661697709129,0.5200649056606466,0.08205879660683955,127.23852069924892,14.91450481714067,122.46755691341491,12.736508968482568,73.86757950575084,69.87906587835397,0.5367481665474304,0.4770200369424806,110.34335196476792,132.7951866976016,-7.709776333565102,-0.1293862795455843,28.23367147060941
2025-01-04 04:30:00,EQ_005,72.66981749065879,0.4582633186394915,140.9584350180916,0,4,5,1,70.89840005619845,4.14892788244554,71.32119375011015,3.3312933019981905,0.4674577907295894,0.06518133223112131,0.486823977773809,0.05985237416664455,129.95960347274558,17.02984946204014,126.78125186074399,14.901978009452245,66.15780317218574,73.86757950575084,0.4073618870018461,0.5367481665474304,138.57702343537733,110.34335196476792,6.5120143184730495,0.05090143163764538,2.3814115827142643
2025-01-04 04:45:00,EQ_005,72.33649580169045,0.5918454443942414,111.8759765106258,0,4,5,1,70.38803882151166,3.6672804738261475,70.98215236972796,3.0618333738416186,0.48582355001185973,0.09527969616876529,0.49424777070509796,0.07154093573654184,130.47047832136488,16.14727232301963,126.90999472529283,14.735917634872544,72.66981749065879,66.15780317218574,0.4582633186394915,0.4073618870018461,140.9584350180916,138.57702343537733,-0.3333216889683399,0.13358212575474987,-29.082458507465788
2025-01-04 04:50:00,EQ_005,69.15041582144856,0.3754282623553615,119.50970659161965,0,4,5,1,71.38557637126593,1.9428671724233795,70.83642235834687,3.1437066987255027,0.47517900846303157,0.10919571691264802,0.4739294157876741,0.08976291684956197,124.11470604011231,15.078191640580824,124.25289870409647,14.606651376583185,72.33649580169045,72.66981749065879,0.5918454443942414,0.4582633186394915,111.8759765106258,140.9584350180916,-3.1860799802418853,-0.21641718203887989,7.633730080993843
2025-01-04 04:55:00,EQ_005,60.63868893359175,0.5054934110999849,118.39639918955169,0,4,5,1,67.37520018557693,6.0475792095861465,68.19064424391505,4.983390197107857,0.4909223726165293,0.10894189066781085,0.4676784646981851,0.08527051567043674,116.59402743059901,4.123695758112152,125.86350814905322,13.050573166508213,69.15041582144856,72.33649580169045,0.3754282623553615,0.5918454443942414,119.50970659161965,111.8759765106258,-8.51172688785681,0.13006514874462344,-1.11330740206796
2025-01-04 05:25:00,EQ_005,77.34387128037511,0.5432959825360696,123.13132140013155,0,5,5,1,69.04432534513847,8.353096473864957,70.42785786555294,6.204035175601187,0.4747392186638055,0.08805826556302589,0.49486528380502975,0.08286818925865279,120.34580906043426,2.4757165808772243,122.77436774200405,10.94745713762564,60.63868893359175,69.15041582144856,0.5054934110999849,0.3754282623553615,118.39639918955169,119.50970659161965,16.70518234678336,0.037802571436084675,4.734922210579867
2025-01-04 05:50:00,EQ_005,74.49922961760024,0.3414016687762041,114.68545448640783,0,5,5,1,70.82726327718903,8.93746507202444,70.79374029094122,6.419512151969015,0.4633970208040863,0.10732850524953903,0.4714929538323722,0.10833812279850295,118.73772502536366,4.23326640736553,117.5197716356673,4.36186843199779,77.34387128037511,60.63868893359175,0.5432959825360696,0.5054934110999849,123.13132140013155,118.39639918955169,-2.844641662774876,-0.2018943137598655,-8.44586691372372
2025-01-04 06:25:00,EQ_005,70.98410524659828,0.5003375506597161,121.23078201656182,0,6,5,1,74.27573538152454,3.185768079485039,70.5232621799228,6.366531577020686,0.46167840065733,0.10635424717105613,0.4531913750854672,0.08891167705166096,119.68251930103371,4.430689004918481,119.39073273685452,3.1827771794112003,74.49922961760024,77.34387128037511,0.3414016687762041,0.5432959825360696,114.68545448640783,123.13132140013155,-3.51512437100196,0.158935881883512,6.545327530153983
2025-01-04 07:00:00,EQ_005,78.68421948546217,0.4104653677636976,129.58385819842042,0,7,5,1,74.72251811655356,3.854910263315254,72.4300229127255,7.222685301237962,0.4174015290665394,0.07969464466158839,0.46019879616713444,0.08239240789305351,121.83336490046334,7.467458596504371,121.40556305821465,5.570193624840789,70.98410524659828,74.49922961760024,0.5003375506597161,0.3414016687762041,121.23078201656182,114.68545448640783,7.70011423886389,-0.0898721828960185,8.353076181858597
2025-01-04 07:25:00,EQ_005,72.35473661326853,0.4765379430042586,129.04017554761313,0,7,5,1,74.00768711510966,4.107569091816032,74.77323244866086,3.2475255278364026,0.4624469538092242,0.04656360485395097,0.4544077025479892,0.07937524372337797,126.6182719208651,4.673615656846973,123.53431832982695,6.137639483457697,78.68421948546217,70.98410524659828,0.4104653677636976,0.5003375506597161,129.58385819842042,121.23078201656182,-6.329482872193637,0.06607257524056104,-0.5436826508072841
2025-01-04 07:40:00,EQ_005,76.46778966083315,0.4700323351993213,123.20785725932684,0,7,5,1,75.83558191985462,3.2117523765327753,74.59801612475246,3.0941688931433746,0.45234521532242594,0.03641458439807825,0.43975497308063954,0.06417010146208209,127.27729700178678,3.5347068576236897,123.54962550166599,6.136478478599413,72.35473661326853,78.68421948546217,0.4765379430042586,0.4104653677636976,129.04017554761313,129.58385819842042,4.11305304756462,-0.006505607804937308,-5.832318288286288
2025-01-04 07:45:00,EQ_005,68.21709097688297,0.4949795382958255,121.94051943605874,0,7,5,1,72.34653908366154,4.125355450498105,73.34158839660901,4.216305205558044,0.48051660549980196,0.012940751602002124,0.47047054698456386,0.03581324971635461,124.72951741433288,3.7865375273570665,125.00063849159619,4.003560088569796,76.46778966083315,72.35473661326853,0.4700323351993213,0.4765379430042586,123.20785725932684,129.04017554761313,-8.250698683950176,0.024947203096504222,-1.2673378232681074
2025-01-04 08:15:00,EQ_005,70.9487378149281,0.6758620484195134,109.33765068100774,0,8,5,1,71.87787281754807,4.203091253251109,73.33451491027499,4.221275733658161,0.5469579739715534,0.11232891899483619,0.5055754465365233,0.10032723522477502,118.16200912546441,7.66834485118944,122.62201222448536,8.169180317670968,68.21709097688297,76.46778966083315,0.4949795382958255,0.4700323351993213,121.94051943605874,123.20785725932684,2.7316468380451226,0.18088251012368783,-12.602868755050991
2025-01-04 08:35:00,EQ_005,75.30839924923986,0.6223568882418627,107.77104980444436,0,8,5,1,71.49140934701698,3.5766650034921614,72.65935086303051,3.3269476689098694,0.597732824985734,0.09292135914628472,0.5479537506321563,0.09470294512828528,113.01640664050359,7.768101535604263,118.25945054569016,9.27181335662962,70.9487378149281,68.21709097688297,0.6758620484195134,0.4949795382958255,109.33765068100774,121.94051943605874,4.359661434311761,-0.05350516017765061,-1.5666008765633848
2025-01-04 08:45:00,EQ_005,78.46552803631572,0.4374322712503787,107.06492374795904,0,8,5,1,74.90755503349456,3.774392781900225,73.88150914763996,4.195976415862057,0.5785504026372518,0.12510573846151515,0.5401326162813803,0.10329995205324567,108.05787474447034,1.1631953136595077,113.86440018575937,8.005890831242542,75.30839924923986,70.9487378149281,0.6223568882418627,0.6758620484195134,107.77104980444436,109.33765068100774,3.1571287870758624,-0.18492461699148405,-0.7061260564853171
2025-01-04 08:55:00,EQ_005,73.16486080458338,0.4797019362604343,110.81873016583424,0,8,5,1,75.64626269671298,2.6664362091085136,73.22092337639,3.939154175666254,0.5131636985842253,0.09689708791146535,0.5420665364936029,0.10173819073962034,108.55156790607919,1.9949115358725737,111.38657476706082,6.075668147702411,78.46552803631572,75.30839924923986,0.4374322712503787,0.6223568882418627,107.06492374795904,107.77104980444436,-5.300667231732334,0.04226966501005558,3.7538064178751966
2025-01-04 09:00:00,EQ_005,70.8620488967564,0.4199961435602353,132.3958400644156,0,9,5,1,74.16414591255183,3.898993690900923,73.74991496036469,3.2091483343484573,0.4457101170236828,0.030701587393405356,0.5270698575464848,0.11506751426260596,116.75983132606962,13.670637973589452,113.47763889273219,10.674686273306124,73.16486080458338,78.46552803631572,0.4797019362604343,0.4374322712503787,110.81873016583424,107.06492374795904,-2.302811907826978,-0.05970579270019899,21.57710989858137
2025-01-04 09:05:00,EQ_005,75.43071941523188,0.4936475425384645,116.0377032189824,0,9,5,1,73.15254303885722,2.284360166898472,74.64631128042545,2.8352870458605692,0.4644485407863781,0.03912328843513393,0.4906269563702751,0.0795293046607739,119.75075781641073,11.257575170811828,114.81764940032713,10.443083767415619,70.8620488967564,73.16486080458338,0.4199961435602353,0.4797019362604343,132.3958400644156,110.81873016583424,4.5686705184754715,0.0736513989782292,-16.358136845433208
2025-01-04 09:20:00,EQ_005,77.18279902078834,0.4957176618688425,143.03638752104789,0,9,5,1,74.4918557775922,3.263291165399596,75.02119123473514,3.059744483104161,0.4697871159891808,0.04313266801480795,0.46529911109567107,0.03451551390177106,130.48997693481527,13.599870374831786,121.87071694364784,15.281899429561628,75.43071941523188,70.8620488967564,0.4936475425384645,0.4199961435602353,116.0377032189824,132.3958400644156,1.7520796055564603,0.002070119330377984,26.998684302065485
2025-01-04 10:10:00,EQ_005,71.77017910437732,0.436463761117437,140.49812095785927,1,10,5,1,74.79456584679919,2.7618168135949266,73.68212144834747,2.607116683832671,0.4752763218415814,0.03362859647658023,0.46510540906908265,0.034713152560095835,133.19073723262983,14.909078817668796,128.55735638562788,14.477212557333727,77.18279902078834,75.43071941523188,0.4957176618688425,0.4936475425384645,143.03638752104789,116.0377032189824,-5.412619916411018,-0.059253900751405464,-2.538266563188614
2025-01-04 10:50:00,EQ_005,73.54094365542228,0.5651521991339505,120.34027411072232,0,10,5,1,74.16464059352931,2.7596851256686024,73.75733801851524,2.593854012177808,0.4991112073734101,0.06441130050776243,0.48219546164378596,0.05734972526927916,134.62492752987646,12.435802819499234,130.46166517460549,11.96963193720901,71.77017910437732,77.18279902078834,0.436463761117437,0.4957176618688425,140.49812095785927,143.03638752104789,1.7707645510449623,0.12868843801651353,-20.157846847136952
